{
	"best_train_main_metric": 20614.6171875,
	"best_valid_main_acc": 0.5111477971076965,
	"best_valid_main_smin_acc": 0.5625,
	"best_valid_main_pdelta": 0.5559415817260742,
	"best_train_main_random_metric": 17.801633834838867
}