{
	"best_train_main_metric": 1768.284423828125,
	"best_valid_main_acc": 0.7153846025466919,
	"best_valid_main_smin_acc": 0.6894586682319641,
	"best_valid_main_pdelta": 0.002758574904873967,
	"best_train_main_random_metric": 2416.062255859375
}