{
	"best_train_main_metric": 1144.5897216796875,
	"best_valid_main_acc": 0.7318681478500366,
	"best_valid_main_smin_acc": 0.6552706360816956,
	"best_valid_main_pdelta": 0.02858923375606537,
	"best_train_main_random_metric": 1142.4464111328125
}