{
	"best_train_main_metric": 0.1029936894774437,
	"best_valid_main_acc": 0.8538206219673157,
	"best_valid_main_smin_acc": 0.4833333194255829,
	"best_valid_main_pdelta": 0.08552319556474686,
	"best_train_main_random_metric": 11697.1650390625
}