{
	"best_train_main_metric": 562.2608032226562,
	"best_valid_main_acc": 0.8775510191917419,
	"best_valid_main_smin_acc": 0.3333333432674408,
	"best_valid_main_pdelta": 0.02773410826921463,
	"best_train_main_random_metric": 562.1270751953125
}