{
	"best_train_main_metric": 561.86376953125,
	"best_valid_main_acc": 0.8503401279449463,
	"best_valid_main_smin_acc": 0.1666666716337204,
	"best_valid_main_pdelta": 0.03156326711177826,
	"best_train_main_random_metric": 562.4892578125
}