{
	"best_train_main_metric": 13785.783203125,
	"best_valid_main_acc": 0.5495495200157166,
	"best_valid_main_smin_acc": 0.557939887046814,
	"best_valid_main_pdelta": 0.0576804019510746,
	"best_train_main_random_metric": 1.5907981395721436
}