{
	"best_train_main_metric": 4418.2041015625,
	"best_valid_main_acc": 0.6135531067848206,
	"best_valid_main_smin_acc": 0.5442655682563782,
	"best_valid_main_pdelta": 0.250572144985199,
	"best_train_main_random_metric": 9128.5673828125
}