{
	"best_train_main_metric": 4291.3955078125,
	"best_valid_main_acc": 0.6895604133605957,
	"best_valid_main_smin_acc": 0.6267605423927307,
	"best_valid_main_pdelta": 0.13980349898338318,
	"best_train_main_random_metric": 6400.9501953125
}