{
	"best_train_main_metric": 81.65771484375,
	"best_valid_main_acc": 0.692307710647583,
	"best_valid_main_smin_acc": 0.6687334179878235,
	"best_valid_main_pdelta": 0.4704742431640625,
	"best_train_main_random_metric": 35806.19921875
}