{
	"best_train_main_metric": 1951.2279052734375,
	"best_valid_main_acc": 0.6662396192550659,
	"best_valid_main_smin_acc": 0.5680345296859741,
	"best_valid_main_pdelta": 0.15760354697704315,
	"best_train_main_random_metric": 1975.618408203125
}