{
	"best_train_main_metric": 2631.829833984375,
	"best_valid_main_acc": 0.7309417128562927,
	"best_valid_main_smin_acc": 0.53995680809021,
	"best_valid_main_pdelta": 0.09559659659862518,
	"best_train_main_random_metric": 4121.57275390625
}