{
	"best_train_main_metric": 17375.416015625,
	"best_valid_main_acc": 0.4781818091869354,
	"best_valid_main_smin_acc": 0.6000000238418579,
	"best_valid_main_pdelta": 0.46250098943710327,
	"best_train_main_random_metric": 28.83203125
}