{
	"best_train_main_metric": 14.531651496887207,
	"best_valid_main_acc": 0.7527226209640503,
	"best_valid_main_smin_acc": 0.5717592835426331,
	"best_valid_main_pdelta": 0.4829398989677429,
	"best_train_main_random_metric": 31033.21484375
}