{
	"best_train_main_metric": 1.4471440315246582,
	"best_valid_main_acc": 0.807692289352417,
	"best_valid_main_smin_acc": 0.791814923286438,
	"best_valid_main_pdelta": 0.016352225095033646,
	"best_train_main_random_metric": 25209.455078125
}