{
	"best_train_main_metric": 28552.849609375,
	"best_valid_main_acc": 0.5233516693115234,
	"best_valid_main_smin_acc": 0.5350318551063538,
	"best_valid_main_pdelta": 0.5294793248176575,
	"best_train_main_random_metric": 127.27685546875
}