{
	"best_train_main_metric": 357.7178955078125,
	"best_valid_main_acc": 0.7788018584251404,
	"best_valid_main_smin_acc": 0.21875,
	"best_valid_main_pdelta": 0.33828872442245483,
	"best_train_main_random_metric": 583.2986450195312
}