{
	"best_train_main_metric": 481.0015563964844,
	"best_valid_main_acc": 0.5944700241088867,
	"best_valid_main_smin_acc": 1.0,
	"best_valid_main_pdelta": 0.03088798001408577,
	"best_train_main_random_metric": 579.308837890625
}