{
	"best_train_main_metric": 902.5429077148438,
	"best_valid_main_acc": 0.7362637519836426,
	"best_valid_main_smin_acc": 0.6970683932304382,
	"best_valid_main_pdelta": 0.011603155173361301,
	"best_train_main_random_metric": 902.4863891601562
}