{
	"best_train_main_metric": 1674.99462890625,
	"best_valid_main_acc": 0.7296703457832336,
	"best_valid_main_smin_acc": 0.5390070676803589,
	"best_valid_main_pdelta": 0.2525327503681183,
	"best_train_main_random_metric": 1702.1866455078125
}