{
	"best_train_main_metric": 3.368617534637451,
	"best_valid_main_acc": 0.8131868243217468,
	"best_valid_main_smin_acc": 0.8093645572662354,
	"best_valid_main_pdelta": 0.021327883005142212,
	"best_train_main_random_metric": 16012.068359375
}