{
	"best_train_main_metric": 3.378793716430664,
	"best_valid_main_acc": 0.8021978139877319,
	"best_valid_main_smin_acc": 0.8260869383811951,
	"best_valid_main_pdelta": 0.023842833936214447,
	"best_train_main_random_metric": 15878.568359375
}