{
	"best_train_main_metric": 856.5311889648438,
	"best_valid_main_acc": 0.7674418687820435,
	"best_valid_main_smin_acc": 0.5178571343421936,
	"best_valid_main_pdelta": 0.002659669378772378,
	"best_train_main_random_metric": 1791.532958984375
}