{
	"best_train_main_metric": 790.0071411132812,
	"best_valid_main_acc": 0.8222591280937195,
	"best_valid_main_smin_acc": 0.375,
	"best_valid_main_pdelta": 0.0518624521791935,
	"best_train_main_random_metric": 790.6141357421875
}