{
	"best_train_main_metric": 1388.073974609375,
	"best_valid_main_acc": 0.5672727227210999,
	"best_valid_main_smin_acc": 0.30718955397605896,
	"best_valid_main_pdelta": 0.1272021234035492,
	"best_train_main_random_metric": 1385.3316650390625
}