{
	"best_train_main_metric": 9501.6005859375,
	"best_valid_main_acc": 0.523809552192688,
	"best_valid_main_smin_acc": 0.4188034236431122,
	"best_valid_main_pdelta": 0.025259435176849365,
	"best_train_main_random_metric": 0.16768448054790497
}