{
	"best_train_main_metric": 0.012426130473613739,
	"best_valid_main_acc": 0.8588039875030518,
	"best_valid_main_smin_acc": 0.4642857015132904,
	"best_valid_main_pdelta": 0.10703804343938828,
	"best_train_main_random_metric": 14846.41796875
}