{
	"best_train_main_metric": 17791.75390625,
	"best_valid_main_acc": 0.5218181610107422,
	"best_valid_main_smin_acc": 0.6153846383094788,
	"best_valid_main_pdelta": 0.4940659701824188,
	"best_train_main_random_metric": 12.901519775390625
}