{
	"best_train_main_metric": 21155.41015625,
	"best_valid_main_acc": 0.4972727298736572,
	"best_valid_main_smin_acc": 0.8461538553237915,
	"best_valid_main_pdelta": 0.44179844856262207,
	"best_train_main_random_metric": 7.2626519203186035
}