{
	"best_train_main_metric": 673.6424560546875,
	"best_valid_main_acc": 0.778388261795044,
	"best_valid_main_smin_acc": 0.5398229956626892,
	"best_valid_main_pdelta": 0.024442149326205254,
	"best_train_main_random_metric": 673.3977661132812
}