{
	"best_train_main_metric": 613.1583251953125,
	"best_valid_main_acc": 0.7908902764320374,
	"best_valid_main_smin_acc": 0.5087719559669495,
	"best_valid_main_pdelta": 0.021407026797533035,
	"best_train_main_random_metric": 614.4021606445312
}