{
	"best_train_main_metric": 490.84014892578125,
	"best_valid_main_acc": 0.5622119903564453,
	"best_valid_main_smin_acc": 0.8684210777282715,
	"best_valid_main_pdelta": 0.027770454064011574,
	"best_train_main_random_metric": 572.5654907226562
}