{
	"best_train_main_metric": 1924.449462890625,
	"best_valid_main_acc": 0.7853013873100281,
	"best_valid_main_smin_acc": 0.4166666567325592,
	"best_valid_main_pdelta": 0.113609179854393,
	"best_train_main_random_metric": 3335.864013671875
}