{
	"best_train_main_metric": 661.1619873046875,
	"best_valid_main_acc": 0.7344322204589844,
	"best_valid_main_smin_acc": 0.4871794879436493,
	"best_valid_main_pdelta": 0.022023839876055717,
	"best_train_main_random_metric": 665.5498046875
}