{
	"best_train_main_metric": 503.5267028808594,
	"best_valid_main_acc": 0.599078357219696,
	"best_valid_main_smin_acc": 0.8235294222831726,
	"best_valid_main_pdelta": 0.006564453709870577,
	"best_train_main_random_metric": 558.888916015625
}