{
	"best_train_main_metric": 1.4108092784881592,
	"best_valid_main_acc": 0.8217967748641968,
	"best_valid_main_smin_acc": 0.5694444179534912,
	"best_valid_main_pdelta": 0.11182405799627304,
	"best_train_main_random_metric": 15359.1552734375
}