{
	"best_train_main_metric": 383.041015625,
	"best_valid_main_acc": 0.7788018584251404,
	"best_valid_main_smin_acc": 0.22499999403953552,
	"best_valid_main_pdelta": 0.30420565605163574,
	"best_train_main_random_metric": 588.3143310546875
}