{
	"best_train_main_metric": 375.457763671875,
	"best_valid_main_acc": 0.7972350120544434,
	"best_valid_main_smin_acc": 0.10000000149011612,
	"best_valid_main_pdelta": 0.3328724801540375,
	"best_train_main_random_metric": 606.411376953125
}