{
	"best_train_main_metric": 5132.9384765625,
	"best_valid_main_acc": 0.6762820482254028,
	"best_valid_main_smin_acc": 0.44627055525779724,
	"best_valid_main_pdelta": 0.002959810895845294,
	"best_train_main_random_metric": 5480.96875
}