{
	"best_train_main_metric": 2.7946834564208984,
	"best_valid_main_acc": 0.8203240036964417,
	"best_valid_main_smin_acc": 0.6052631735801697,
	"best_valid_main_pdelta": 0.12183178216218948,
	"best_train_main_random_metric": 14739.0419921875
}