{
	"best_train_main_metric": 64.66004943847656,
	"best_valid_main_acc": 0.6987179517745972,
	"best_valid_main_smin_acc": 0.6837763786315918,
	"best_valid_main_pdelta": 0.4838210344314575,
	"best_train_main_random_metric": 31833.3828125
}