{
	"best_train_main_metric": 4169.2138671875,
	"best_valid_main_acc": 0.6790292859077454,
	"best_valid_main_smin_acc": 0.5054704546928406,
	"best_valid_main_pdelta": 0.16727906465530396,
	"best_train_main_random_metric": 7003.626953125
}