{
	"best_train_main_metric": 3715.45751953125,
	"best_valid_main_acc": 0.6620879173278809,
	"best_valid_main_smin_acc": 0.5010941028594971,
	"best_valid_main_pdelta": 0.25426533818244934,
	"best_train_main_random_metric": 9376.619140625
}