{
	"best_train_main_metric": 845.3729858398438,
	"best_valid_main_acc": 0.7864506840705872,
	"best_valid_main_smin_acc": 0.5419847369194031,
	"best_valid_main_pdelta": 0.030760131776332855,
	"best_train_main_random_metric": 847.0799560546875
}