{
	"best_train_main_metric": 845.757568359375,
	"best_valid_main_acc": 0.7879233956336975,
	"best_valid_main_smin_acc": 0.5496183037757874,
	"best_valid_main_pdelta": 0.04315873235464096,
	"best_train_main_random_metric": 846.9221801757812
}