{
	"best_train_main_metric": 11292.8447265625,
	"best_valid_main_acc": 0.4790528118610382,
	"best_valid_main_smin_acc": 0.5,
	"best_valid_main_pdelta": 0.06235651299357414,
	"best_train_main_random_metric": 0.05264910310506821
}