{
	"best_train_main_metric": 0.013518364168703556,
	"best_valid_main_acc": 0.8621262311935425,
	"best_valid_main_smin_acc": 0.4464285671710968,
	"best_valid_main_pdelta": 0.11492124944925308,
	"best_train_main_random_metric": 14803.138671875
}