{
	"best_train_main_metric": 4299.39453125,
	"best_valid_main_acc": 0.7870879173278809,
	"best_valid_main_smin_acc": 0.34322819113731384,
	"best_valid_main_pdelta": 0.0,
	"best_train_main_random_metric": 5873.19921875
}