{
	"best_train_main_metric": 902.8182983398438,
	"best_valid_main_acc": 0.7280219793319702,
	"best_valid_main_smin_acc": 0.6677524447441101,
	"best_valid_main_pdelta": 0.013521933928132057,
	"best_train_main_random_metric": 901.7935791015625
}