{
	"best_train_main_metric": 13325.859375,
	"best_valid_main_acc": 0.4451827108860016,
	"best_valid_main_smin_acc": 0.5892857313156128,
	"best_valid_main_pdelta": 0.0428096242249012,
	"best_train_main_random_metric": 1.6059308052062988
}