{
	"best_train_main_metric": 29597.767578125,
	"best_valid_main_acc": 0.48956042528152466,
	"best_valid_main_smin_acc": 0.5020188689231873,
	"best_valid_main_pdelta": 0.4602741003036499,
	"best_train_main_random_metric": 29.34906768798828
}