{
	"best_train_main_metric": 2.899907112121582,
	"best_valid_main_acc": 0.8323699235916138,
	"best_valid_main_smin_acc": 0.4245283007621765,
	"best_valid_main_pdelta": 0.4400516152381897,
	"best_train_main_random_metric": 25343.259765625
}