{
	"best_train_main_metric": 28923.26953125,
	"best_valid_main_acc": 0.49380677938461304,
	"best_valid_main_smin_acc": 0.5347222089767456,
	"best_valid_main_pdelta": 0.4611213207244873,
	"best_train_main_random_metric": 14.271781921386719
}