{
	"best_train_main_metric": 17497.486328125,
	"best_valid_main_acc": 0.47362637519836426,
	"best_valid_main_smin_acc": 0.4786096215248108,
	"best_valid_main_pdelta": 0.06949559599161148,
	"best_train_main_random_metric": 2.9590256214141846
}