{
	"best_train_main_metric": 338.54443359375,
	"best_valid_main_acc": 0.8018433451652527,
	"best_valid_main_smin_acc": 0.1860465109348297,
	"best_valid_main_pdelta": 0.044516097754240036,
	"best_train_main_random_metric": 577.405517578125
}