{
	"best_train_main_metric": 4499.94775390625,
	"best_valid_main_acc": 0.5318681597709656,
	"best_valid_main_smin_acc": 0.5121621489524841,
	"best_valid_main_pdelta": 0.011990496888756752,
	"best_train_main_random_metric": 4433.8251953125
}