{
	"best_train_main_metric": 0.045335303992033005,
	"best_valid_main_acc": 0.9251700639724731,
	"best_valid_main_smin_acc": 0.1666666716337204,
	"best_valid_main_pdelta": 0.08867468684911728,
	"best_train_main_random_metric": 8737.4033203125
}