{
	"best_train_main_metric": 496.58953857421875,
	"best_valid_main_acc": 0.5760368704795837,
	"best_valid_main_smin_acc": 0.9189189076423645,
	"best_valid_main_pdelta": 0.04009229317307472,
	"best_train_main_random_metric": 559.781005859375
}