{
	"best_train_main_metric": 63.60374450683594,
	"best_valid_main_acc": 0.6849817037582397,
	"best_valid_main_smin_acc": 0.6737720370292664,
	"best_valid_main_pdelta": 0.49716097116470337,
	"best_train_main_random_metric": 31168.4140625
}