{
	"best_train_main_metric": 0.03152339905500412,
	"best_valid_main_acc": 0.8618181943893433,
	"best_valid_main_smin_acc": 0.1666666716337204,
	"best_valid_main_pdelta": 0.46940240263938904,
	"best_train_main_random_metric": 25165.013671875
}