{
	"best_train_main_metric": 467.3043518066406,
	"best_valid_main_acc": 0.6451612710952759,
	"best_valid_main_smin_acc": 0.6767676472663879,
	"best_valid_main_pdelta": 0.062247779220342636,
	"best_train_main_random_metric": 543.9190673828125
}