{
	"best_train_main_metric": 1082.2862548828125,
	"best_valid_main_acc": 0.7440000176429749,
	"best_valid_main_smin_acc": 0.7645687460899353,
	"best_valid_main_pdelta": 0.012305720709264278,
	"best_train_main_random_metric": 1081.6490478515625
}