{
	"best_train_main_metric": 14492.3740234375,
	"best_valid_main_acc": 0.5199485421180725,
	"best_valid_main_smin_acc": 0.5278970003128052,
	"best_valid_main_pdelta": 0.04254494234919548,
	"best_train_main_random_metric": 2.351214647293091
}