{
	"best_train_main_metric": 4396.37646484375,
	"best_valid_main_acc": 0.7193223237991333,
	"best_valid_main_smin_acc": 0.5414798259735107,
	"best_valid_main_pdelta": 0.08651892095804214,
	"best_train_main_random_metric": 7019.70947265625
}