{
	"best_train_main_metric": 4081.47900390625,
	"best_valid_main_acc": 0.6762820482254028,
	"best_valid_main_smin_acc": 0.5291479825973511,
	"best_valid_main_pdelta": 0.255184531211853,
	"best_train_main_random_metric": 10841.8447265625
}