{
	"best_train_main_metric": 673.9727172851562,
	"best_valid_main_acc": 0.7527472376823425,
	"best_valid_main_smin_acc": 0.48672565817832947,
	"best_valid_main_pdelta": 0.018968239426612854,
	"best_train_main_random_metric": 673.0767822265625
}