{
	"best_train_main_metric": 22.965469360351562,
	"best_valid_main_acc": 0.6836080551147461,
	"best_valid_main_smin_acc": 0.6669784784317017,
	"best_valid_main_pdelta": 0.4561777412891388,
	"best_train_main_random_metric": 46025.1640625
}