{
	"best_train_main_metric": 5416.48095703125,
	"best_valid_main_acc": 0.5050366520881653,
	"best_valid_main_smin_acc": 0.5067669153213501,
	"best_valid_main_pdelta": 8.419433150663735e-09,
	"best_train_main_random_metric": 5416.4814453125
}