{
	"best_train_main_metric": 4836.9453125,
	"best_valid_main_acc": 0.6863552927970886,
	"best_valid_main_smin_acc": 0.24661654233932495,
	"best_valid_main_pdelta": 0.0994965210556984,
	"best_train_main_random_metric": 5360.7783203125
}