{
	"best_train_main_metric": 1.4281787872314453,
	"best_valid_main_acc": 0.7989010810852051,
	"best_valid_main_smin_acc": 0.7977207899093628,
	"best_valid_main_pdelta": 0.020744595676660538,
	"best_train_main_random_metric": 20869.21875
}