{
	"best_train_main_metric": 4428.0537109375,
	"best_valid_main_acc": 0.6913919448852539,
	"best_valid_main_smin_acc": 0.6311066746711731,
	"best_valid_main_pdelta": 0.17512668669223785,
	"best_train_main_random_metric": 7719.83056640625
}