{
	"best_train_main_metric": 3750.6640625,
	"best_valid_main_acc": 0.653388261795044,
	"best_valid_main_smin_acc": 0.6221336126327515,
	"best_valid_main_pdelta": 0.23939208686351776,
	"best_train_main_random_metric": 9238.337890625
}