{
	"best_train_main_metric": 1045.677978515625,
	"best_valid_main_acc": 0.7192690968513489,
	"best_valid_main_smin_acc": 0.6428571343421936,
	"best_valid_main_pdelta": 0.0028576829936355352,
	"best_train_main_random_metric": 1722.3973388671875
}