{
	"best_train_main_metric": 790.0072021484375,
	"best_valid_main_acc": 0.8106312155723572,
	"best_valid_main_smin_acc": 0.5892857313156128,
	"best_valid_main_pdelta": 0.03838276490569115,
	"best_train_main_random_metric": 788.192626953125
}