{
	"best_train_main_metric": 10566.326171875,
	"best_valid_main_acc": 0.4899817705154419,
	"best_valid_main_smin_acc": 0.5,
	"best_valid_main_pdelta": 0.03534625098109245,
	"best_train_main_random_metric": 2.8685617446899414
}