{
	"best_train_main_metric": 10720.2587890625,
	"best_valid_main_acc": 0.5081967115402222,
	"best_valid_main_smin_acc": 0.5,
	"best_valid_main_pdelta": 0.05965922772884369,
	"best_train_main_random_metric": 2.9029500484466553
}