{
	"best_train_main_metric": 29640.71875,
	"best_valid_main_acc": 0.5221012234687805,
	"best_valid_main_smin_acc": 0.44285714626312256,
	"best_valid_main_pdelta": 0.45657670497894287,
	"best_train_main_random_metric": 31.25867462158203
}