{
	"best_train_main_metric": 1107.380615234375,
	"best_valid_main_acc": 0.7337142825126648,
	"best_valid_main_smin_acc": 0.7191780805587769,
	"best_valid_main_pdelta": 0.009091129526495934,
	"best_train_main_random_metric": 1107.8321533203125
}