{
	"best_train_main_metric": 11377.9599609375,
	"best_valid_main_acc": 0.4936247766017914,
	"best_valid_main_smin_acc": 0.375,
	"best_valid_main_pdelta": 0.07264617830514908,
	"best_train_main_random_metric": 0.04848942905664444
}