{
	"best_train_main_metric": 11164.087890625,
	"best_valid_main_acc": 0.471766859292984,
	"best_valid_main_smin_acc": 0.25,
	"best_valid_main_pdelta": 0.07197263836860657,
	"best_train_main_random_metric": 0.0528409481048584
}