{
	"best_train_main_metric": 953.9378051757812,
	"best_valid_main_acc": 0.7001286745071411,
	"best_valid_main_smin_acc": 0.6695278882980347,
	"best_valid_main_pdelta": 0.028022373095154762,
	"best_train_main_random_metric": 949.5978393554688
}