{
	"best_train_main_metric": 678.7413940429688,
	"best_valid_main_acc": 0.87613844871521,
	"best_valid_main_smin_acc": 0.25,
	"best_valid_main_pdelta": 0.09134621918201447,
	"best_train_main_random_metric": 682.3529052734375
}