{
	"best_train_main_metric": 1045.8671875,
	"best_valid_main_acc": 0.7613843083381653,
	"best_valid_main_smin_acc": 0.625,
	"best_valid_main_pdelta": 0.0017192235682159662,
	"best_train_main_random_metric": 1505.607421875
}