{
	"best_train_main_metric": 14993.8857421875,
	"best_valid_main_acc": 0.4890109896659851,
	"best_valid_main_smin_acc": 0.52173912525177,
	"best_valid_main_pdelta": 0.026616713032126427,
	"best_train_main_random_metric": 4.751781940460205
}