{
	"best_train_main_metric": 503.6661376953125,
	"best_valid_main_acc": 0.5944700241088867,
	"best_valid_main_smin_acc": 0.625,
	"best_valid_main_pdelta": 0.018145952373743057,
	"best_train_main_random_metric": 556.30029296875
}