{
	"best_train_main_metric": 1893.936279296875,
	"best_valid_main_acc": 0.6662396192550659,
	"best_valid_main_smin_acc": 0.5296703577041626,
	"best_valid_main_pdelta": 0.17876006662845612,
	"best_train_main_random_metric": 1910.923095703125
}