{
	"best_train_main_metric": 3708.162109375,
	"best_valid_main_acc": 0.711723268032074,
	"best_valid_main_smin_acc": 0.5054945349693298,
	"best_valid_main_pdelta": 0.011773732490837574,
	"best_train_main_random_metric": 3868.970947265625
}