{
	"best_train_main_metric": 948.3734741210938,
	"best_valid_main_acc": 0.6975547075271606,
	"best_valid_main_smin_acc": 0.6051502227783203,
	"best_valid_main_pdelta": 0.024334751069545746,
	"best_train_main_random_metric": 949.9219360351562
}