{
	"best_train_main_metric": 16781.201171875,
	"best_valid_main_acc": 0.47985348105430603,
	"best_valid_main_smin_acc": 0.46138995885849,
	"best_valid_main_pdelta": 0.06952697783708572,
	"best_train_main_random_metric": 19.98775291442871
}