{
	"best_train_main_metric": 17010.03125,
	"best_valid_main_acc": 0.4972527325153351,
	"best_valid_main_smin_acc": 0.49227797985076904,
	"best_valid_main_pdelta": 0.059120357036590576,
	"best_train_main_random_metric": 13.317153930664062
}