{
	"best_train_main_metric": 902.5664672851562,
	"best_valid_main_acc": 0.7554945349693298,
	"best_valid_main_smin_acc": 0.7035830616950989,
	"best_valid_main_pdelta": 0.012099815532565117,
	"best_train_main_random_metric": 902.2037963867188
}