{
	"best_train_main_metric": 1471.779541015625,
	"best_valid_main_acc": 0.7884615659713745,
	"best_valid_main_smin_acc": 0.7898423671722412,
	"best_valid_main_pdelta": 0.006601173896342516,
	"best_train_main_random_metric": 3835.156005859375
}