{
	"best_train_main_metric": 1324.14013671875,
	"best_valid_main_acc": 0.7271062135696411,
	"best_valid_main_smin_acc": 0.7197898626327515,
	"best_valid_main_pdelta": 0.025472372770309448,
	"best_train_main_random_metric": 1326.373779296875
}