{
	"best_train_main_metric": 0.014180781319737434,
	"best_valid_main_acc": 0.918367326259613,
	"best_valid_main_smin_acc": 0.0,
	"best_valid_main_pdelta": 0.09210857003927231,
	"best_train_main_random_metric": 9854.0458984375
}