{
	"best_train_main_metric": 0.012536616995930672,
	"best_valid_main_acc": 0.9160997867584229,
	"best_valid_main_smin_acc": 0.20000000298023224,
	"best_valid_main_pdelta": 0.07689134031534195,
	"best_train_main_random_metric": 9805.1162109375
}