{
	"best_train_main_metric": 4277.39697265625,
	"best_valid_main_acc": 0.7820512652397156,
	"best_train_main_random_metric": 5869.94091796875
}