{
	"best_train_main_metric": 22113.662109375,
	"best_valid_main_acc": 0.5028901696205139,
	"best_valid_main_smin_acc": 0.5,
	"best_valid_main_pdelta": 0.49023959040641785,
	"best_train_main_random_metric": 14.067020416259766
}