{
	"best_train_main_metric": 18421.228515625,
	"best_valid_main_acc": 0.5251858234405518,
	"best_valid_main_smin_acc": 0.4576271176338196,
	"best_valid_main_pdelta": 0.4975064992904663,
	"best_train_main_random_metric": 16.932327270507812
}