{
	"best_train_main_metric": 1054.329345703125,
	"best_valid_main_acc": 0.7292358875274658,
	"best_valid_main_smin_acc": 0.6200000047683716,
	"best_valid_main_pdelta": 0.004522453993558884,
	"best_train_main_random_metric": 1621.682861328125
}