{
	"best_train_main_metric": 746.44775390625,
	"best_valid_main_acc": 0.8172757625579834,
	"best_valid_main_smin_acc": 0.5199999809265137,
	"best_valid_main_pdelta": 0.03745347261428833,
	"best_train_main_random_metric": 746.6961059570312
}