{
	"best_train_main_metric": 1.4410831928253174,
	"best_valid_main_acc": 0.8129602074623108,
	"best_valid_main_smin_acc": 0.5277777910232544,
	"best_valid_main_pdelta": 0.12363980710506439,
	"best_train_main_random_metric": 15189.4990234375
}