{
	"best_train_main_metric": 1.4543662071228027,
	"best_valid_main_acc": 0.8321060538291931,
	"best_valid_main_smin_acc": 0.5763888955116272,
	"best_valid_main_pdelta": 0.11996500194072723,
	"best_train_main_random_metric": 15267.6787109375
}