{
	"best_train_main_metric": 22.012901306152344,
	"best_valid_main_acc": 0.7076923251152039,
	"best_valid_main_smin_acc": 0.6117478609085083,
	"best_valid_main_pdelta": 0.474848210811615,
	"best_train_main_random_metric": 34936.078125
}