{
	"best_train_main_metric": 866.4387817382812,
	"best_valid_main_acc": 0.7481590509414673,
	"best_valid_main_smin_acc": 0.5277777910232544,
	"best_valid_main_pdelta": 0.024679362773895264,
	"best_train_main_random_metric": 865.996826171875
}