{
	"best_train_main_metric": 2478.29736328125,
	"best_valid_main_acc": 0.9615384340286255,
	"best_train_main_random_metric": 6649.0859375
}