{
	"best_train_main_metric": 28912.15625,
	"best_valid_main_acc": 0.49358972907066345,
	"best_valid_main_smin_acc": 0.5332152247428894,
	"best_valid_main_pdelta": 0.41950151324272156,
	"best_train_main_random_metric": 229.6447296142578
}