{
	"best_train_main_metric": 2163.106689453125,
	"best_valid_main_acc": 0.4514285624027252,
	"best_valid_main_smin_acc": 0.43822842836380005,
	"best_valid_main_pdelta": 0.0006598804029636085,
	"best_train_main_random_metric": 2168.568603515625
}