{
	"best_train_main_metric": 1144.91259765625,
	"best_valid_main_acc": 0.7153846025466919,
	"best_valid_main_smin_acc": 0.6752136945724487,
	"best_valid_main_pdelta": 0.02433188073337078,
	"best_train_main_random_metric": 1142.2122802734375
}