{
	"best_train_main_metric": 979.8358764648438,
	"best_valid_main_acc": 0.7129986882209778,
	"best_valid_main_smin_acc": 0.5584415793418884,
	"best_valid_main_pdelta": 0.02303723432123661,
	"best_train_main_random_metric": 979.8297729492188
}