{
	"best_train_main_metric": 1128.163818359375,
	"best_valid_main_acc": 0.7626373767852783,
	"best_valid_main_smin_acc": 0.675595223903656,
	"best_valid_main_pdelta": 0.02344414032995701,
	"best_train_main_random_metric": 1127.404541015625
}