{
	"best_train_main_metric": 70.11570739746094,
	"best_valid_main_acc": 0.6799450516700745,
	"best_valid_main_smin_acc": 0.6590284109115601,
	"best_valid_main_pdelta": 0.47094643115997314,
	"best_train_main_random_metric": 35365.515625
}