{
	"best_train_main_metric": 5418.1669921875,
	"best_valid_main_acc": 0.4922161102294922,
	"best_valid_main_smin_acc": 0.4839506149291992,
	"best_valid_main_pdelta": 2.236606917449535e-07,
	"best_train_main_random_metric": 5418.42431640625
}