{
	"best_train_main_metric": 4726.291015625,
	"best_valid_main_acc": 0.5906593203544617,
	"best_valid_main_smin_acc": 0.47777777910232544,
	"best_valid_main_pdelta": 0.14942657947540283,
	"best_train_main_random_metric": 5229.90087890625
}