{
	"best_train_main_metric": 11443.0576171875,
	"best_valid_main_acc": 0.5384615659713745,
	"best_valid_main_smin_acc": 0.37168142199516296,
	"best_valid_main_pdelta": 0.02480529434978962,
	"best_train_main_random_metric": 1.4230260848999023
}