{
	"best_train_main_metric": 1950.1112060546875,
	"best_valid_main_acc": 0.5496476888656616,
	"best_valid_main_smin_acc": 0.46904024481773376,
	"best_valid_main_pdelta": 0.29706835746765137,
	"best_train_main_random_metric": 1961.3525390625
}