{
	"best_train_main_metric": 0.048365771770477295,
	"best_valid_main_acc": 0.9251700639724731,
	"best_valid_main_smin_acc": 0.4000000059604645,
	"best_valid_main_pdelta": 0.0874561220407486,
	"best_train_main_random_metric": 8777.81640625
}