{
	"best_train_main_metric": 0.054497260600328445,
	"best_valid_main_acc": 0.9319728016853333,
	"best_valid_main_smin_acc": 0.4000000059604645,
	"best_valid_main_pdelta": 0.09243512898683548,
	"best_train_main_random_metric": 8271.421875
}