{
	"best_train_main_metric": 686.3600463867188,
	"best_valid_main_acc": 0.9071038365364075,
	"best_valid_main_smin_acc": 0.1666666716337204,
	"best_valid_main_pdelta": 0.09831111878156662,
	"best_train_main_random_metric": 691.3873901367188
}