{
	"best_train_main_metric": 1978.8497314453125,
	"best_valid_main_acc": 0.5528507232666016,
	"best_valid_main_smin_acc": 0.47993311285972595,
	"best_valid_main_pdelta": 0.1335170567035675,
	"best_train_main_random_metric": 1971.194091796875
}