{
	"best_train_main_metric": 770.302001953125,
	"best_valid_main_acc": 0.70465487241745,
	"best_valid_main_smin_acc": 0.5745856165885925,
	"best_valid_main_pdelta": 0.013455735519528389,
	"best_train_main_random_metric": 768.1736450195312
}