{
	"best_train_main_metric": 691.5925903320312,
	"best_valid_main_acc": 0.7802197933197021,
	"best_valid_main_smin_acc": 0.4722222089767456,
	"best_valid_main_pdelta": 0.024548647925257683,
	"best_train_main_random_metric": 693.5317993164062
}