{
	"best_train_main_metric": 496.362060546875,
	"best_valid_main_acc": 0.599078357219696,
	"best_valid_main_smin_acc": 0.625,
	"best_valid_main_pdelta": 0.050074703991413116,
	"best_train_main_random_metric": 567.1679077148438
}