{
	"best_train_main_metric": 27530.751953125,
	"best_valid_main_acc": 0.47646573185920715,
	"best_valid_main_smin_acc": 0.5069444179534912,
	"best_valid_main_pdelta": 0.49387213587760925,
	"best_train_main_random_metric": 14.984036445617676
}