{
	"best_train_main_metric": 28332.220703125,
	"best_valid_main_acc": 0.4923076927661896,
	"best_valid_main_smin_acc": 0.4982078969478607,
	"best_valid_main_pdelta": 0.47937649488449097,
	"best_train_main_random_metric": 13.233671188354492
}