{
	"best_train_main_metric": 4299.0693359375,
	"best_valid_main_acc": 0.7870879173278809,
	"best_train_main_random_metric": 5873.2822265625
}