{
	"best_train_main_metric": 4042.9404296875,
	"best_valid_main_acc": 0.6822344064712524,
	"best_valid_main_smin_acc": 0.10652920603752136,
	"best_valid_main_pdelta": 0.29336291551589966,
	"best_train_main_random_metric": 8953.7294921875
}