{
	"best_train_main_metric": 4152.90869140625,
	"best_valid_main_acc": 0.7032967209815979,
	"best_valid_main_smin_acc": 0.06013745814561844,
	"best_valid_main_pdelta": 0.2692164182662964,
	"best_train_main_random_metric": 7378.15087890625
}