{
	"best_train_main_metric": 5404.88623046875,
	"best_valid_main_acc": 0.48855310678482056,
	"best_valid_main_smin_acc": 0.49129238724708557,
	"best_valid_main_pdelta": 0.0007841351325623691,
	"best_train_main_random_metric": 5418.41162109375
}