{
	"best_train_main_metric": 8334.9931640625,
	"best_valid_main_acc": 0.5736961364746094,
	"best_valid_main_smin_acc": 0.800000011920929,
	"best_valid_main_pdelta": 0.02136864885687828,
	"best_train_main_random_metric": 1.4481784105300903
}