{
	"best_train_main_metric": 985.0446166992188,
	"best_valid_main_acc": 0.7425997257232666,
	"best_valid_main_smin_acc": 0.6557376980781555,
	"best_valid_main_pdelta": 0.020124461501836777,
	"best_train_main_random_metric": 986.0672607421875
}