{
	"best_train_main_metric": 783.315185546875,
	"best_valid_main_acc": 0.8365508317947388,
	"best_valid_main_smin_acc": 0.7172130942344666,
	"best_valid_main_pdelta": 0.011884857900440693,
	"best_train_main_random_metric": 2922.932373046875
}