{
	"best_train_main_metric": 1.4261425733566284,
	"best_valid_main_acc": 0.9307832717895508,
	"best_valid_main_smin_acc": 0.1666666716337204,
	"best_valid_main_pdelta": 0.24263346195220947,
	"best_train_main_random_metric": 11057.9609375
}