{
	"best_train_main_metric": 37426.05078125,
	"best_valid_main_acc": 0.4939560294151306,
	"best_valid_main_smin_acc": 0.48753461241722107,
	"best_valid_main_pdelta": 0.5022878050804138,
	"best_train_main_random_metric": 27.532663345336914
}