{
	"best_train_main_metric": 1322.4622802734375,
	"best_valid_main_acc": 0.7289377450942993,
	"best_valid_main_smin_acc": 0.7320490479469299,
	"best_valid_main_pdelta": 0.021490665152668953,
	"best_train_main_random_metric": 1328.216064453125
}