{
	"best_train_main_metric": 4542.6865234375,
	"best_valid_main_acc": 0.6712453961372375,
	"best_valid_main_smin_acc": 0.6777978539466858,
	"best_valid_main_pdelta": 0.14689300954341888,
	"best_train_main_random_metric": 5465.72607421875
}