{
	"best_train_main_metric": 7.725204944610596,
	"best_valid_main_acc": 0.8447564244270325,
	"best_valid_main_smin_acc": 0.4406779706478119,
	"best_valid_main_pdelta": 0.5002081394195557,
	"best_train_main_random_metric": 27482.00390625
}