{
	"best_train_main_metric": 1375.6810302734375,
	"best_valid_main_acc": 0.732600748538971,
	"best_valid_main_smin_acc": 0.7437722682952881,
	"best_valid_main_pdelta": 0.01988360844552517,
	"best_train_main_random_metric": 1375.3857421875
}