{
	"best_train_main_metric": 1008.0093383789062,
	"best_valid_main_acc": 0.8250916004180908,
	"best_valid_main_smin_acc": 0.8220640420913696,
	"best_valid_main_pdelta": 0.010352343320846558,
	"best_train_main_random_metric": 4757.76953125
}