{
	"best_train_main_metric": 1.4550493955612183,
	"best_valid_main_acc": 0.7889317870140076,
	"best_valid_main_smin_acc": 0.6309012770652771,
	"best_valid_main_pdelta": 0.07679862529039383,
	"best_train_main_random_metric": 15865.88671875
}