{
	"best_train_main_metric": 16368.533203125,
	"best_valid_main_acc": 0.5018315315246582,
	"best_valid_main_smin_acc": 0.48841699957847595,
	"best_valid_main_pdelta": 0.050282157957553864,
	"best_train_main_random_metric": 30.712520599365234
}