{
	"best_train_main_metric": 18957.419921875,
	"best_valid_main_acc": 0.5109890103340149,
	"best_valid_main_smin_acc": 0.5038610100746155,
	"best_valid_main_pdelta": 0.04073367267847061,
	"best_train_main_random_metric": 6.022272109985352
}