{
	"best_train_main_metric": 4576.71484375,
	"best_valid_main_acc": 0.7275640964508057,
	"best_valid_main_smin_acc": 0.27014926075935364,
	"best_valid_main_pdelta": 0.0184415765106678,
	"best_train_main_random_metric": 6230.26513671875
}