{
	"best_train_main_metric": 1050.927490234375,
	"best_valid_main_acc": 0.6976743936538696,
	"best_valid_main_smin_acc": 0.5666666626930237,
	"best_valid_main_pdelta": 0.003098822897300124,
	"best_train_main_random_metric": 1590.1005859375
}