{
	"best_train_main_metric": 737.853271484375,
	"best_valid_main_acc": 0.7076411843299866,
	"best_valid_main_smin_acc": 0.550000011920929,
	"best_valid_main_pdelta": 0.03466138616204262,
	"best_train_main_random_metric": 740.7620849609375
}