{
	"best_train_main_metric": 1.4522873163223267,
	"best_valid_main_acc": 0.889090895652771,
	"best_valid_main_smin_acc": 0.1666666716337204,
	"best_valid_main_pdelta": 0.5044142007827759,
	"best_train_main_random_metric": 25447.103515625
}