{
	"best_train_main_metric": 1948.0555419921875,
	"best_valid_main_acc": 0.6431774497032166,
	"best_valid_main_smin_acc": 0.5300925970077515,
	"best_valid_main_pdelta": 0.17438441514968872,
	"best_train_main_random_metric": 1970.9552001953125
}