{
	"best_train_main_metric": 5417.19873046875,
	"best_valid_main_acc": 0.514194130897522,
	"best_valid_main_smin_acc": 0.5234656929969788,
	"best_valid_main_pdelta": 2.180617912017624e-06,
	"best_train_main_random_metric": 5416.95703125
}