{
	"best_train_main_metric": 751.3406982421875,
	"best_valid_main_acc": 0.7014446258544922,
	"best_valid_main_smin_acc": 0.6574585437774658,
	"best_valid_main_pdelta": 0.015223417431116104,
	"best_train_main_random_metric": 750.1212158203125
}