{
	"best_train_main_metric": 4794.45849609375,
	"best_valid_main_acc": 0.6240842342376709,
	"best_valid_main_smin_acc": 0.394422322511673,
	"best_valid_main_pdelta": 0.14373566210269928,
	"best_train_main_random_metric": 5313.3193359375
}