{
	"best_train_main_metric": 5416.4951171875,
	"best_valid_main_acc": 0.5050366520881653,
	"best_valid_main_smin_acc": 0.49933600425720215,
	"best_valid_main_pdelta": 5.998916094540618e-06,
	"best_train_main_random_metric": 5416.4892578125
}