{
	"best_train_main_metric": 24385.0,
	"best_valid_main_acc": 0.5156950950622559,
	"best_valid_main_smin_acc": 0.4615384638309479,
	"best_valid_main_pdelta": 0.43941476941108704,
	"best_train_main_random_metric": 30.89131736755371
}