{
	"best_train_main_metric": 21785.783203125,
	"best_valid_main_acc": 0.49775785207748413,
	"best_valid_main_smin_acc": 0.4813186824321747,
	"best_valid_main_pdelta": 0.4547920525074005,
	"best_train_main_random_metric": 66.05536651611328
}