{
	"best_train_main_metric": 4640.35302734375,
	"best_valid_main_acc": 0.6336996555328369,
	"best_valid_main_smin_acc": 0.6101382374763489,
	"best_valid_main_pdelta": 0.13301075994968414,
	"best_train_main_random_metric": 5260.62060546875
}