{
	"best_train_main_metric": 1938.9603271484375,
	"best_valid_main_acc": 0.696989119052887,
	"best_valid_main_smin_acc": 0.5462962985038757,
	"best_valid_main_pdelta": 0.2465055137872696,
	"best_train_main_random_metric": 1982.870849609375
}