{
	"best_train_main_metric": 705.978271484375,
	"best_valid_main_acc": 0.8633880019187927,
	"best_valid_main_smin_acc": 0.4000000059604645,
	"best_valid_main_pdelta": 0.049951620399951935,
	"best_train_main_random_metric": 706.4153442382812
}