{
	"best_train_main_metric": 742.808349609375,
	"best_valid_main_acc": 0.7777777910232544,
	"best_valid_main_smin_acc": 0.6000000238418579,
	"best_valid_main_pdelta": 0.0024251819122582674,
	"best_train_main_random_metric": 1671.566162109375
}