{
	"best_train_main_metric": 4570.666015625,
	"best_valid_main_acc": 0.6524725556373596,
	"best_valid_main_smin_acc": 0.5078475475311279,
	"best_valid_main_pdelta": 0.1674814522266388,
	"best_train_main_random_metric": 5413.80615234375
}