{
	"best_train_main_metric": 489.4222412109375,
	"best_valid_main_acc": 0.5115207433700562,
	"best_valid_main_smin_acc": 0.4270833432674408,
	"best_valid_main_pdelta": 0.07905858755111694,
	"best_train_main_random_metric": 546.9927978515625
}