{
	"best_train_main_metric": 515.326904296875,
	"best_valid_main_acc": 0.5714285969734192,
	"best_valid_main_smin_acc": 0.6000000238418579,
	"best_valid_main_pdelta": 0.03713933005928993,
	"best_train_main_random_metric": 557.370361328125
}