{
	"best_train_main_metric": 1.4276697635650635,
	"best_valid_main_acc": 0.8787375688552856,
	"best_valid_main_smin_acc": 0.3400000035762787,
	"best_valid_main_pdelta": 0.1629035323858261,
	"best_train_main_random_metric": 12318.0478515625
}