{
	"best_train_main_metric": 23235.587890625,
	"best_valid_main_acc": 0.4642857015132904,
	"best_valid_main_smin_acc": 0.4448336362838745,
	"best_valid_main_pdelta": 0.06508360803127289,
	"best_train_main_random_metric": 5.766753196716309
}