{
	"best_train_main_metric": 619.1277465820312,
	"best_valid_main_acc": 0.8260869383811951,
	"best_valid_main_smin_acc": 0.4385964870452881,
	"best_valid_main_pdelta": 0.014147674664855003,
	"best_train_main_random_metric": 607.4154663085938
}