{
	"best_train_main_metric": 9591.04296875,
	"best_valid_main_acc": 0.5209471583366394,
	"best_valid_main_smin_acc": 1.0,
	"best_valid_main_pdelta": 0.03597661480307579,
	"best_train_main_random_metric": 3.302903175354004
}