{
	"best_train_main_metric": 9816.2080078125,
	"best_valid_main_acc": 0.49180328845977783,
	"best_valid_main_smin_acc": 1.0,
	"best_valid_main_pdelta": 0.04201594367623329,
	"best_train_main_random_metric": 3.0970263481140137
}