{
	"best_train_main_metric": 12667.5751953125,
	"best_valid_main_acc": 0.5265780687332153,
	"best_valid_main_smin_acc": 0.5400000214576721,
	"best_valid_main_pdelta": 0.040223363786935806,
	"best_train_main_random_metric": 1.4545540809631348
}