{
	"best_train_main_metric": 12239.4560546875,
	"best_valid_main_acc": 0.5166112780570984,
	"best_valid_main_smin_acc": 0.41999998688697815,
	"best_valid_main_pdelta": 0.03529442101716995,
	"best_train_main_random_metric": 1.4424487352371216
}