{
	"best_train_main_metric": 22881.376953125,
	"best_valid_main_acc": 0.5136363506317139,
	"best_valid_main_smin_acc": 0.4545454680919647,
	"best_valid_main_pdelta": 0.49443963170051575,
	"best_train_main_random_metric": 9.098533630371094
}