{
	"best_train_main_metric": 8467.8212890625,
	"best_valid_main_acc": 0.47204968333244324,
	"best_valid_main_smin_acc": 0.5789473652839661,
	"best_valid_main_pdelta": 0.03944488242268562,
	"best_train_main_random_metric": 1.7807780504226685
}