{
	"best_train_main_metric": 1.479805827140808,
	"best_valid_main_acc": 0.9489981532096863,
	"best_valid_main_smin_acc": 0.20000000298023224,
	"best_valid_main_pdelta": 0.20864544808864594,
	"best_train_main_random_metric": 11605.4638671875
}