{
	"best_train_main_metric": 10703.916015625,
	"best_valid_main_acc": 0.5384615659713745,
	"best_valid_main_smin_acc": 0.4336283206939697,
	"best_valid_main_pdelta": 0.026468463242053986,
	"best_train_main_random_metric": 1.4424915313720703
}