{
	"best_train_main_metric": 12366.5595703125,
	"best_valid_main_acc": 0.5377206802368164,
	"best_valid_main_smin_acc": 0.5230769515037537,
	"best_valid_main_pdelta": 0.03440002351999283,
	"best_train_main_random_metric": 0.055236224085092545
}