{
	"best_train_main_metric": 0.02625943161547184,
	"best_valid_main_acc": 0.803296685218811,
	"best_valid_main_smin_acc": 0.7708333134651184,
	"best_valid_main_pdelta": 0.05732109770178795,
	"best_train_main_random_metric": 20162.251953125
}