{
	"best_train_main_metric": 0.06426876038312912,
	"best_valid_main_acc": 0.7824175953865051,
	"best_valid_main_smin_acc": 0.7172619104385376,
	"best_valid_main_pdelta": 0.058387622237205505,
	"best_train_main_random_metric": 18941.28125
}