{
	"best_train_main_metric": 768.189208984375,
	"best_valid_main_acc": 0.6886035203933716,
	"best_valid_main_smin_acc": 0.5690608024597168,
	"best_valid_main_pdelta": 0.015502797439694405,
	"best_train_main_random_metric": 770.4505615234375
}