{
	"best_train_main_metric": 691.9837646484375,
	"best_valid_main_acc": 0.7399267554283142,
	"best_valid_main_smin_acc": 0.5,
	"best_valid_main_pdelta": 0.024215122684836388,
	"best_train_main_random_metric": 692.8071899414062
}