{
	"best_train_main_metric": 4732.82373046875,
	"best_valid_main_acc": 0.6730769276618958,
	"best_valid_main_smin_acc": 0.17182131111621857,
	"best_valid_main_pdelta": 0.140324667096138,
	"best_train_main_random_metric": 5308.3740234375
}