{
	"best_train_main_metric": 23534.1328125,
	"best_valid_main_acc": 0.4706853926181793,
	"best_valid_main_smin_acc": 0.4433962404727936,
	"best_valid_main_pdelta": 0.46274757385253906,
	"best_train_main_random_metric": 19.077123641967773
}