{
	"best_train_main_metric": 23.841556549072266,
	"best_valid_main_acc": 0.7450352311134338,
	"best_valid_main_smin_acc": 0.5982721447944641,
	"best_valid_main_pdelta": 0.4386192560195923,
	"best_train_main_random_metric": 23326.66796875
}