{
	"best_train_main_metric": 27892.5,
	"best_valid_main_acc": 0.46407926082611084,
	"best_valid_main_smin_acc": 0.5416666865348816,
	"best_valid_main_pdelta": 0.4868497848510742,
	"best_train_main_random_metric": 14.191055297851562
}