{
	"best_train_main_metric": 2534.03466796875,
	"best_valid_main_acc": 0.9551281929016113,
	"best_train_main_random_metric": 6627.7197265625
}