{
	"best_train_main_metric": 4691.66455078125,
	"best_valid_main_acc": 0.6744505763053894,
	"best_valid_main_smin_acc": 0.35403725504875183,
	"best_valid_main_pdelta": 0.11357670277357101,
	"best_train_main_random_metric": 5453.55029296875
}