{
	"best_train_main_metric": 11210.6357421875,
	"best_valid_main_acc": 0.5315614342689514,
	"best_valid_main_smin_acc": 0.5400000214576721,
	"best_valid_main_pdelta": 0.07395227253437042,
	"best_train_main_random_metric": 0.0930384024977684
}