{
	"best_train_main_metric": 15671.0625,
	"best_valid_main_acc": 0.4977908730506897,
	"best_valid_main_smin_acc": 0.4652777910232544,
	"best_valid_main_pdelta": 0.046088188886642456,
	"best_train_main_random_metric": 2.845224618911743
}