{
	"best_train_main_metric": 844.0011596679688,
	"best_valid_main_acc": 0.7393225431442261,
	"best_valid_main_smin_acc": 0.6183205842971802,
	"best_valid_main_pdelta": 0.027707379311323166,
	"best_train_main_random_metric": 846.9498291015625
}