{
	"best_train_main_metric": 697.7642211914062,
	"best_valid_main_acc": 0.8085419535636902,
	"best_valid_main_smin_acc": 0.6793892979621887,
	"best_valid_main_pdelta": 0.03429675102233887,
	"best_train_main_random_metric": 2898.750244140625
}