{
	"best_train_main_metric": 12.265612602233887,
	"best_valid_main_acc": 0.7463164925575256,
	"best_valid_main_smin_acc": 0.559183657169342,
	"best_valid_main_pdelta": 0.4630362093448639,
	"best_train_main_random_metric": 35046.5546875
}