{
	"best_train_main_metric": 1326.5457763671875,
	"best_valid_main_acc": 0.6593406796455383,
	"best_valid_main_smin_acc": 0.6497372984886169,
	"best_valid_main_pdelta": 0.01844407431781292,
	"best_train_main_random_metric": 1325.195556640625
}