{
	"best_train_main_metric": 5422.90869140625,
	"best_valid_main_acc": 0.5041208863258362,
	"best_valid_main_smin_acc": 0.49817517399787903,
	"best_valid_main_pdelta": 2.712237346713664e-06,
	"best_train_main_random_metric": 5422.42724609375
}