{
	"best_train_main_metric": 0.019605765119194984,
	"best_valid_main_acc": 0.936247706413269,
	"best_valid_main_smin_acc": 0.4000000059604645,
	"best_valid_main_pdelta": 0.12722837924957275,
	"best_train_main_random_metric": 12225.7724609375
}