{
	"best_train_main_metric": 18356.435546875,
	"best_valid_main_acc": 0.5545787811279297,
	"best_valid_main_smin_acc": 0.4680851101875305,
	"best_valid_main_pdelta": 0.4675782322883606,
	"best_train_main_random_metric": 61.737098693847656
}