{
	"best_train_main_metric": 46.82772445678711,
	"best_valid_main_acc": 0.7093406319618225,
	"best_valid_main_smin_acc": 0.5882353186607361,
	"best_valid_main_pdelta": 0.44324272871017456,
	"best_train_main_random_metric": 31134.09375
}