{
	"best_train_main_metric": 1978.2633056640625,
	"best_valid_main_acc": 0.6322869658470154,
	"best_valid_main_smin_acc": 0.5532407164573669,
	"best_valid_main_pdelta": 0.1996944546699524,
	"best_train_main_random_metric": 1971.4085693359375
}