{
	"best_train_main_metric": 5.107949733734131,
	"best_valid_main_acc": 0.8663636445999146,
	"best_valid_main_smin_acc": 0.2222222238779068,
	"best_valid_main_pdelta": 0.4621936082839966,
	"best_train_main_random_metric": 24586.775390625
}