{
	"best_train_main_metric": 8712.169921875,
	"best_valid_main_acc": 0.541208803653717,
	"best_valid_main_smin_acc": 0.517793595790863,
	"best_valid_main_pdelta": 0.04590098187327385,
	"best_train_main_random_metric": 199.33303833007812
}