{
	"best_train_main_metric": 1.4831769466400146,
	"best_valid_main_acc": 0.8146718144416809,
	"best_valid_main_smin_acc": 0.716738224029541,
	"best_valid_main_pdelta": 0.029072996228933334,
	"best_train_main_random_metric": 15249.1357421875
}