{
	"best_train_main_metric": 4038.2060546875,
	"best_valid_main_acc": 0.6721611618995667,
	"best_valid_main_smin_acc": 0.3140740692615509,
	"best_valid_main_pdelta": 0.3419778048992157,
	"best_train_main_random_metric": 13139.234375
}