{
	"best_train_main_metric": 4248.92919921875,
	"best_valid_main_acc": 0.6689560413360596,
	"best_valid_main_smin_acc": 0.2859259247779846,
	"best_valid_main_pdelta": 0.2661832869052887,
	"best_train_main_random_metric": 8361.4970703125
}