{
	"best_train_main_metric": 2828.661865234375,
	"best_valid_main_acc": 0.6094322204589844,
	"best_valid_main_smin_acc": 0.63603276014328,
	"best_valid_main_pdelta": 0.16411958634853363,
	"best_train_main_random_metric": 2910.1484375
}