{
	"best_train_main_metric": 13938.455078125,
	"best_valid_main_acc": 0.4977908730506897,
	"best_valid_main_smin_acc": 0.4652777910232544,
	"best_valid_main_pdelta": 0.04411561042070389,
	"best_train_main_random_metric": 2.8621933460235596
}