{
	"best_train_main_metric": 1378.3138427734375,
	"best_valid_main_acc": 0.6758241653442383,
	"best_valid_main_smin_acc": 0.6853281855583191,
	"best_valid_main_pdelta": 0.021439198404550552,
	"best_train_main_random_metric": 1378.1611328125
}