{
	"best_train_main_metric": 1919.7239990234375,
	"best_valid_main_acc": 0.7573260068893433,
	"best_valid_main_smin_acc": 0.7876448035240173,
	"best_valid_main_pdelta": 0.004015255719423294,
	"best_train_main_random_metric": 3078.34765625
}