{
	"best_train_main_metric": 12.850451469421387,
	"best_valid_main_acc": 0.7670329809188843,
	"best_valid_main_smin_acc": 0.5161290168762207,
	"best_valid_main_pdelta": 0.45216792821884155,
	"best_train_main_random_metric": 25606.740234375
}