{
	"best_train_main_metric": 8.025128364562988,
	"best_valid_main_acc": 0.759706974029541,
	"best_valid_main_smin_acc": 0.4695340394973755,
	"best_valid_main_pdelta": 0.5202128291130066,
	"best_train_main_random_metric": 30733.7265625
}