{
	"best_train_main_metric": 4765.888671875,
	"best_valid_main_acc": 0.6359890103340149,
	"best_valid_main_smin_acc": 0.48018649220466614,
	"best_valid_main_pdelta": 0.13231214880943298,
	"best_train_main_random_metric": 5298.2451171875
}