{
	"best_train_main_metric": 11614.91015625,
	"best_valid_main_acc": 0.47358834743499756,
	"best_valid_main_smin_acc": 1.0,
	"best_valid_main_pdelta": 0.03565366566181183,
	"best_train_main_random_metric": 5.6056623458862305
}