{
	"best_train_main_metric": 2253.32763671875,
	"best_valid_main_acc": 0.6686813235282898,
	"best_valid_main_smin_acc": 0.5896033048629761,
	"best_valid_main_pdelta": 0.2184283286333084,
	"best_train_main_random_metric": 2313.796142578125
}