{
	"best_train_main_metric": 3034.377197265625,
	"best_valid_main_acc": 0.7104395627975464,
	"best_valid_main_smin_acc": 0.6210670471191406,
	"best_valid_main_pdelta": 0.10506077110767365,
	"best_train_main_random_metric": 4824.47607421875
}