{
	"best_train_main_metric": 870.2197875976562,
	"best_valid_main_acc": 0.7760617733001709,
	"best_valid_main_smin_acc": 0.6623376607894897,
	"best_valid_main_pdelta": 0.013064169324934483,
	"best_train_main_random_metric": 2789.703369140625
}