{
	"best_train_main_metric": 3.0224218368530273,
	"best_valid_main_acc": 0.778388261795044,
	"best_valid_main_smin_acc": 0.7799227833747864,
	"best_valid_main_pdelta": 0.028288835659623146,
	"best_train_main_random_metric": 24101.677734375
}