{
	"best_train_main_metric": 4756.947265625,
	"best_valid_main_acc": 0.708791196346283,
	"best_valid_main_smin_acc": 0.7129799127578735,
	"best_valid_main_pdelta": 0.010148054920136929,
	"best_train_main_random_metric": 5894.69384765625
}