{
	"best_train_main_metric": 4735.98046875,
	"best_valid_main_acc": 0.6282051205635071,
	"best_valid_main_smin_acc": 0.20981387794017792,
	"best_valid_main_pdelta": 0.15119364857673645,
	"best_train_main_random_metric": 5285.65283203125
}