{
	"best_train_main_metric": 5418.1513671875,
	"best_valid_main_acc": 0.4922161102294922,
	"best_valid_main_smin_acc": 0.48730963468551636,
	"best_valid_main_pdelta": 4.3120573778310245e-09,
	"best_train_main_random_metric": 5418.40966796875
}