{
	"best_train_main_metric": 4028.385498046875,
	"best_valid_main_acc": 0.6588827967643738,
	"best_valid_main_smin_acc": 0.579770565032959,
	"best_valid_main_pdelta": 0.2520284652709961,
	"best_train_main_random_metric": 10091.1171875
}