{
	"best_train_main_metric": 12581.474609375,
	"best_valid_main_acc": 0.5313001871109009,
	"best_valid_main_smin_acc": 0.49743589758872986,
	"best_valid_main_pdelta": 0.03645931929349899,
	"best_train_main_random_metric": 0.046537838876247406
}