{
	"best_train_main_metric": 11462.373046875,
	"best_valid_main_acc": 0.49189984798431396,
	"best_valid_main_smin_acc": 0.580152690410614,
	"best_valid_main_pdelta": 0.07584390789270401,
	"best_train_main_random_metric": 3.493462085723877
}