{
	"best_train_main_metric": 389.31787109375,
	"best_valid_main_acc": 0.5483871102333069,
	"best_valid_main_smin_acc": 0.3174603283405304,
	"best_valid_main_pdelta": 0.305695116519928,
	"best_train_main_random_metric": 367.60626220703125
}