{
	"best_train_main_metric": 444.437255859375,
	"best_valid_main_acc": 0.5852534770965576,
	"best_valid_main_smin_acc": 0.1428571492433548,
	"best_valid_main_pdelta": 0.15841037034988403,
	"best_train_main_random_metric": 520.2364501953125
}