{
	"best_train_main_metric": 4560.21142578125,
	"best_valid_main_acc": 0.6794871687889099,
	"best_valid_main_smin_acc": 0.08994708955287933,
	"best_valid_main_pdelta": 0.20799754559993744,
	"best_train_main_random_metric": 5463.0068359375
}