{
	"best_train_main_metric": 4159.1787109375,
	"best_valid_main_acc": 0.682692289352417,
	"best_valid_main_smin_acc": 0.5845070481300354,
	"best_valid_main_pdelta": 0.20466478168964386,
	"best_train_main_random_metric": 7641.95166015625
}