{
	"best_train_main_metric": 4186.703125,
	"best_valid_main_acc": 0.680402934551239,
	"best_valid_main_smin_acc": 0.622736394405365,
	"best_valid_main_pdelta": 0.16182687878608704,
	"best_train_main_random_metric": 6749.11279296875
}