{
	"best_train_main_metric": 3.438424587249756,
	"best_valid_main_acc": 0.8170144557952881,
	"best_valid_main_smin_acc": 0.7237569093704224,
	"best_valid_main_pdelta": 0.03029562719166279,
	"best_train_main_random_metric": 12774.6357421875
}