{
	"best_train_main_metric": 4287.5810546875,
	"best_valid_main_acc": 0.6950549483299255,
	"best_valid_main_smin_acc": 0.4010624289512634,
	"best_valid_main_pdelta": 0.16724923253059387,
	"best_train_main_random_metric": 7050.5654296875
}