{
	"best_train_main_metric": 4061.63037109375,
	"best_valid_main_acc": 0.6465201377868652,
	"best_valid_main_smin_acc": 0.38512617349624634,
	"best_valid_main_pdelta": 0.2941281199455261,
	"best_train_main_random_metric": 11985.94921875
}