{
	"best_train_main_metric": 22663.85546875,
	"best_valid_main_acc": 0.49267399311065674,
	"best_valid_main_smin_acc": 0.515123724937439,
	"best_valid_main_pdelta": 0.4493955969810486,
	"best_train_main_random_metric": 348.4200134277344
}