{
	"best_train_main_metric": 749.8253173828125,
	"best_valid_main_acc": 0.7576243877410889,
	"best_valid_main_smin_acc": 0.6615384817123413,
	"best_valid_main_pdelta": 0.020572489127516747,
	"best_train_main_random_metric": 749.4462890625
}