{
	"best_train_main_metric": 4274.5791015625,
	"best_valid_main_acc": 0.7847985625267029,
	"best_train_main_random_metric": 5888.0703125
}