{
	"best_train_main_metric": 2.881072521209717,
	"best_valid_main_acc": 0.8945454359054565,
	"best_valid_main_smin_acc": 0.4000000059604645,
	"best_valid_main_pdelta": 0.4705984890460968,
	"best_train_main_random_metric": 25634.9140625
}