{
	"best_train_main_metric": 31690.72265625,
	"best_valid_main_acc": 0.4923076927661896,
	"best_valid_main_smin_acc": 0.532951295375824,
	"best_valid_main_pdelta": 0.45337164402008057,
	"best_train_main_random_metric": 68.01360321044922
}