{
	"best_train_main_metric": 5417.46533203125,
	"best_valid_main_acc": 0.514194130897522,
	"best_valid_main_smin_acc": 0.5274177193641663,
	"best_valid_main_pdelta": 3.673843457363546e-05,
	"best_train_main_random_metric": 5417.2724609375
}