{
	"best_train_main_metric": 3.3679215908050537,
	"best_valid_main_acc": 0.7942857146263123,
	"best_valid_main_smin_acc": 0.8344988226890564,
	"best_valid_main_pdelta": 0.017266735434532166,
	"best_train_main_random_metric": 19648.583984375
}