{
	"best_train_main_metric": 1.533260464668274,
	"best_valid_main_acc": 0.807692289352417,
	"best_valid_main_smin_acc": 0.8108108043670654,
	"best_valid_main_pdelta": 0.020588088780641556,
	"best_train_main_random_metric": 23159.44140625
}