{
	"best_train_main_metric": 1.4918359518051147,
	"best_valid_main_acc": 0.8104395866394043,
	"best_valid_main_smin_acc": 0.8050193190574646,
	"best_valid_main_pdelta": 0.02389266900718212,
	"best_train_main_random_metric": 24213.84375
}