{
	"best_train_main_metric": 18992.65234375,
	"best_valid_main_acc": 0.48885220289230347,
	"best_valid_main_smin_acc": 0.5277777910232544,
	"best_valid_main_pdelta": 0.410506010055542,
	"best_train_main_random_metric": 42.84033966064453
}