{
	"best_train_main_metric": 23591.845703125,
	"best_valid_main_acc": 0.4863748848438263,
	"best_valid_main_smin_acc": 0.5347222089767456,
	"best_valid_main_pdelta": 0.4737410843372345,
	"best_train_main_random_metric": 14.926644325256348
}