{
	"best_train_main_metric": 0.09735313057899475,
	"best_valid_main_acc": 0.8790909051895142,
	"best_valid_main_smin_acc": 0.1818181872367859,
	"best_valid_main_pdelta": 0.46575677394866943,
	"best_train_main_random_metric": 23419.404296875
}