{
	"best_train_main_metric": 0.015283916145563126,
	"best_valid_main_acc": 0.8770763874053955,
	"best_valid_main_smin_acc": 0.4821428656578064,
	"best_valid_main_pdelta": 0.13926079869270325,
	"best_train_main_random_metric": 15047.578125
}