{
	"best_train_main_metric": 0.00978833343833685,
	"best_valid_main_acc": 0.865448534488678,
	"best_valid_main_smin_acc": 0.4107142984867096,
	"best_valid_main_pdelta": 0.1313156634569168,
	"best_train_main_random_metric": 14878.0078125
}