{
	"best_train_main_metric": 53.6133918762207,
	"best_valid_main_acc": 0.7016483545303345,
	"best_valid_main_smin_acc": 0.5884016752243042,
	"best_valid_main_pdelta": 0.46015897393226624,
	"best_train_main_random_metric": 27654.068359375
}