{
	"best_train_main_metric": 1.5285546779632568,
	"best_valid_main_acc": 0.8781818151473999,
	"best_valid_main_smin_acc": 0.23076923191547394,
	"best_valid_main_pdelta": 0.4967247247695923,
	"best_train_main_random_metric": 24844.970703125
}