{
	"best_train_main_metric": 1.6676558256149292,
	"best_valid_main_acc": 0.8690909147262573,
	"best_valid_main_smin_acc": 0.3076923191547394,
	"best_valid_main_pdelta": 0.4887556731700897,
	"best_train_main_random_metric": 23920.97265625
}