{
	"best_train_main_metric": 2277.76513671875,
	"best_valid_main_acc": 0.5807692408561707,
	"best_valid_main_smin_acc": 0.5259067416191101,
	"best_valid_main_pdelta": 0.19081690907478333,
	"best_train_main_random_metric": 2287.32177734375
}