{
	"best_train_main_metric": 692.365478515625,
	"best_valid_main_acc": 0.7930402755737305,
	"best_valid_main_smin_acc": 0.5555555820465088,
	"best_valid_main_pdelta": 0.021079419180750847,
	"best_train_main_random_metric": 692.349609375
}