{
	"best_train_main_metric": 692.2643432617188,
	"best_valid_main_acc": 0.7967032790184021,
	"best_valid_main_smin_acc": 0.5462962985038757,
	"best_valid_main_pdelta": 0.026961617171764374,
	"best_train_main_random_metric": 692.4436645507812
}