{
	"best_train_main_metric": 609.2081298828125,
	"best_valid_main_acc": 0.8115941882133484,
	"best_valid_main_smin_acc": 0.42500001192092896,
	"best_valid_main_pdelta": 0.03634267672896385,
	"best_train_main_random_metric": 610.4952392578125
}