{
	"best_train_main_metric": 608.06494140625,
	"best_valid_main_acc": 0.7950310707092285,
	"best_valid_main_smin_acc": 0.42500001192092896,
	"best_valid_main_pdelta": 0.027969829738140106,
	"best_train_main_random_metric": 611.66015625
}