{
	"best_train_main_metric": 5.64361047744751,
	"best_valid_main_acc": 0.829892635345459,
	"best_valid_main_smin_acc": 0.42741936445236206,
	"best_valid_main_pdelta": 0.49021169543266296,
	"best_train_main_random_metric": 26131.005859375
}