{
	"best_train_main_metric": 607.4483642578125,
	"best_valid_main_acc": 0.782608687877655,
	"best_valid_main_smin_acc": 0.3499999940395355,
	"best_valid_main_pdelta": 0.036789268255233765,
	"best_train_main_random_metric": 609.2010498046875
}