{
	"best_train_main_metric": 3375.116943359375,
	"best_valid_main_acc": 0.721611738204956,
	"best_valid_main_smin_acc": 0.5460993051528931,
	"best_valid_main_pdelta": 0.0008773576701059937,
	"best_train_main_random_metric": 3384.581787109375
}