{
	"best_train_main_metric": 2842.22119140625,
	"best_valid_main_acc": 0.6263736486434937,
	"best_valid_main_smin_acc": 0.6333639025688171,
	"best_valid_main_pdelta": 0.13861052691936493,
	"best_train_main_random_metric": 2849.361083984375
}