{
	"best_train_main_metric": 4577.77099609375,
	"best_valid_main_acc": 0.7220696210861206,
	"best_valid_main_smin_acc": 0.1726384311914444,
	"best_valid_main_pdelta": 0.024260880425572395,
	"best_train_main_random_metric": 6181.283203125
}