{
	"best_train_main_metric": 16996.634765625,
	"best_valid_main_acc": 0.48777347803115845,
	"best_valid_main_smin_acc": 0.5368852615356445,
	"best_valid_main_pdelta": 0.047001294791698456,
	"best_train_main_random_metric": 5.6390461921691895
}