{
	"best_train_main_metric": 1.489895224571228,
	"best_valid_main_acc": 0.803113579750061,
	"best_valid_main_smin_acc": 0.7953736782073975,
	"best_valid_main_pdelta": 0.018837474286556244,
	"best_train_main_random_metric": 24889.09765625
}