{
	"best_train_main_metric": 1145.7742919921875,
	"best_valid_main_acc": 0.7208791375160217,
	"best_valid_main_smin_acc": 0.680911660194397,
	"best_valid_main_pdelta": 0.020452430471777916,
	"best_train_main_random_metric": 1142.50439453125
}