{
	"best_train_main_metric": 1080.1378173828125,
	"best_valid_main_acc": 0.7802197933197021,
	"best_valid_main_smin_acc": 0.7777777910232544,
	"best_valid_main_pdelta": 0.005595073103904724,
	"best_train_main_random_metric": 3382.53662109375
}