{
	"best_train_main_metric": 399.6011962890625,
	"best_valid_main_acc": 0.8820598125457764,
	"best_valid_main_smin_acc": 0.375,
	"best_valid_main_pdelta": 0.081759512424469,
	"best_train_main_random_metric": 3001.5126953125
}