{
	"best_train_main_metric": 790.115478515625,
	"best_valid_main_acc": 0.8189368844032288,
	"best_valid_main_smin_acc": 0.3392857015132904,
	"best_valid_main_pdelta": 0.049599193036556244,
	"best_train_main_random_metric": 793.4844970703125
}