{
	"best_train_main_metric": 472.8489685058594,
	"best_valid_main_acc": 0.539170503616333,
	"best_valid_main_smin_acc": 0.4404761791229248,
	"best_valid_main_pdelta": 0.12988895177841187,
	"best_train_main_random_metric": 554.500732421875
}