{
	"best_train_main_metric": 517.7169189453125,
	"best_valid_main_acc": 0.5622119903564453,
	"best_valid_main_smin_acc": 0.625,
	"best_valid_main_pdelta": 0.0007529321010224521,
	"best_train_main_random_metric": 550.7628173828125
}