{
	"best_train_main_metric": 21.489604949951172,
	"best_valid_main_acc": 0.7322229146957397,
	"best_valid_main_smin_acc": 0.5853132009506226,
	"best_valid_main_pdelta": 0.4349299669265747,
	"best_train_main_random_metric": 26961.23046875
}