{
	"best_train_main_metric": 590.7077026367188,
	"best_valid_main_acc": 0.8488612771034241,
	"best_valid_main_smin_acc": 0.42105263471603394,
	"best_valid_main_pdelta": 0.02649475820362568,
	"best_train_main_random_metric": 593.8607788085938
}