{
	"best_train_main_metric": 1.9428246021270752,
	"best_valid_main_acc": 0.8131868243217468,
	"best_valid_main_smin_acc": 0.47787609696388245,
	"best_valid_main_pdelta": 0.056438710540533066,
	"best_train_main_random_metric": 11367.84375
}