{
	"best_train_main_metric": 590.7843017578125,
	"best_valid_main_acc": 0.8550724387168884,
	"best_valid_main_smin_acc": 0.42105263471603394,
	"best_valid_main_pdelta": 0.02117629535496235,
	"best_train_main_random_metric": 593.8494873046875
}