{
	"best_train_main_metric": 9482.0380859375,
	"best_valid_main_acc": 0.5183150172233582,
	"best_valid_main_smin_acc": 0.49572649598121643,
	"best_valid_main_pdelta": 0.03364791348576546,
	"best_train_main_random_metric": 0.1399935930967331
}