{
	"best_train_main_metric": 1.4408814907073975,
	"best_valid_main_acc": 0.8043956160545349,
	"best_valid_main_smin_acc": 0.7566844820976257,
	"best_valid_main_pdelta": 0.026335593312978745,
	"best_train_main_random_metric": 19723.21875
}