{
	"best_train_main_metric": 462.32684326171875,
	"best_valid_main_acc": 0.6221198439598083,
	"best_valid_main_smin_acc": 0.3333333432674408,
	"best_valid_main_pdelta": 0.13537529110908508,
	"best_train_main_random_metric": 524.7373046875
}