{
	"best_train_main_metric": 372.5746765136719,
	"best_valid_main_acc": 0.5944700241088867,
	"best_valid_main_smin_acc": 0.2916666567325592,
	"best_valid_main_pdelta": 0.2858116030693054,
	"best_train_main_random_metric": 436.9042053222656
}