{
	"best_train_main_metric": 19425.20703125,
	"best_valid_main_acc": 0.5164835453033447,
	"best_valid_main_smin_acc": 0.4903475046157837,
	"best_valid_main_pdelta": 0.050324294716119766,
	"best_train_main_random_metric": 6.504756450653076
}