{
	"best_train_main_metric": 355.4610595703125,
	"best_valid_main_acc": 0.5115207433700562,
	"best_valid_main_smin_acc": 0.4285714328289032,
	"best_valid_main_pdelta": 0.27871376276016235,
	"best_train_main_random_metric": 344.0693054199219
}