{
	"best_train_main_metric": 427.866455078125,
	"best_valid_main_acc": 0.5806451439857483,
	"best_valid_main_smin_acc": 0.4025973975658417,
	"best_valid_main_pdelta": 0.15102261304855347,
	"best_train_main_random_metric": 483.8101501464844
}