{
	"best_train_main_metric": 4749.3798828125,
	"best_valid_main_acc": 0.656593382358551,
	"best_valid_main_smin_acc": 0.4506172835826874,
	"best_valid_main_pdelta": 0.12680666148662567,
	"best_train_main_random_metric": 5330.9619140625
}