{
	"best_train_main_metric": 5418.1689453125,
	"best_valid_main_acc": 0.4922161102294922,
	"best_valid_main_smin_acc": 0.4839506149291992,
	"best_valid_main_pdelta": 3.8481013930891095e-09,
	"best_train_main_random_metric": 5418.42724609375
}