{
	"best_train_main_metric": 5115.6181640625,
	"best_valid_main_acc": 0.682692289352417,
	"best_valid_main_smin_acc": 0.2041884809732437,
	"best_valid_main_pdelta": 0.0031495557632297277,
	"best_train_main_random_metric": 5482.66552734375
}