{
	"best_train_main_metric": 3797.62451171875,
	"best_valid_main_acc": 0.6671245694160461,
	"best_valid_main_smin_acc": 0.10137457400560379,
	"best_valid_main_pdelta": 0.3245263695716858,
	"best_train_main_random_metric": 9282.625
}