{
	"best_train_main_metric": 4064.233154296875,
	"best_valid_main_acc": 0.6900182962417603,
	"best_valid_main_smin_acc": 0.11168384552001953,
	"best_valid_main_pdelta": 0.31671011447906494,
	"best_train_main_random_metric": 7247.392578125
}