{
	"best_train_main_metric": 0.018783267587423325,
	"best_valid_main_acc": 0.8674948215484619,
	"best_valid_main_smin_acc": 0.375,
	"best_valid_main_pdelta": 0.08755173534154892,
	"best_train_main_random_metric": 10426.56640625
}