{
	"best_train_main_metric": 0.019810805097222328,
	"best_valid_main_acc": 0.8674948215484619,
	"best_valid_main_smin_acc": 0.375,
	"best_valid_main_pdelta": 0.07099957764148712,
	"best_train_main_random_metric": 10606.0791015625
}