{
	"best_train_main_metric": 4357.6025390625,
	"best_valid_main_acc": 0.7069597244262695,
	"best_valid_main_smin_acc": 0.6450648307800293,
	"best_valid_main_pdelta": 0.1447303593158722,
	"best_train_main_random_metric": 7226.06103515625
}