{
	"best_train_main_metric": 4107.34765625,
	"best_valid_main_acc": 0.6698718070983887,
	"best_valid_main_smin_acc": 0.634097695350647,
	"best_valid_main_pdelta": 0.20642808079719543,
	"best_train_main_random_metric": 8799.5283203125
}