{
	"best_train_main_metric": 2530.886962890625,
	"best_valid_main_acc": 0.9551281929016113,
	"best_train_main_random_metric": 6629.34423828125
}