{
	"best_train_main_metric": 18099.33203125,
	"best_valid_main_acc": 0.5256410241127014,
	"best_valid_main_smin_acc": 0.5482625365257263,
	"best_valid_main_pdelta": 0.050485093146562576,
	"best_train_main_random_metric": 7.761559963226318
}