{
	"best_train_main_metric": 950.1387329101562,
	"best_valid_main_acc": 0.7464607357978821,
	"best_valid_main_smin_acc": 0.6695278882980347,
	"best_valid_main_pdelta": 0.02481103129684925,
	"best_train_main_random_metric": 955.6571044921875
}