{
	"best_train_main_metric": 4341.7392578125,
	"best_valid_main_acc": 0.7321428656578064,
	"best_valid_main_smin_acc": 0.6512315273284912,
	"best_valid_main_pdelta": 0.03212019428610802,
	"best_train_main_random_metric": 6163.68212890625
}