{
	"best_train_main_metric": 892.57080078125,
	"best_valid_main_acc": 0.7266483306884766,
	"best_valid_main_smin_acc": 0.6989966630935669,
	"best_valid_main_pdelta": 0.01680748537182808,
	"best_train_main_random_metric": 892.8869018554688
}