{
	"best_train_main_metric": 13503.6982421875,
	"best_valid_main_acc": 0.5169366598129272,
	"best_valid_main_smin_acc": 0.5197368264198303,
	"best_valid_main_pdelta": 0.055232927203178406,
	"best_train_main_random_metric": 2.8451955318450928
}