{
	"best_train_main_metric": 3.718454360961914,
	"best_valid_main_acc": 0.8080000281333923,
	"best_valid_main_smin_acc": 0.8196346759796143,
	"best_valid_main_pdelta": 0.012886629439890385,
	"best_train_main_random_metric": 19081.677734375
}