{
	"best_train_main_metric": 5420.291015625,
	"best_valid_main_acc": 0.49358972907066345,
	"best_valid_main_smin_acc": 0.49512842297554016,
	"best_valid_main_pdelta": 0.00023141090059652925,
	"best_train_main_random_metric": 5421.43798828125
}