{
	"best_train_main_metric": 1128.111572265625,
	"best_valid_main_acc": 0.6846153736114502,
	"best_valid_main_smin_acc": 0.6517857313156128,
	"best_valid_main_pdelta": 0.022508155554533005,
	"best_train_main_random_metric": 1128.782958984375
}