{
	"best_train_main_metric": 1129.006591796875,
	"best_valid_main_acc": 0.692307710647583,
	"best_valid_main_smin_acc": 0.6904761791229248,
	"best_valid_main_pdelta": 0.02807948924601078,
	"best_train_main_random_metric": 1127.8621826171875
}