{
	"best_train_main_metric": 12558.3544921875,
	"best_valid_main_acc": 0.49003320932388306,
	"best_valid_main_smin_acc": 0.41999998688697815,
	"best_valid_main_pdelta": 0.07116395980119705,
	"best_train_main_random_metric": 0.049321647733449936
}