{
	"best_train_main_metric": 1503.4276123046875,
	"best_valid_main_acc": 0.6820809245109558,
	"best_valid_main_smin_acc": 0.37735849618911743,
	"best_valid_main_pdelta": 0.2027883380651474,
	"best_train_main_random_metric": 1534.625732421875
}