{
	"best_train_main_metric": 1491.37744140625,
	"best_valid_main_acc": 0.8241122961044312,
	"best_valid_main_smin_acc": 0.3962264060974121,
	"best_valid_main_pdelta": 0.20066829025745392,
	"best_train_main_random_metric": 3828.55615234375
}