{
	"best_train_main_metric": 4587.861328125,
	"best_valid_main_acc": 0.6300366520881653,
	"best_valid_main_smin_acc": 0.5603621602058411,
	"best_valid_main_pdelta": 0.162405326962471,
	"best_train_main_random_metric": 5183.81640625
}