{
	"best_train_main_metric": 2.8521411418914795,
	"best_valid_main_acc": 0.7582417726516724,
	"best_valid_main_smin_acc": 0.6925133466720581,
	"best_valid_main_pdelta": 0.05152399465441704,
	"best_train_main_random_metric": 19001.427734375
}