{
	"best_train_main_metric": 4516.56494140625,
	"best_valid_main_acc": 0.49945053458213806,
	"best_valid_main_smin_acc": 0.491251677274704,
	"best_valid_main_pdelta": 9.137195888797578e-08,
	"best_train_main_random_metric": 4515.85400390625
}