{
	"best_train_main_metric": 4513.884765625,
	"best_valid_main_acc": 0.49945053458213806,
	"best_valid_main_smin_acc": 0.491251677274704,
	"best_valid_main_pdelta": 0.0012376107042655349,
	"best_train_main_random_metric": 4513.89208984375
}