{
	"best_train_main_metric": 674.8621215820312,
	"best_valid_main_acc": 0.7564102411270142,
	"best_valid_main_smin_acc": 0.5132743120193481,
	"best_valid_main_pdelta": 0.020463695749640465,
	"best_train_main_random_metric": 672.8447875976562
}