{
	"best_train_main_metric": 674.8333129882812,
	"best_valid_main_acc": 0.7399267554283142,
	"best_valid_main_smin_acc": 0.44247788190841675,
	"best_valid_main_pdelta": 0.022948307916522026,
	"best_train_main_random_metric": 675.7511596679688
}