{
	"best_train_main_metric": 2297.303955078125,
	"best_valid_main_acc": 0.6642857193946838,
	"best_valid_main_smin_acc": 0.5986014008522034,
	"best_valid_main_pdelta": 0.20077963173389435,
	"best_train_main_random_metric": 2369.349853515625
}