{
	"best_train_main_metric": 2487.54345703125,
	"best_valid_main_acc": 0.9647436141967773,
	"best_train_main_random_metric": 6606.02392578125
}