{
	"best_train_main_metric": 1.4509830474853516,
	"best_valid_main_acc": 0.7967032790184021,
	"best_valid_main_smin_acc": 0.7272727489471436,
	"best_valid_main_pdelta": 0.026486318558454514,
	"best_train_main_random_metric": 19899.748046875
}