{
	"best_train_main_metric": 1.9577586650848389,
	"best_valid_main_acc": 0.7849116921424866,
	"best_valid_main_smin_acc": 0.6795580387115479,
	"best_valid_main_pdelta": 0.034627765417099,
	"best_train_main_random_metric": 12569.408203125
}