{
	"best_train_main_metric": 1.4393815994262695,
	"best_valid_main_acc": 0.9471766948699951,
	"best_valid_main_smin_acc": 0.20000000298023224,
	"best_valid_main_pdelta": 0.22462338209152222,
	"best_train_main_random_metric": 11314.3427734375
}