{
	"best_train_main_metric": 4752.0498046875,
	"best_valid_main_acc": 0.596611738204956,
	"best_valid_main_smin_acc": 0.5548387169837952,
	"best_valid_main_pdelta": 0.16115431487560272,
	"best_train_main_random_metric": 5314.0673828125
}