{
	"best_train_main_metric": 1.949724555015564,
	"best_valid_main_acc": 0.7720706462860107,
	"best_valid_main_smin_acc": 0.6795580387115479,
	"best_valid_main_pdelta": 0.032287392765283585,
	"best_train_main_random_metric": 12617.849609375
}