{
	"best_train_main_metric": 1.9406062364578247,
	"best_valid_main_acc": 0.7929373979568481,
	"best_valid_main_smin_acc": 0.7237569093704224,
	"best_valid_main_pdelta": 0.02861994504928589,
	"best_train_main_random_metric": 13079.1669921875
}