{
	"best_train_main_metric": 815.5004272460938,
	"best_valid_main_acc": 0.7304860353469849,
	"best_valid_main_smin_acc": 0.4736842215061188,
	"best_valid_main_pdelta": 0.030416736379265785,
	"best_train_main_random_metric": 815.7835693359375
}