{
	"best_train_main_metric": 589.8573608398438,
	"best_valid_main_acc": 0.8291605114936829,
	"best_valid_main_smin_acc": 0.6973684430122375,
	"best_valid_main_pdelta": 0.012023353949189186,
	"best_train_main_random_metric": 3091.619873046875
}