{
	"best_train_main_metric": 25.267013549804688,
	"best_valid_main_acc": 0.7258167862892151,
	"best_valid_main_smin_acc": 0.49673202633857727,
	"best_valid_main_pdelta": 0.43751540780067444,
	"best_train_main_random_metric": 32091.6953125
}