{
	"best_train_main_metric": 7.064407825469971,
	"best_valid_main_acc": 0.8166804313659668,
	"best_valid_main_smin_acc": 0.4000000059604645,
	"best_valid_main_pdelta": 0.4868893027305603,
	"best_train_main_random_metric": 25985.021484375
}