{
	"best_train_main_metric": 0.02035924606025219,
	"best_valid_main_acc": 0.7994505763053894,
	"best_valid_main_smin_acc": 0.7845884561538696,
	"best_valid_main_pdelta": 0.027611512690782547,
	"best_train_main_random_metric": 25020.244140625
}