{
	"best_train_main_metric": 475.3861083984375,
	"best_valid_main_acc": 0.5668202638626099,
	"best_valid_main_smin_acc": 0.5567010045051575,
	"best_valid_main_pdelta": 0.11094515025615692,
	"best_train_main_random_metric": 627.7064819335938
}