{
	"best_train_main_metric": 22161.60546875,
	"best_valid_main_acc": 0.5320512652397156,
	"best_valid_main_smin_acc": 0.5376532673835754,
	"best_valid_main_pdelta": 0.04747689887881279,
	"best_train_main_random_metric": 5.802920818328857
}