{
	"best_train_main_metric": 24120.73828125,
	"best_valid_main_acc": 0.5036630034446716,
	"best_valid_main_smin_acc": 0.5127737522125244,
	"best_valid_main_pdelta": 0.475677490234375,
	"best_train_main_random_metric": 169.9391326904297
}