{
	"best_train_main_metric": 73.30316925048828,
	"best_valid_main_acc": 0.6730769276618958,
	"best_valid_main_smin_acc": 0.63603276014328,
	"best_valid_main_pdelta": 0.42338424921035767,
	"best_train_main_random_metric": 33506.71875
}