{
	"best_train_main_metric": 2.852504014968872,
	"best_valid_main_acc": 0.7560439705848694,
	"best_valid_main_smin_acc": 0.7245989441871643,
	"best_valid_main_pdelta": 0.03983776643872261,
	"best_train_main_random_metric": 19801.986328125
}