{
	"best_train_main_metric": 949.4794311523438,
	"best_valid_main_acc": 0.760617733001709,
	"best_valid_main_smin_acc": 0.7038626670837402,
	"best_valid_main_pdelta": 0.03268807753920555,
	"best_train_main_random_metric": 951.5088500976562
}