{
	"best_train_main_metric": 949.2824096679688,
	"best_valid_main_acc": 0.7593307495117188,
	"best_valid_main_smin_acc": 0.6824034452438354,
	"best_valid_main_pdelta": 0.03389495611190796,
	"best_train_main_random_metric": 951.69140625
}