{
	"best_train_main_metric": 4782.38232421875,
	"best_valid_main_acc": 0.6831501722335815,
	"best_valid_main_smin_acc": 0.12182740867137909,
	"best_valid_main_pdelta": 0.003755168290808797,
	"best_train_main_random_metric": 5699.25146484375
}