{
	"best_train_main_metric": 1372.57861328125,
	"best_valid_main_acc": 0.7390909194946289,
	"best_valid_main_smin_acc": 0.3076923191547394,
	"best_valid_main_pdelta": 0.20416539907455444,
	"best_train_main_random_metric": 1378.864013671875
}