{
	"best_train_main_metric": 29.098655700683594,
	"best_valid_main_acc": 0.7565662860870361,
	"best_valid_main_smin_acc": 0.5509259104728699,
	"best_valid_main_pdelta": 0.4847579300403595,
	"best_train_main_random_metric": 25733.861328125
}