{
	"best_train_main_metric": 348.7513122558594,
	"best_valid_main_acc": 0.8479262590408325,
	"best_valid_main_smin_acc": 0.17142857611179352,
	"best_valid_main_pdelta": 0.11660858243703842,
	"best_train_main_random_metric": 592.2907104492188
}