{
	"best_train_main_metric": 523.8568725585938,
	"best_valid_main_acc": 0.5806451439857483,
	"best_valid_main_smin_acc": 0.970588207244873,
	"best_valid_main_pdelta": 0.004436422139406204,
	"best_train_main_random_metric": 553.2371215820312
}