{
	"best_train_main_metric": 988.712646484375,
	"best_valid_main_acc": 0.6907216310501099,
	"best_valid_main_smin_acc": 0.6578947305679321,
	"best_valid_main_pdelta": 0.003432661294937134,
	"best_train_main_random_metric": 1926.353515625
}