{
	"best_train_main_metric": 814.5530395507812,
	"best_valid_main_acc": 0.7643593549728394,
	"best_valid_main_smin_acc": 0.5592105388641357,
	"best_valid_main_pdelta": 0.027094388380646706,
	"best_train_main_random_metric": 816.8132934570312
}