{
	"best_train_main_metric": 1072.6124267578125,
	"best_valid_main_acc": 0.6742857098579407,
	"best_valid_main_smin_acc": 0.7006802558898926,
	"best_valid_main_pdelta": 0.01111080776900053,
	"best_train_main_random_metric": 1070.4998779296875
}