{
	"best_train_main_metric": 1.409795880317688,
	"best_valid_main_acc": 0.830633282661438,
	"best_valid_main_smin_acc": 0.5625,
	"best_valid_main_pdelta": 0.12493298947811127,
	"best_train_main_random_metric": 15639.826171875
}