{
	"best_train_main_metric": 2551.951171875,
	"best_valid_main_acc": 0.6118181943893433,
	"best_valid_main_smin_acc": 0.4615384638309479,
	"best_valid_main_pdelta": 0.026288582012057304,
	"best_train_main_random_metric": 2764.691162109375
}