{
	"best_train_main_metric": 455.2253723144531,
	"best_valid_main_acc": 0.6866359710693359,
	"best_valid_main_smin_acc": 0.2698412835597992,
	"best_valid_main_pdelta": 0.20094701647758484,
	"best_train_main_random_metric": 566.4249267578125
}