{
	"best_train_main_metric": 456.67071533203125,
	"best_valid_main_acc": 0.6774193644523621,
	"best_valid_main_smin_acc": 0.30158731341362,
	"best_valid_main_pdelta": 0.18032404780387878,
	"best_train_main_random_metric": 556.1280517578125
}