{
	"best_train_main_metric": 0.630272388458252,
	"best_valid_main_acc": 0.79340660572052,
	"best_valid_main_smin_acc": 0.7440476417541504,
	"best_valid_main_pdelta": 0.02401472069323063,
	"best_train_main_random_metric": 15522.5361328125
}