{
	"best_train_main_metric": 12.952120780944824,
	"best_valid_main_acc": 0.759128749370575,
	"best_valid_main_smin_acc": 0.5846154093742371,
	"best_valid_main_pdelta": 0.4598636031150818,
	"best_train_main_random_metric": 33201.671875
}