{
	"best_train_main_metric": 23760.275390625,
	"best_valid_main_acc": 0.5053674578666687,
	"best_valid_main_smin_acc": 0.4716981053352356,
	"best_valid_main_pdelta": 0.506422221660614,
	"best_train_main_random_metric": 19.802288055419922
}