{
	"best_train_main_metric": 3773.748779296875,
	"best_valid_main_acc": 0.6291208863258362,
	"best_valid_main_smin_acc": 0.6622390747070312,
	"best_valid_main_pdelta": 0.23453399538993835,
	"best_train_main_random_metric": 9665.0107421875
}