{
	"best_train_main_metric": 3504.499267578125,
	"best_valid_main_acc": 0.6387362480163574,
	"best_valid_main_smin_acc": 0.6157495379447937,
	"best_valid_main_pdelta": 0.2801109850406647,
	"best_train_main_random_metric": 13643.025390625
}