{
	"best_train_main_metric": 28630.52734375,
	"best_valid_main_acc": 0.5313186645507812,
	"best_valid_main_smin_acc": 0.4993215799331665,
	"best_valid_main_pdelta": 0.46407005190849304,
	"best_train_main_random_metric": 28.798572540283203
}