{
	"best_train_main_metric": 1.925205111503601,
	"best_valid_main_acc": 0.8296703100204468,
	"best_valid_main_smin_acc": 0.6111111044883728,
	"best_valid_main_pdelta": 0.04902852326631546,
	"best_train_main_random_metric": 12633.0888671875
}