{
	"best_train_main_metric": 10138.7353515625,
	"best_valid_main_acc": 0.5175983309745789,
	"best_valid_main_smin_acc": 0.6140350699424744,
	"best_valid_main_pdelta": 0.026205869391560555,
	"best_train_main_random_metric": 2.8126583099365234
}