{
	"best_train_main_metric": 28996.46875,
	"best_valid_main_acc": 0.5285714268684387,
	"best_valid_main_smin_acc": 0.4870041012763977,
	"best_valid_main_pdelta": 0.4228784441947937,
	"best_train_main_random_metric": 87.5492172241211
}