{
	"best_train_main_metric": 10817.2734375,
	"best_valid_main_acc": 0.46265938878059387,
	"best_valid_main_smin_acc": 0.4000000059604645,
	"best_valid_main_pdelta": 0.068010114133358,
	"best_train_main_random_metric": 0.10419012606143951
}