{
	"best_train_main_metric": 352.5259094238281,
	"best_valid_main_acc": 0.7788018584251404,
	"best_valid_main_smin_acc": 0.1794871836900711,
	"best_valid_main_pdelta": 0.3648158609867096,
	"best_train_main_random_metric": 561.7171630859375
}