{
	"best_train_main_metric": 348.4161376953125,
	"best_valid_main_acc": 0.7419354915618896,
	"best_valid_main_smin_acc": 0.3589743673801422,
	"best_valid_main_pdelta": 0.3404819667339325,
	"best_train_main_random_metric": 520.8701171875
}