{
	"best_train_main_metric": 4336.47607421875,
	"best_valid_main_acc": 0.6927655935287476,
	"best_valid_main_smin_acc": 0.6709677577018738,
	"best_valid_main_pdelta": 0.13272643089294434,
	"best_train_main_random_metric": 6226.50048828125
}