{
	"best_train_main_metric": 4393.0205078125,
	"best_valid_main_acc": 0.6927655935287476,
	"best_valid_main_smin_acc": 0.6838709712028503,
	"best_valid_main_pdelta": 0.15111686289310455,
	"best_train_main_random_metric": 6703.49169921875
}