{
	"best_train_main_metric": 733.6026000976562,
	"best_valid_main_acc": 0.8056628108024597,
	"best_valid_main_smin_acc": 0.7124463319778442,
	"best_valid_main_pdelta": 0.021355092525482178,
	"best_train_main_random_metric": 3432.905517578125
}