{
	"best_train_main_metric": 948.5819702148438,
	"best_valid_main_acc": 0.6821106672286987,
	"best_valid_main_smin_acc": 0.5922746658325195,
	"best_valid_main_pdelta": 0.03481033816933632,
	"best_train_main_random_metric": 952.7506713867188
}