{
	"best_train_main_metric": 1096.838134765625,
	"best_valid_main_acc": 0.7648351788520813,
	"best_valid_main_smin_acc": 0.7410714030265808,
	"best_valid_main_pdelta": 0.004686638712882996,
	"best_train_main_random_metric": 2861.623779296875
}