{
	"best_train_main_metric": 1128.0799560546875,
	"best_valid_main_acc": 0.7428571581840515,
	"best_valid_main_smin_acc": 0.7202380895614624,
	"best_valid_main_pdelta": 0.020960217341780663,
	"best_train_main_random_metric": 1127.5020751953125
}