{
	"best_train_main_metric": 5417.42919921875,
	"best_valid_main_acc": 0.514194130897522,
	"best_valid_main_smin_acc": 0.5316770076751709,
	"best_valid_main_pdelta": 0.0,
	"best_train_main_random_metric": 5417.3388671875
}