{
	"best_train_main_metric": 4506.52392578125,
	"best_valid_main_acc": 0.6726190447807312,
	"best_valid_main_smin_acc": 0.38260868191719055,
	"best_valid_main_pdelta": 0.16345463693141937,
	"best_train_main_random_metric": 5442.1484375
}