{
	"best_train_main_metric": 333.9007263183594,
	"best_valid_main_acc": 0.7695852518081665,
	"best_valid_main_smin_acc": 0.22499999403953552,
	"best_valid_main_pdelta": 0.6013218760490417,
	"best_train_main_random_metric": 986.3028564453125
}