{
	"best_train_main_metric": 747.5681762695312,
	"best_valid_main_acc": 0.8056478500366211,
	"best_valid_main_smin_acc": 0.25999999046325684,
	"best_valid_main_pdelta": 0.05815904587507248,
	"best_train_main_random_metric": 747.9664306640625
}