{
	"best_train_main_metric": 447.2108459472656,
	"best_valid_main_acc": 0.8538206219673157,
	"best_valid_main_smin_acc": 0.23999999463558197,
	"best_valid_main_pdelta": 0.06790422648191452,
	"best_train_main_random_metric": 2963.158203125
}