{
	"best_train_main_metric": 0.013054797425866127,
	"best_valid_main_acc": 0.9289617538452148,
	"best_valid_main_smin_acc": 0.1666666716337204,
	"best_valid_main_pdelta": 0.14552316069602966,
	"best_train_main_random_metric": 12269.927734375
}