{
	"best_train_main_metric": 0.03162701427936554,
	"best_valid_main_acc": 0.9297052025794983,
	"best_valid_main_smin_acc": 0.6000000238418579,
	"best_valid_main_pdelta": 0.09229661524295807,
	"best_train_main_random_metric": 9139.6376953125
}