{
	"best_train_main_metric": 4644.20703125,
	"best_valid_main_acc": 0.6066849827766418,
	"best_valid_main_smin_acc": 0.2992592453956604,
	"best_valid_main_pdelta": 0.16332662105560303,
	"best_train_main_random_metric": 5274.2880859375
}