{
	"best_train_main_metric": 5418.13232421875,
	"best_valid_main_acc": 0.4922161102294922,
	"best_valid_main_smin_acc": 0.4888888895511627,
	"best_valid_main_pdelta": 5.2399693473148545e-09,
	"best_train_main_random_metric": 5418.3876953125
}