{
	"best_train_main_metric": 7398.21630859375,
	"best_valid_main_acc": 0.5480769276618958,
	"best_valid_main_smin_acc": 0.5288808941841125,
	"best_valid_main_pdelta": 0.3059486448764801,
	"best_train_main_random_metric": 4329.18017578125
}