{
	"best_train_main_metric": 25092.658203125,
	"best_valid_main_acc": 0.48818182945251465,
	"best_valid_main_smin_acc": 0.3333333432674408,
	"best_valid_main_pdelta": 0.4026276171207428,
	"best_train_main_random_metric": 11.720662117004395
}