{
	"best_train_main_metric": 329.255859375,
	"best_valid_main_acc": 0.8202764987945557,
	"best_valid_main_smin_acc": 0.7291666865348816,
	"best_valid_main_pdelta": 0.04861404746770859,
	"best_train_main_random_metric": 576.5509643554688
}