{
	"best_train_main_metric": 34165.66796875,
	"best_valid_main_acc": 0.5187729001045227,
	"best_valid_main_smin_acc": 0.5022748112678528,
	"best_valid_main_pdelta": 0.4392896294593811,
	"best_train_main_random_metric": 103.69723510742188
}