{
	"best_train_main_metric": 1512.0283203125,
	"best_valid_main_acc": 0.7555739283561707,
	"best_valid_main_smin_acc": 0.4583333432674408,
	"best_valid_main_pdelta": 0.23431068658828735,
	"best_train_main_random_metric": 1529.766357421875
}