{
	"best_train_main_metric": 979.6624755859375,
	"best_valid_main_acc": 0.7760617733001709,
	"best_valid_main_smin_acc": 0.6580086350440979,
	"best_valid_main_pdelta": 0.027707502245903015,
	"best_train_main_random_metric": 979.0590209960938
}