{
	"best_train_main_metric": 4576.50732421875,
	"best_valid_main_acc": 0.6446886658668518,
	"best_valid_main_smin_acc": 0.49887892603874207,
	"best_valid_main_pdelta": 0.15580759942531586,
	"best_train_main_random_metric": 5313.75634765625
}