{
	"best_train_main_metric": 5417.42431640625,
	"best_valid_main_acc": 0.514194130897522,
	"best_valid_main_smin_acc": 0.5325112342834473,
	"best_valid_main_pdelta": 5.745348062191624e-06,
	"best_train_main_random_metric": 5417.32080078125
}