{
	"best_train_main_metric": 32897.99609375,
	"best_valid_main_acc": 0.5347985625267029,
	"best_valid_main_smin_acc": 0.49814125895500183,
	"best_valid_main_pdelta": 0.4371315538883209,
	"best_train_main_random_metric": 18.241031646728516
}