{
	"best_train_main_metric": 4637.7001953125,
	"best_valid_main_acc": 0.6671245694160461,
	"best_valid_main_smin_acc": 0.35960590839385986,
	"best_valid_main_pdelta": 0.12210369110107422,
	"best_train_main_random_metric": 5342.8564453125
}