{
	"best_train_main_metric": 4782.99560546875,
	"best_valid_main_acc": 0.6900182962417603,
	"best_valid_main_smin_acc": 0.3534482717514038,
	"best_valid_main_pdelta": 0.06185898929834366,
	"best_train_main_random_metric": 5549.3740234375
}