{
	"best_train_main_metric": 4339.90673828125,
	"best_valid_main_acc": 0.6836080551147461,
	"best_valid_main_smin_acc": 0.52078777551651,
	"best_valid_main_pdelta": 0.14744462072849274,
	"best_train_main_random_metric": 6553.14208984375
}