{
	"best_train_main_metric": 4234.00244140625,
	"best_valid_main_acc": 0.668498158454895,
	"best_valid_main_smin_acc": 0.5098468065261841,
	"best_valid_main_pdelta": 0.17621642351150513,
	"best_train_main_random_metric": 6825.5341796875
}