{
	"best_train_main_metric": 18449.216796875,
	"best_valid_main_acc": 0.4890109896659851,
	"best_valid_main_smin_acc": 0.47330960631370544,
	"best_valid_main_pdelta": 0.031362712383270264,
	"best_train_main_random_metric": 20.017602920532227
}