{
	"best_train_main_metric": 21715.3515625,
	"best_valid_main_acc": 0.5366300344467163,
	"best_valid_main_smin_acc": 0.5124555230140686,
	"best_valid_main_pdelta": 0.038864705711603165,
	"best_train_main_random_metric": 5.740274906158447
}