{
	"best_train_main_metric": 18782.390625,
	"best_valid_main_acc": 0.5329670310020447,
	"best_valid_main_smin_acc": 0.5267857313156128,
	"best_valid_main_pdelta": 0.05658535286784172,
	"best_train_main_random_metric": 1.4458410739898682
}