{
	"best_train_main_metric": 4576.03125,
	"best_valid_main_acc": 0.7046703100204468,
	"best_valid_main_smin_acc": 0.2462235689163208,
	"best_valid_main_pdelta": 0.13602566719055176,
	"best_train_main_random_metric": 5472.36962890625
}