{
	"best_train_main_metric": 4821.18701171875,
	"best_valid_main_acc": 0.6854395866394043,
	"best_valid_main_smin_acc": 0.41709184646606445,
	"best_valid_main_pdelta": 0.002471365500241518,
	"best_train_main_random_metric": 5671.10595703125
}