{
	"best_train_main_metric": 12.707828521728516,
	"best_valid_main_acc": 0.7527226209640503,
	"best_valid_main_smin_acc": 0.5604395866394043,
	"best_valid_main_pdelta": 0.43030479550361633,
	"best_train_main_random_metric": 34608.5390625
}