{
	"best_train_main_metric": 11164.123046875,
	"best_valid_main_acc": 0.49277690052986145,
	"best_valid_main_smin_acc": 0.36464089155197144,
	"best_valid_main_pdelta": 0.019687779247760773,
	"best_train_main_random_metric": 3.5568175315856934
}