{
	"best_train_main_metric": 0.01950339786708355,
	"best_valid_main_acc": 0.9253187775611877,
	"best_valid_main_smin_acc": 0.20000000298023224,
	"best_valid_main_pdelta": 0.1278352290391922,
	"best_train_main_random_metric": 12521.576171875
}