{
	"best_train_main_metric": 7.633633136749268,
	"best_valid_main_acc": 0.7706959843635559,
	"best_valid_main_smin_acc": 0.4349442422389984,
	"best_valid_main_pdelta": 0.4970698356628418,
	"best_train_main_random_metric": 32522.111328125
}