{
	"best_train_main_metric": 390.5837097167969,
	"best_valid_main_acc": 0.7788018584251404,
	"best_valid_main_smin_acc": 0.12244898080825806,
	"best_valid_main_pdelta": 0.3278782069683075,
	"best_train_main_random_metric": 581.4117431640625
}