{
	"best_train_main_metric": 397.3598937988281,
	"best_valid_main_acc": 0.7695852518081665,
	"best_valid_main_smin_acc": 0.22448979318141937,
	"best_valid_main_pdelta": 0.298577219247818,
	"best_train_main_random_metric": 560.828857421875
}