{
	"best_train_main_metric": 18248.38671875,
	"best_valid_main_acc": 0.4901098906993866,
	"best_valid_main_smin_acc": 0.4871794879436493,
	"best_valid_main_pdelta": 0.046805571764707565,
	"best_train_main_random_metric": 5.261641979217529
}