{
	"best_train_main_metric": 673.65087890625,
	"best_valid_main_acc": 0.7527472376823425,
	"best_valid_main_smin_acc": 0.4601770043373108,
	"best_valid_main_pdelta": 0.01817435957491398,
	"best_train_main_random_metric": 673.3802490234375
}