{
	"best_train_main_metric": 4608.88330078125,
	"best_valid_main_acc": 0.6822344064712524,
	"best_valid_main_smin_acc": 0.22507552802562714,
	"best_valid_main_pdelta": 0.14317618310451508,
	"best_train_main_random_metric": 5390.6552734375
}