{
	"best_train_main_metric": 12.86760139465332,
	"best_valid_main_acc": 0.7890110015869141,
	"best_valid_main_smin_acc": 0.5018587112426758,
	"best_valid_main_pdelta": 0.447511225938797,
	"best_train_main_random_metric": 30482.24609375
}