{
	"best_train_main_metric": 1735.4981689453125,
	"best_valid_main_acc": 0.6783882975578308,
	"best_valid_main_smin_acc": 0.49808427691459656,
	"best_valid_main_pdelta": 0.2413804680109024,
	"best_train_main_random_metric": 1733.7760009765625
}