{
	"best_train_main_metric": 3189.949951171875,
	"best_valid_main_acc": 0.7062271237373352,
	"best_valid_main_smin_acc": 0.4636015295982361,
	"best_valid_main_pdelta": 0.020373985171318054,
	"best_train_main_random_metric": 3395.335205078125
}