{
	"best_train_main_metric": 2574.02978515625,
	"best_valid_main_acc": 0.7154545187950134,
	"best_valid_main_smin_acc": 0.5555555820465088,
	"best_valid_main_pdelta": 0.02013598568737507,
	"best_train_main_random_metric": 2754.528076171875
}