{
	"best_train_main_metric": 1369.46923828125,
	"best_valid_main_acc": 0.7509090900421143,
	"best_valid_main_smin_acc": 0.5555555820465088,
	"best_valid_main_pdelta": 0.18284660577774048,
	"best_train_main_random_metric": 1383.62255859375
}