{
	"best_train_main_metric": 1377.7313232421875,
	"best_valid_main_acc": 0.7600732445716858,
	"best_valid_main_smin_acc": 0.7580071091651917,
	"best_valid_main_pdelta": 0.020632507279515266,
	"best_train_main_random_metric": 1374.5439453125
}