{
	"best_train_main_metric": 5416.7890625,
	"best_valid_main_acc": 0.5004578828811646,
	"best_valid_main_smin_acc": 0.4954441785812378,
	"best_valid_main_pdelta": 0.0,
	"best_train_main_random_metric": 5417.3681640625
}