{
	"best_train_main_metric": 2427.78369140625,
	"best_valid_main_acc": 0.7604100108146667,
	"best_valid_main_smin_acc": 0.5856481194496155,
	"best_valid_main_pdelta": 0.11841532588005066,
	"best_train_main_random_metric": 4291.18896484375
}