{
	"best_train_main_metric": 45.33904266357422,
	"best_valid_main_acc": 0.7109889984130859,
	"best_valid_main_smin_acc": 0.6000000238418579,
	"best_valid_main_pdelta": 0.46752288937568665,
	"best_train_main_random_metric": 24535.552734375
}