{
	"best_train_main_metric": 255.93399047851562,
	"best_valid_main_acc": 0.774193525314331,
	"best_valid_main_smin_acc": 0.20588235557079315,
	"best_valid_main_pdelta": 0.6143513321876526,
	"best_train_main_random_metric": 1116.296875
}