{
	"best_train_main_metric": 2.9824182987213135,
	"best_valid_main_acc": 0.7747252583503723,
	"best_valid_main_smin_acc": 0.7950963377952576,
	"best_valid_main_pdelta": 0.03485599160194397,
	"best_train_main_random_metric": 23526.3515625
}