{
	"best_train_main_metric": 4455.66943359375,
	"best_valid_main_acc": 0.7376373410224915,
	"best_valid_main_smin_acc": 0.1677524447441101,
	"best_valid_main_pdelta": 0.053859978914260864,
	"best_train_main_random_metric": 6345.36181640625
}