{
	"best_train_main_metric": 16657.056640625,
	"best_valid_main_acc": 0.5263835191726685,
	"best_valid_main_smin_acc": 0.4848484992980957,
	"best_valid_main_pdelta": 0.0491553358733654,
	"best_train_main_random_metric": 0.03979888930916786
}