{
	"best_train_main_metric": 84.0557632446289,
	"best_valid_main_acc": 0.7010073065757751,
	"best_valid_main_smin_acc": 0.6938588619232178,
	"best_valid_main_pdelta": 0.4681001901626587,
	"best_train_main_random_metric": 38447.5859375
}