{
	"best_train_main_metric": 1.4230608940124512,
	"best_valid_main_acc": 0.936247706413269,
	"best_valid_main_smin_acc": 0.1666666716337204,
	"best_valid_main_pdelta": 0.24711483716964722,
	"best_train_main_random_metric": 11919.0595703125
}