{
	"best_train_main_metric": 581.4163208007812,
	"best_valid_main_acc": 0.4516128897666931,
	"best_valid_main_smin_acc": 0.42465752363204956,
	"best_valid_main_pdelta": 0.12008178979158401,
	"best_train_main_random_metric": 493.7215576171875
}