{
	"best_train_main_metric": 10269.5693359375,
	"best_valid_main_acc": 0.46997928619384766,
	"best_valid_main_smin_acc": 0.574999988079071,
	"best_valid_main_pdelta": 0.03224171698093414,
	"best_train_main_random_metric": 0.047507356852293015
}