{
	"best_train_main_metric": 13238.5634765625,
	"best_valid_main_acc": 0.4933726191520691,
	"best_valid_main_smin_acc": 0.5131579041481018,
	"best_valid_main_pdelta": 0.061101216822862625,
	"best_train_main_random_metric": 2.881424903869629
}