{
	"best_train_main_metric": 4860.994140625,
	"best_valid_main_acc": 0.7110806107521057,
	"best_valid_main_smin_acc": 0.5753575563430786,
	"best_valid_main_pdelta": 0.0020803194493055344,
	"best_train_main_random_metric": 5645.21826171875
}