{
	"best_train_main_metric": 26256.46484375,
	"best_valid_main_acc": 0.48430493474006653,
	"best_valid_main_smin_acc": 0.5023148059844971,
	"best_valid_main_pdelta": 0.4327279031276703,
	"best_train_main_random_metric": 43.296417236328125
}