{
	"best_train_main_metric": 1143.4716796875,
	"best_valid_main_acc": 0.702197790145874,
	"best_valid_main_smin_acc": 0.632478654384613,
	"best_valid_main_pdelta": 0.022131267935037613,
	"best_train_main_random_metric": 1145.453125
}