{
	"best_train_main_metric": 386.5556640625,
	"best_valid_main_acc": 0.6820276379585266,
	"best_valid_main_smin_acc": 0.8055555820465088,
	"best_valid_main_pdelta": 0.24843329191207886,
	"best_train_main_random_metric": 630.9290161132812
}