{
	"best_train_main_metric": 0.034948911517858505,
	"best_valid_main_acc": 0.8799999952316284,
	"best_valid_main_smin_acc": 0.1818181872367859,
	"best_valid_main_pdelta": 0.46751105785369873,
	"best_train_main_random_metric": 24662.7109375
}