{
	"best_train_main_metric": 2817.564208984375,
	"best_valid_main_acc": 0.6245421171188354,
	"best_valid_main_smin_acc": 0.660861611366272,
	"best_valid_main_pdelta": 0.15477076172828674,
	"best_train_main_random_metric": 2865.198486328125
}