{
	"best_train_main_metric": 577.6010131835938,
	"best_valid_main_acc": 0.5529953837394714,
	"best_valid_main_smin_acc": 0.5964912176132202,
	"best_valid_main_pdelta": 0.10086856037378311,
	"best_train_main_random_metric": 496.21514892578125
}