{
	"best_train_main_metric": 32983.6640625,
	"best_valid_main_acc": 0.5096153616905212,
	"best_valid_main_smin_acc": 0.5132905840873718,
	"best_valid_main_pdelta": 0.4068114161491394,
	"best_train_main_random_metric": 185.4256134033203
}