{
	"best_train_main_metric": 1.430753469467163,
	"best_valid_main_acc": 0.812087893486023,
	"best_valid_main_smin_acc": 0.7540106773376465,
	"best_valid_main_pdelta": 0.0355212539434433,
	"best_train_main_random_metric": 20478.353515625
}