{
	"best_train_main_metric": 1.4503754377365112,
	"best_valid_main_acc": 0.7857142686843872,
	"best_valid_main_smin_acc": 0.7058823704719543,
	"best_valid_main_pdelta": 0.02487828955054283,
	"best_train_main_random_metric": 19179.125
}