{
	"best_train_main_metric": 4365.6728515625,
	"best_valid_main_acc": 0.720695972442627,
	"best_valid_main_smin_acc": 0.28805971145629883,
	"best_valid_main_pdelta": 0.0760025605559349,
	"best_train_main_random_metric": 6171.787109375
}