{
	"best_train_main_metric": 747.1506958007812,
	"best_valid_main_acc": 0.8073089718818665,
	"best_valid_main_smin_acc": 0.3199999928474426,
	"best_valid_main_pdelta": 0.04994238168001175,
	"best_train_main_random_metric": 747.9576416015625
}