{
	"best_train_main_metric": 524.6627197265625,
	"best_valid_main_acc": 0.5760368704795837,
	"best_valid_main_smin_acc": 0.5794392228126526,
	"best_valid_main_pdelta": 0.008057721890509129,
	"best_train_main_random_metric": 554.5897216796875
}