{
	"best_train_main_metric": 22755.884765625,
	"best_valid_main_acc": 0.48168498277664185,
	"best_valid_main_smin_acc": 0.48511382937431335,
	"best_valid_main_pdelta": 0.04076659306883812,
	"best_train_main_random_metric": 5.837717056274414
}