{
	"best_train_main_metric": 23748.609375,
	"best_valid_main_acc": 0.4715111553668976,
	"best_valid_main_smin_acc": 0.4245283007621765,
	"best_valid_main_pdelta": 0.5126268267631531,
	"best_train_main_random_metric": 19.783248901367188
}