{
	"best_train_main_metric": 20388.80078125,
	"best_valid_main_acc": 0.48472335934638977,
	"best_valid_main_smin_acc": 0.46226415038108826,
	"best_valid_main_pdelta": 0.44636547565460205,
	"best_train_main_random_metric": 28.032947540283203
}