{
	"best_train_main_metric": 12222.798828125,
	"best_valid_main_acc": 0.49631810188293457,
	"best_valid_main_smin_acc": 0.5038167834281921,
	"best_valid_main_pdelta": 0.07259262353181839,
	"best_train_main_random_metric": 2.997694730758667
}