{
	"best_train_main_metric": 4560.46630859375,
	"best_valid_main_acc": 0.7225274443626404,
	"best_valid_main_smin_acc": 0.7285192012786865,
	"best_valid_main_pdelta": 0.022602498531341553,
	"best_train_main_random_metric": 6340.4345703125
}