{
	"best_train_main_metric": 1130.6761474609375,
	"best_valid_main_acc": 0.6461538672447205,
	"best_valid_main_smin_acc": 0.6101190447807312,
	"best_valid_main_pdelta": 0.02102009207010269,
	"best_train_main_random_metric": 1126.849853515625
}