{
	"best_train_main_metric": 1494.497314453125,
	"best_valid_main_acc": 0.7395604252815247,
	"best_valid_main_smin_acc": 0.7232142686843872,
	"best_valid_main_pdelta": 0.003238061675801873,
	"best_train_main_random_metric": 2680.2685546875
}