{
	"best_train_main_metric": 814.76708984375,
	"best_valid_main_acc": 0.7334315180778503,
	"best_valid_main_smin_acc": 0.5328947305679321,
	"best_valid_main_pdelta": 0.027369804680347443,
	"best_train_main_random_metric": 816.8021240234375
}