{
	"best_train_main_metric": 814.7332153320312,
	"best_valid_main_acc": 0.754050076007843,
	"best_valid_main_smin_acc": 0.5526315569877625,
	"best_valid_main_pdelta": 0.027546988800168037,
	"best_train_main_random_metric": 817.0516967773438
}