{
	"best_train_main_metric": 4309.779296875,
	"best_valid_main_acc": 0.668498158454895,
	"best_valid_main_smin_acc": 0.5653923749923706,
	"best_valid_main_pdelta": 0.17247606813907623,
	"best_train_main_random_metric": 6834.74267578125
}