{
	"best_train_main_metric": 4126.63525390625,
	"best_valid_main_acc": 0.6579670310020447,
	"best_valid_main_smin_acc": 0.5653923749923706,
	"best_valid_main_pdelta": 0.21970494091510773,
	"best_train_main_random_metric": 8319.591796875
}