{
	"best_train_main_metric": 979.861083984375,
	"best_valid_main_acc": 0.7425997257232666,
	"best_valid_main_smin_acc": 0.5974025726318359,
	"best_valid_main_pdelta": 0.019913839176297188,
	"best_train_main_random_metric": 979.8125610351562
}