{
	"best_train_main_metric": 806.707763671875,
	"best_valid_main_acc": 0.7850707769393921,
	"best_valid_main_smin_acc": 0.6017315983772278,
	"best_valid_main_pdelta": 0.04986001178622246,
	"best_train_main_random_metric": 2996.5439453125
}