{
	"best_train_main_metric": 4964.2958984375,
	"best_valid_main_acc": 0.5819597244262695,
	"best_valid_main_smin_acc": 0.30927833914756775,
	"best_valid_main_pdelta": 0.07278893887996674,
	"best_train_main_random_metric": 5323.51611328125
}