{
	"best_train_main_metric": 10.01887035369873,
	"best_valid_main_acc": 0.7463164925575256,
	"best_valid_main_smin_acc": 0.58681321144104,
	"best_valid_main_pdelta": 0.47597622871398926,
	"best_train_main_random_metric": 28255.74609375
}