{
	"best_train_main_metric": 8.441085815429688,
	"best_valid_main_acc": 0.7772893905639648,
	"best_valid_main_smin_acc": 0.5268816947937012,
	"best_valid_main_pdelta": 0.4544263482093811,
	"best_train_main_random_metric": 29503.359375
}