{
	"best_train_main_metric": 21.407001495361328,
	"best_valid_main_acc": 0.726457417011261,
	"best_valid_main_smin_acc": 0.5250544548034668,
	"best_valid_main_pdelta": 0.48061034083366394,
	"best_train_main_random_metric": 28672.712890625
}