{
	"best_train_main_metric": 687.4935302734375,
	"best_valid_main_acc": 0.8561019897460938,
	"best_valid_main_smin_acc": 0.1666666716337204,
	"best_valid_main_pdelta": 0.049008559435606,
	"best_train_main_random_metric": 687.1188354492188
}