{
	"best_train_main_metric": 335.476806640625,
	"best_valid_main_acc": 0.8943533897399902,
	"best_valid_main_smin_acc": 0.3333333432674408,
	"best_valid_main_pdelta": 0.10665968060493469,
	"best_train_main_random_metric": 3067.421142578125
}