{
	"best_train_main_metric": 13378.2861328125,
	"best_valid_main_acc": 0.49038460850715637,
	"best_valid_main_smin_acc": 0.505084753036499,
	"best_valid_main_pdelta": 0.03917742520570755,
	"best_train_main_random_metric": 0.15531858801841736
}