{
	"best_train_main_metric": 13482.45703125,
	"best_valid_main_acc": 0.5027472376823425,
	"best_valid_main_smin_acc": 0.5152542591094971,
	"best_valid_main_pdelta": 0.03763062506914139,
	"best_train_main_random_metric": 0.10822644829750061
}