{
	"best_train_main_metric": 747.3447265625,
	"best_valid_main_acc": 0.8239202499389648,
	"best_valid_main_smin_acc": 0.5199999809265137,
	"best_valid_main_pdelta": 0.04095695540308952,
	"best_train_main_random_metric": 746.1948852539062
}