{
	"best_train_main_metric": 342.7606201171875,
	"best_valid_main_acc": 0.8248847723007202,
	"best_valid_main_smin_acc": 0.60317462682724,
	"best_valid_main_pdelta": 0.05225108936429024,
	"best_train_main_random_metric": 591.7415161132812
}