{
	"best_train_main_metric": 689.390625,
	"best_valid_main_acc": 0.8615664839744568,
	"best_valid_main_smin_acc": 0.1666666716337204,
	"best_valid_main_pdelta": 0.0622505359351635,
	"best_train_main_random_metric": 685.9446411132812
}