{
	"best_train_main_metric": 936.7791748046875,
	"best_valid_main_acc": 0.7213114500045776,
	"best_valid_main_smin_acc": 0.8333333134651184,
	"best_valid_main_pdelta": 0.003537221346050501,
	"best_train_main_random_metric": 1504.85302734375
}