{
	"best_train_main_metric": 1.4357874393463135,
	"best_valid_main_acc": 0.7802197933197021,
	"best_valid_main_smin_acc": 0.7394136786460876,
	"best_valid_main_pdelta": 0.0266029704362154,
	"best_train_main_random_metric": 16127.1943359375
}