{
	"best_train_main_metric": 11378.3876953125,
	"best_valid_main_acc": 0.49908924102783203,
	"best_valid_main_smin_acc": 0.125,
	"best_valid_main_pdelta": 0.041332077234983444,
	"best_train_main_random_metric": 2.98166823387146
}