{
	"best_train_main_metric": 28.848526000976562,
	"best_valid_main_acc": 0.704395592212677,
	"best_valid_main_smin_acc": 0.5837838053703308,
	"best_valid_main_pdelta": 0.4862419366836548,
	"best_train_main_random_metric": 32667.619140625
}