{
	"best_train_main_metric": 489.80224609375,
	"best_valid_main_acc": 0.5115207433700562,
	"best_valid_main_smin_acc": 0.4859813153743744,
	"best_valid_main_pdelta": 0.06070215627551079,
	"best_train_main_random_metric": 538.9308471679688
}