{
	"best_train_main_metric": 1323.62353515625,
	"best_valid_main_acc": 0.6886447072029114,
	"best_valid_main_smin_acc": 0.6795096397399902,
	"best_valid_main_pdelta": 0.016769545152783394,
	"best_train_main_random_metric": 1327.89013671875
}