{
	"best_train_main_metric": 8309.8076171875,
	"best_valid_main_acc": 0.5283446907997131,
	"best_valid_main_smin_acc": 0.6000000238418579,
	"best_valid_main_pdelta": 0.0258294977247715,
	"best_train_main_random_metric": 1.4451762437820435
}