{
	"best_train_main_metric": 15527.4072265625,
	"best_valid_main_acc": 0.5032967329025269,
	"best_valid_main_smin_acc": 0.5476190447807312,
	"best_valid_main_pdelta": 0.04428398236632347,
	"best_train_main_random_metric": 3.444082021713257
}