{
	"best_train_main_metric": 344.0835266113281,
	"best_valid_main_acc": 0.8479262590408325,
	"best_valid_main_smin_acc": 0.8299999833106995,
	"best_valid_main_pdelta": 0.05572257936000824,
	"best_train_main_random_metric": 586.8944702148438
}