{
	"best_train_main_metric": 2.8887014389038086,
	"best_valid_main_acc": 0.7851428389549255,
	"best_valid_main_smin_acc": 0.8117913603782654,
	"best_valid_main_pdelta": 0.01792813464999199,
	"best_train_main_random_metric": 18650.74609375
}