{
	"best_train_main_metric": 815.0838012695312,
	"best_valid_main_acc": 0.7628865838050842,
	"best_valid_main_smin_acc": 0.5460526347160339,
	"best_valid_main_pdelta": 0.02864491008222103,
	"best_train_main_random_metric": 816.2412109375
}