{
	"best_train_main_metric": 2871.1787109375,
	"best_valid_main_acc": 0.6039377450942993,
	"best_valid_main_smin_acc": 0.5655362010002136,
	"best_valid_main_pdelta": 0.1377839893102646,
	"best_train_main_random_metric": 2867.2060546875
}