{
	"best_train_main_metric": 12083.279296875,
	"best_valid_main_acc": 0.5282391905784607,
	"best_valid_main_smin_acc": 0.6200000047683716,
	"best_valid_main_pdelta": 0.049678802490234375,
	"best_train_main_random_metric": 1.4362056255340576
}