{
	"best_train_main_metric": 10.545392036437988,
	"best_valid_main_acc": 0.7780219912528992,
	"best_valid_main_smin_acc": 0.5017921328544617,
	"best_valid_main_pdelta": 0.4873647391796112,
	"best_train_main_random_metric": 27528.51171875
}