{
	"best_train_main_metric": 4638.37744140625,
	"best_valid_main_acc": 0.7097069621086121,
	"best_valid_main_smin_acc": 0.7175090312957764,
	"best_valid_main_pdelta": 0.08715668320655823,
	"best_train_main_random_metric": 5655.826171875
}