{
	"best_train_main_metric": 2239.6064453125,
	"best_valid_main_acc": 0.6296703219413757,
	"best_valid_main_smin_acc": 0.5388600826263428,
	"best_valid_main_pdelta": 0.16175459325313568,
	"best_train_main_random_metric": 2279.74755859375
}