{
	"best_train_main_metric": 15113.83984375,
	"best_valid_main_acc": 0.4958791136741638,
	"best_valid_main_smin_acc": 0.5150501728057861,
	"best_valid_main_pdelta": 0.029250536113977432,
	"best_train_main_random_metric": 4.757360935211182
}