{
	"best_train_main_metric": 22545.578125,
	"best_valid_main_acc": 0.49903908371925354,
	"best_valid_main_smin_acc": 0.5439814925193787,
	"best_valid_main_pdelta": 0.47603508830070496,
	"best_train_main_random_metric": 38.704315185546875
}