{
	"best_train_main_metric": 23584.08203125,
	"best_valid_main_acc": 0.5054452419281006,
	"best_valid_main_smin_acc": 0.5277777910232544,
	"best_valid_main_pdelta": 0.4306166172027588,
	"best_train_main_random_metric": 66.20198822021484
}