{
	"best_train_main_metric": 4115.03955078125,
	"best_valid_main_acc": 0.6309523582458496,
	"best_valid_main_smin_acc": 0.39259257912635803,
	"best_valid_main_pdelta": 0.2655438482761383,
	"best_train_main_random_metric": 8425.6513671875
}