{
	"best_train_main_metric": 4319.22265625,
	"best_valid_main_acc": 0.682692289352417,
	"best_valid_main_smin_acc": 0.4148148000240326,
	"best_valid_main_pdelta": 0.21178719401359558,
	"best_train_main_random_metric": 7675.06005859375
}