{
	"best_train_main_metric": 676.6326904296875,
	"best_valid_main_acc": 0.8998178243637085,
	"best_valid_main_smin_acc": 0.375,
	"best_valid_main_pdelta": 0.05466284230351448,
	"best_train_main_random_metric": 677.8818969726562
}