{
	"best_train_main_metric": 488.038330078125,
	"best_valid_main_acc": 0.5898617506027222,
	"best_valid_main_smin_acc": 0.5904762148857117,
	"best_valid_main_pdelta": 0.05365428701043129,
	"best_train_main_random_metric": 591.8448486328125
}