{
	"best_train_main_metric": 547.3709106445312,
	"best_valid_main_acc": 0.8321995735168457,
	"best_valid_main_smin_acc": 0.0,
	"best_valid_main_pdelta": 0.038327861577272415,
	"best_train_main_random_metric": 550.4194946289062
}