{
	"best_train_main_metric": 547.0945434570312,
	"best_valid_main_acc": 0.7278911471366882,
	"best_valid_main_smin_acc": 0.20000000298023224,
	"best_valid_main_pdelta": 0.04307301342487335,
	"best_train_main_random_metric": 550.8429565429688
}