{
	"best_train_main_metric": 3938.8232421875,
	"best_valid_main_acc": 0.6607142686843872,
	"best_valid_main_smin_acc": 0.6441605687141418,
	"best_valid_main_pdelta": 0.15418118238449097,
	"best_train_main_random_metric": 7127.21142578125
}