{
	"best_train_main_metric": 113.4698715209961,
	"best_valid_main_acc": 0.6973443031311035,
	"best_valid_main_smin_acc": 0.6815693378448486,
	"best_valid_main_pdelta": 0.45125940442085266,
	"best_train_main_random_metric": 30920.28515625
}