{
	"best_train_main_metric": 23812.701171875,
	"best_valid_main_acc": 0.4983516335487366,
	"best_valid_main_smin_acc": 0.49864864349365234,
	"best_valid_main_pdelta": 0.5723929405212402,
	"best_train_main_random_metric": 235.5603790283203
}