{
	"best_train_main_metric": 341.3921813964844,
	"best_valid_main_acc": 0.7972350120544434,
	"best_valid_main_smin_acc": 0.801980197429657,
	"best_valid_main_pdelta": 0.07189325988292694,
	"best_train_main_random_metric": 569.522216796875
}