{
	"best_train_main_metric": 677.0423583984375,
	"best_valid_main_acc": 0.8961748480796814,
	"best_valid_main_smin_acc": 0.375,
	"best_valid_main_pdelta": 0.06317084282636642,
	"best_train_main_random_metric": 677.4778442382812
}