{
	"best_train_main_metric": 735.17919921875,
	"best_valid_main_acc": 0.7777777910232544,
	"best_valid_main_smin_acc": 0.5,
	"best_valid_main_pdelta": 0.010741561651229858,
	"best_train_main_random_metric": 1765.4730224609375
}