{
	"best_train_main_metric": 11547.564453125,
	"best_valid_main_acc": 0.4916943609714508,
	"best_valid_main_smin_acc": 0.4399999976158142,
	"best_valid_main_pdelta": 0.07482410222291946,
	"best_train_main_random_metric": 0.0790824443101883
}