{
	"best_train_main_metric": 12495.287109375,
	"best_valid_main_acc": 0.5215947031974792,
	"best_valid_main_smin_acc": 0.3199999928474426,
	"best_valid_main_pdelta": 0.05833921208977699,
	"best_train_main_random_metric": 0.05495521053671837
}