{
	"best_train_main_metric": 17171.103515625,
	"best_valid_main_acc": 0.5083655118942261,
	"best_valid_main_smin_acc": 0.5532786846160889,
	"best_valid_main_pdelta": 0.06512434780597687,
	"best_train_main_random_metric": 2.839421272277832
}