{
	"best_train_main_metric": 505.9797058105469,
	"best_valid_main_acc": 0.5622119903564453,
	"best_valid_main_smin_acc": 0.625,
	"best_valid_main_pdelta": 0.005530374124646187,
	"best_train_main_random_metric": 564.522216796875
}