{
	"best_train_main_metric": 260.0396728515625,
	"best_valid_main_acc": 0.8110598921775818,
	"best_valid_main_smin_acc": 0.125,
	"best_valid_main_pdelta": 0.7017880082130432,
	"best_train_main_random_metric": 1176.6072998046875
}