{
	"best_train_main_metric": 0.033011194318532944,
	"best_valid_main_acc": 0.9274376630783081,
	"best_valid_main_smin_acc": 0.4000000059604645,
	"best_valid_main_pdelta": 0.09211465716362,
	"best_train_main_random_metric": 8756.3212890625
}