{
	"best_train_main_metric": 4608.3662109375,
	"best_valid_main_acc": 0.7019230723381042,
	"best_valid_main_smin_acc": 0.08465608209371567,
	"best_valid_main_pdelta": 0.16927793622016907,
	"best_train_main_random_metric": 5430.02197265625
}