{
	"best_train_main_metric": 769.1552124023438,
	"best_valid_main_acc": 0.7126805782318115,
	"best_valid_main_smin_acc": 0.5580110549926758,
	"best_valid_main_pdelta": 0.01680317521095276,
	"best_train_main_random_metric": 768.8239135742188
}