{
	"best_train_main_metric": 4584.30712890625,
	"best_valid_main_acc": 0.720695972442627,
	"best_valid_main_smin_acc": 0.29104477167129517,
	"best_valid_main_pdelta": 0.004711686167865992,
	"best_train_main_random_metric": 6002.53759765625
}