{
	"best_train_main_metric": 4638.9755859375,
	"best_valid_main_acc": 0.636904776096344,
	"best_valid_main_smin_acc": 0.3096676766872406,
	"best_valid_main_pdelta": 0.19326122105121613,
	"best_train_main_random_metric": 5386.76171875
}