{
	"best_train_main_metric": 706.2764892578125,
	"best_valid_main_acc": 0.750455379486084,
	"best_valid_main_smin_acc": 0.6000000238418579,
	"best_valid_main_pdelta": 0.04778328910470009,
	"best_train_main_random_metric": 704.78564453125
}