{
	"best_train_main_metric": 503.349609375,
	"best_valid_main_acc": 0.599078357219696,
	"best_valid_main_smin_acc": 0.5945945978164673,
	"best_valid_main_pdelta": 0.05177959054708481,
	"best_train_main_random_metric": 564.8263549804688
}