{
	"best_train_main_metric": 1338.7760009765625,
	"best_valid_main_acc": 0.6709091067314148,
	"best_valid_main_smin_acc": 0.24705882370471954,
	"best_valid_main_pdelta": 0.3085165023803711,
	"best_train_main_random_metric": 1343.24658203125
}