{
	"best_train_main_metric": 30998.798828125,
	"best_valid_main_acc": 0.5027472376823425,
	"best_valid_main_smin_acc": 0.5117328763008118,
	"best_valid_main_pdelta": 0.4519686996936798,
	"best_train_main_random_metric": 191.6803436279297
}