{
	"best_train_main_metric": 35.17819595336914,
	"best_valid_main_acc": 0.7379884719848633,
	"best_valid_main_smin_acc": 0.5428571701049805,
	"best_valid_main_pdelta": 0.4849320352077484,
	"best_train_main_random_metric": 27845.6015625
}