{
	"best_train_main_metric": 4648.4404296875,
	"best_valid_main_acc": 0.7124541997909546,
	"best_valid_main_smin_acc": 0.038142621517181396,
	"best_valid_main_pdelta": 0.17857001721858978,
	"best_train_main_random_metric": 5756.5400390625
}