{
	"best_train_main_metric": 4658.04736328125,
	"best_valid_main_acc": 0.6863552927970886,
	"best_valid_main_smin_acc": 0.05970149114727974,
	"best_valid_main_pdelta": 0.20161224901676178,
	"best_train_main_random_metric": 5545.07861328125
}