{
	"best_train_main_metric": 19541.498046875,
	"best_valid_main_acc": 0.49963369965553284,
	"best_valid_main_smin_acc": 0.4121863842010498,
	"best_valid_main_pdelta": 0.425811231136322,
	"best_train_main_random_metric": 34.79334259033203
}