{
	"best_train_main_metric": 4277.38232421875,
	"best_valid_main_acc": 0.7353479862213135,
	"best_valid_main_smin_acc": 0.4583333432674408,
	"best_valid_main_pdelta": 0.03902949020266533,
	"best_train_main_random_metric": 6198.01513671875
}