{
	"best_train_main_metric": 13931.890625,
	"best_valid_main_acc": 0.5199485421180725,
	"best_valid_main_smin_acc": 0.557939887046814,
	"best_valid_main_pdelta": 0.034000784158706665,
	"best_train_main_random_metric": 4.678907871246338
}