{
	"best_train_main_metric": 469.93145751953125,
	"best_valid_main_acc": 0.617511510848999,
	"best_valid_main_smin_acc": 0.5070422291755676,
	"best_valid_main_pdelta": 0.16629189252853394,
	"best_train_main_random_metric": 548.4583740234375
}