{
	"best_train_main_metric": 460.9306640625,
	"best_valid_main_acc": 0.5898617506027222,
	"best_valid_main_smin_acc": 0.43661972880363464,
	"best_valid_main_pdelta": 0.14805595576763153,
	"best_train_main_random_metric": 527.9865112304688
}