{
	"best_train_main_metric": 4572.27734375,
	"best_valid_main_acc": 0.7229853272438049,
	"best_valid_main_smin_acc": 0.42351454496383667,
	"best_valid_main_pdelta": 0.018568068742752075,
	"best_train_main_random_metric": 6308.234375
}