{
	"best_train_main_metric": 10970.0,
	"best_valid_main_acc": 0.5100182294845581,
	"best_valid_main_smin_acc": 0.125,
	"best_valid_main_pdelta": 0.044500745832920074,
	"best_train_main_random_metric": 2.8816027641296387
}