{
	"best_train_main_metric": 14638.38671875,
	"best_valid_main_acc": 0.5082417726516724,
	"best_valid_main_smin_acc": 0.5384615659713745,
	"best_valid_main_pdelta": 0.0354076512157917,
	"best_train_main_random_metric": 4.858774662017822
}