{
	"best_train_main_metric": 1.4982985258102417,
	"best_valid_main_acc": 0.8687707781791687,
	"best_valid_main_smin_acc": 0.4166666567325592,
	"best_valid_main_pdelta": 0.15521372854709625,
	"best_train_main_random_metric": 11804.6240234375
}