{
	"best_train_main_metric": 1.4800347089767456,
	"best_valid_main_acc": 0.8720930218696594,
	"best_valid_main_smin_acc": 0.44999998807907104,
	"best_valid_main_pdelta": 0.11910225450992584,
	"best_train_main_random_metric": 11726.232421875
}