{
	"best_train_main_metric": 3.3840057849884033,
	"best_valid_main_acc": 0.8035714030265808,
	"best_valid_main_smin_acc": 0.8193979859352112,
	"best_valid_main_pdelta": 0.021809060126543045,
	"best_train_main_random_metric": 15728.0234375
}