{
	"best_train_main_metric": 525.6718139648438,
	"best_valid_main_acc": 0.5760368704795837,
	"best_valid_main_smin_acc": 0.8372092843055725,
	"best_valid_main_pdelta": 0.0013666433515027165,
	"best_train_main_random_metric": 551.350830078125
}