{
	"best_train_main_metric": 473.6931457519531,
	"best_valid_main_acc": 0.6221198439598083,
	"best_valid_main_smin_acc": 0.6333333253860474,
	"best_valid_main_pdelta": 0.13277782499790192,
	"best_train_main_random_metric": 571.2855224609375
}