{
	"best_train_main_metric": 746.7659301757812,
	"best_valid_main_acc": 0.8122923374176025,
	"best_valid_main_smin_acc": 0.5,
	"best_valid_main_pdelta": 0.03911825641989708,
	"best_train_main_random_metric": 746.6343383789062
}