{
	"best_train_main_metric": 1180.9176025390625,
	"best_valid_main_acc": 0.6744186282157898,
	"best_valid_main_smin_acc": 0.5400000214576721,
	"best_valid_main_pdelta": 0.003967156168073416,
	"best_train_main_random_metric": 1630.1632080078125
}