{
	"best_train_main_metric": 4390.5009765625,
	"best_valid_main_acc": 0.7129120826721191,
	"best_valid_main_smin_acc": 0.5168161392211914,
	"best_valid_main_pdelta": 0.1578216403722763,
	"best_train_main_random_metric": 7852.8623046875
}