{
	"best_train_main_metric": 4011.510498046875,
	"best_valid_main_acc": 0.7092490792274475,
	"best_valid_main_smin_acc": 0.5313901305198669,
	"best_valid_main_pdelta": 0.16575512290000916,
	"best_train_main_random_metric": 7637.42041015625
}