{
	"best_train_main_metric": 611.3857421875,
	"best_valid_main_acc": 0.7991718649864197,
	"best_valid_main_smin_acc": 0.45614033937454224,
	"best_valid_main_pdelta": 0.020238837227225304,
	"best_train_main_random_metric": 611.6034545898438
}