{
	"best_train_main_metric": 611.5030517578125,
	"best_valid_main_acc": 0.784679114818573,
	"best_valid_main_smin_acc": 0.5087719559669495,
	"best_valid_main_pdelta": 0.018719276413321495,
	"best_train_main_random_metric": 611.4971313476562
}