{
	"best_train_main_metric": 24370.412109375,
	"best_valid_main_acc": 0.5527272820472717,
	"best_valid_main_smin_acc": 0.625,
	"best_valid_main_pdelta": 0.4672834575176239,
	"best_train_main_random_metric": 6.976990222930908
}