{
	"best_train_main_metric": 334.07757568359375,
	"best_valid_main_acc": 0.774193525314331,
	"best_valid_main_smin_acc": 0.25641027092933655,
	"best_valid_main_pdelta": 0.04990150406956673,
	"best_train_main_random_metric": 589.4070434570312
}