{
	"best_train_main_metric": 607.5668334960938,
	"best_valid_main_acc": 0.7950310707092285,
	"best_valid_main_smin_acc": 0.32499998807907104,
	"best_valid_main_pdelta": 0.035567205399274826,
	"best_train_main_random_metric": 608.438720703125
}