{
	"best_train_main_metric": 1.417797565460205,
	"best_valid_main_acc": 0.8144329786300659,
	"best_valid_main_smin_acc": 0.5789473652839661,
	"best_valid_main_pdelta": 0.04637369140982628,
	"best_train_main_random_metric": 14181.30859375
}