{
	"best_train_main_metric": 1.4292839765548706,
	"best_valid_main_acc": 0.8188512325286865,
	"best_valid_main_smin_acc": 0.5657894611358643,
	"best_valid_main_pdelta": 0.03906136751174927,
	"best_train_main_random_metric": 14026.3037109375
}