{
	"best_train_main_metric": 25336.9921875,
	"best_valid_main_acc": 0.5190908908843994,
	"best_valid_main_smin_acc": 0.4166666567325592,
	"best_valid_main_pdelta": 0.4531897008419037,
	"best_train_main_random_metric": 8.206060409545898
}