{
	"best_train_main_metric": 843.6469116210938,
	"best_valid_main_acc": 0.7393225431442261,
	"best_valid_main_smin_acc": 0.580152690410614,
	"best_valid_main_pdelta": 0.0223776213824749,
	"best_train_main_random_metric": 849.3322143554688
}