{
	"best_train_main_metric": 794.3971557617188,
	"best_valid_main_acc": 0.7761414051055908,
	"best_valid_main_smin_acc": 0.6412213444709778,
	"best_valid_main_pdelta": 0.005467450711876154,
	"best_train_main_random_metric": 2680.06201171875
}