{
	"best_train_main_metric": 9.628817558288574,
	"best_valid_main_acc": 0.7322229146957397,
	"best_valid_main_smin_acc": 0.593406617641449,
	"best_valid_main_pdelta": 0.45855534076690674,
	"best_train_main_random_metric": 29945.61328125
}