{
	"best_train_main_metric": 20290.822265625,
	"best_valid_main_acc": 0.5175824165344238,
	"best_valid_main_smin_acc": 0.4732142984867096,
	"best_valid_main_pdelta": 0.05425088480114937,
	"best_train_main_random_metric": 1.4229257106781006
}