{
	"best_train_main_metric": 4737.08740234375,
	"best_valid_main_acc": 0.7000916004180908,
	"best_valid_main_smin_acc": 0.678088366985321,
	"best_valid_main_pdelta": 0.05626833811402321,
	"best_train_main_random_metric": 5724.78125
}