{
	"best_train_main_metric": 4702.22021484375,
	"best_valid_main_acc": 0.6918498277664185,
	"best_valid_main_smin_acc": 0.6663661003112793,
	"best_valid_main_pdelta": 0.07112117111682892,
	"best_train_main_random_metric": 5613.68017578125
}