{
	"best_train_main_metric": 3914.866943359375,
	"best_valid_main_acc": 0.5099295377731323,
	"best_valid_main_smin_acc": 0.5164835453033447,
	"best_valid_main_pdelta": 0.10156334191560745,
	"best_train_main_random_metric": 3836.1669921875
}