{
	"best_train_main_metric": 758.5051879882812,
	"best_valid_main_acc": 0.7673048377037048,
	"best_valid_main_smin_acc": 0.7099236845970154,
	"best_valid_main_pdelta": 0.015572993084788322,
	"best_train_main_random_metric": 3106.32080078125
}