{
	"best_train_main_metric": 844.5844116210938,
	"best_valid_main_acc": 0.754050076007843,
	"best_valid_main_smin_acc": 0.5572519302368164,
	"best_valid_main_pdelta": 0.038794588297605515,
	"best_train_main_random_metric": 849.4215698242188
}