{
	"best_train_main_metric": 4171.66455078125,
	"best_valid_main_acc": 0.6872710585594177,
	"best_valid_main_smin_acc": 0.36786189675331116,
	"best_valid_main_pdelta": 0.20581340789794922,
	"best_train_main_random_metric": 7665.37646484375
}