{
	"best_train_main_metric": 4056.93359375,
	"best_valid_main_acc": 0.668498158454895,
	"best_valid_main_smin_acc": 0.38379815220832825,
	"best_valid_main_pdelta": 0.19927538931369781,
	"best_train_main_random_metric": 7628.1396484375
}