{
	"best_train_main_metric": 5418.17236328125,
	"best_valid_main_acc": 0.4922161102294922,
	"best_valid_main_smin_acc": 0.4839506149291992,
	"best_valid_main_pdelta": 0.0,
	"best_train_main_random_metric": 5418.43115234375
}