{
	"best_train_main_metric": 6.749342441558838,
	"best_valid_main_acc": 0.7809523940086365,
	"best_valid_main_smin_acc": 0.5744680762290955,
	"best_valid_main_pdelta": 0.43633079528808594,
	"best_train_main_random_metric": 29555.439453125
}