{
	"best_train_main_metric": 0.02743677794933319,
	"best_valid_main_acc": 0.8065934181213379,
	"best_valid_main_smin_acc": 0.7470238208770752,
	"best_valid_main_pdelta": 0.02318785898387432,
	"best_train_main_random_metric": 19720.1796875
}