{
	"best_train_main_metric": 747.6493530273438,
	"best_valid_main_acc": 0.7790868878364563,
	"best_valid_main_smin_acc": 0.6319444179534912,
	"best_valid_main_pdelta": 0.011440343223512173,
	"best_train_main_random_metric": 2674.6396484375
}