{
	"best_train_main_metric": 864.3804321289062,
	"best_valid_main_acc": 0.7452135682106018,
	"best_valid_main_smin_acc": 0.5,
	"best_valid_main_pdelta": 0.042289867997169495,
	"best_train_main_random_metric": 864.7186889648438
}