{
	"best_train_main_metric": 2.8310000896453857,
	"best_valid_main_acc": 0.7953668236732483,
	"best_valid_main_smin_acc": 0.6580086350440979,
	"best_valid_main_pdelta": 0.09721922874450684,
	"best_train_main_random_metric": 16559.24609375
}