{
	"best_train_main_metric": 1.6188509464263916,
	"best_valid_main_acc": 0.8217967748641968,
	"best_valid_main_smin_acc": 0.5954198241233826,
	"best_valid_main_pdelta": 0.051023319363594055,
	"best_train_main_random_metric": 13977.3837890625
}