{
	"best_train_main_metric": 1368.571044921875,
	"best_valid_main_acc": 0.6054545640945435,
	"best_valid_main_smin_acc": 0.3207547068595886,
	"best_valid_main_pdelta": 0.23521848022937775,
	"best_train_main_random_metric": 1370.4315185546875
}