{
	"best_train_main_metric": 1976.444580078125,
	"best_valid_main_acc": 0.5483664274215698,
	"best_valid_main_smin_acc": 0.4712041914463043,
	"best_valid_main_pdelta": 0.1071292832493782,
	"best_train_main_random_metric": 1966.4229736328125
}