{
	"best_train_main_metric": 18214.232421875,
	"best_valid_main_acc": 0.5009157657623291,
	"best_valid_main_smin_acc": 0.47297295928001404,
	"best_valid_main_pdelta": 0.0660543143749237,
	"best_train_main_random_metric": 12.199894905090332
}