{
	"best_train_main_metric": 4755.42724609375,
	"best_valid_main_acc": 0.721611738204956,
	"best_valid_main_smin_acc": 0.149920254945755,
	"best_valid_main_pdelta": 0.07919280976057053,
	"best_train_main_random_metric": 5649.3583984375
}