{
	"best_train_main_metric": 4664.5966796875,
	"best_valid_main_acc": 0.694597065448761,
	"best_valid_main_smin_acc": 0.20255182683467865,
	"best_valid_main_pdelta": 0.1178843304514885,
	"best_train_main_random_metric": 5437.5380859375
}