{
	"best_train_main_metric": 29354.01171875,
	"best_valid_main_acc": 0.5451633334159851,
	"best_valid_main_smin_acc": 0.49670329689979553,
	"best_valid_main_pdelta": 0.49223312735557556,
	"best_train_main_random_metric": 18.45068359375
}