{
	"best_train_main_metric": 766.0716552734375,
	"best_valid_main_acc": 0.7840531468391418,
	"best_valid_main_smin_acc": 0.36000001430511475,
	"best_valid_main_pdelta": 0.0073809511959552765,
	"best_train_main_random_metric": 2357.6533203125
}