{
	"best_train_main_metric": 747.6513671875,
	"best_valid_main_acc": 0.8073089718818665,
	"best_valid_main_smin_acc": 0.3199999928474426,
	"best_valid_main_pdelta": 0.05607496201992035,
	"best_train_main_random_metric": 747.5241088867188
}