{
	"best_train_main_metric": 750.8655395507812,
	"best_valid_main_acc": 0.7239165306091309,
	"best_valid_main_smin_acc": 0.6353591084480286,
	"best_valid_main_pdelta": 0.012521672993898392,
	"best_train_main_random_metric": 750.562744140625
}