{
	"best_train_main_metric": 16489.2421875,
	"best_valid_main_acc": 0.47999998927116394,
	"best_valid_main_smin_acc": 0.45578232407569885,
	"best_valid_main_pdelta": 0.030007975175976753,
	"best_train_main_random_metric": 2.0084359645843506
}