{
	"best_train_main_metric": 13715.0810546875,
	"best_valid_main_acc": 0.49175822734832764,
	"best_valid_main_smin_acc": 0.4397394061088562,
	"best_valid_main_pdelta": 0.024175070226192474,
	"best_train_main_random_metric": 1.090965986251831
}