{
	"best_train_main_metric": 704.0383911132812,
	"best_valid_main_acc": 0.8943533897399902,
	"best_valid_main_smin_acc": 0.4000000059604645,
	"best_valid_main_pdelta": 0.061394914984703064,
	"best_train_main_random_metric": 704.5530395507812
}