{
	"best_train_main_metric": 704.2130737304688,
	"best_valid_main_acc": 0.8979963660240173,
	"best_valid_main_smin_acc": 0.4000000059604645,
	"best_valid_main_pdelta": 0.05185266584157944,
	"best_train_main_random_metric": 705.3932495117188
}