{
	"best_train_main_metric": 3376.730224609375,
	"best_valid_main_acc": 0.4871794879436493,
	"best_valid_main_smin_acc": 0.48028674721717834,
	"best_valid_main_pdelta": 0.0008663031621836126,
	"best_train_main_random_metric": 3388.173828125
}