{
	"best_train_main_metric": 4203.15380859375,
	"best_valid_main_acc": 0.6785714030265808,
	"best_valid_main_smin_acc": 0.260740727186203,
	"best_valid_main_pdelta": 0.2502797544002533,
	"best_train_main_random_metric": 9188.044921875
}