{
	"best_train_main_metric": 3655.103759765625,
	"best_valid_main_acc": 0.6597985625267029,
	"best_valid_main_smin_acc": 0.3466666638851166,
	"best_valid_main_pdelta": 0.2937224507331848,
	"best_train_main_random_metric": 9887.662109375
}