{
	"best_train_main_metric": 4679.314453125,
	"best_valid_main_acc": 0.7129120826721191,
	"best_valid_main_smin_acc": 0.4336283206939697,
	"best_valid_main_pdelta": 0.009866047650575638,
	"best_train_main_random_metric": 6063.56884765625
}