{
	"best_train_main_metric": 3.0104660987854004,
	"best_valid_main_acc": 0.7728937864303589,
	"best_valid_main_smin_acc": 0.7845884561538696,
	"best_valid_main_pdelta": 0.03235839307308197,
	"best_train_main_random_metric": 23840.947265625
}