{
	"best_train_main_metric": 3384.49169921875,
	"best_valid_main_acc": 0.4952380955219269,
	"best_valid_main_smin_acc": 0.44680851697921753,
	"best_valid_main_pdelta": 0.0054201469756662846,
	"best_train_main_random_metric": 3360.3916015625
}