{
	"best_train_main_metric": 750.6431884765625,
	"best_valid_main_acc": 0.7271267771720886,
	"best_valid_main_smin_acc": 0.6298342347145081,
	"best_valid_main_pdelta": 0.013518196530640125,
	"best_train_main_random_metric": 750.8469848632812
}