{
	"best_train_main_metric": 1340.084716796875,
	"best_valid_main_acc": 0.6327838897705078,
	"best_valid_main_smin_acc": 0.6112083792686462,
	"best_valid_main_pdelta": 0.016665713861584663,
	"best_train_main_random_metric": 1338.34765625
}