{
	"best_train_main_metric": 1967.0106201171875,
	"best_valid_main_acc": 0.7573260068893433,
	"best_valid_main_smin_acc": 0.8056042194366455,
	"best_valid_main_pdelta": 0.0017272373661398888,
	"best_train_main_random_metric": 2942.46240234375
}