{
	"best_train_main_metric": 1.4184850454330444,
	"best_valid_main_acc": 0.8654244542121887,
	"best_valid_main_smin_acc": 0.4912280738353729,
	"best_valid_main_pdelta": 0.05265698581933975,
	"best_train_main_random_metric": 9946.9580078125
}