{
	"best_train_main_metric": 16649.4609375,
	"best_valid_main_acc": 0.4916344881057739,
	"best_valid_main_smin_acc": 0.561475396156311,
	"best_valid_main_pdelta": 0.042771197855472565,
	"best_train_main_random_metric": 7.0119948387146
}