{
	"best_train_main_metric": 7.081962585449219,
	"best_valid_main_acc": 0.8216350078582764,
	"best_valid_main_smin_acc": 0.4122137427330017,
	"best_valid_main_pdelta": 0.46779605746269226,
	"best_train_main_random_metric": 27957.130859375
}