{
	"best_train_main_metric": 2447.27978515625,
	"best_valid_main_acc": 0.7655677795410156,
	"best_valid_main_smin_acc": 0.4789271950721741,
	"best_valid_main_pdelta": 0.07622119039297104,
	"best_train_main_random_metric": 3540.636474609375
}