{
	"best_train_main_metric": 1721.3397216796875,
	"best_valid_main_acc": 0.723809540271759,
	"best_valid_main_smin_acc": 0.4789271950721741,
	"best_valid_main_pdelta": 0.29297834634780884,
	"best_train_main_random_metric": 1719.471923828125
}