{
	"best_train_main_metric": 4610.078125,
	"best_valid_main_acc": 0.6506410241127014,
	"best_valid_main_smin_acc": 0.49103137850761414,
	"best_valid_main_pdelta": 0.1317284256219864,
	"best_train_main_random_metric": 5332.1953125
}