{
	"best_train_main_metric": 451.3943786621094,
	"best_valid_main_acc": 0.5622119903564453,
	"best_valid_main_smin_acc": 0.4166666567325592,
	"best_valid_main_pdelta": 0.2817365825176239,
	"best_train_main_random_metric": 673.4575805664062
}