{
	"best_train_main_metric": 6.605123519897461,
	"best_valid_main_acc": 0.7890110015869141,
	"best_valid_main_smin_acc": 0.5283687710762024,
	"best_valid_main_pdelta": 0.46776655316352844,
	"best_train_main_random_metric": 30008.53515625
}