{
	"best_train_main_metric": 10094.1083984375,
	"best_valid_main_acc": 0.5113871693611145,
	"best_valid_main_smin_acc": 0.5087719559669495,
	"best_valid_main_pdelta": 0.024973277002573013,
	"best_train_main_random_metric": 2.8125388622283936
}