{
	"best_train_main_metric": 509.60333251953125,
	"best_valid_main_acc": 0.599078357219696,
	"best_valid_main_smin_acc": 1.0,
	"best_valid_main_pdelta": 0.0008526617311872542,
	"best_train_main_random_metric": 553.334228515625
}