{
	"best_train_main_metric": 1959.4757080078125,
	"best_valid_main_acc": 0.6841768026351929,
	"best_valid_main_smin_acc": 0.5464363098144531,
	"best_valid_main_pdelta": 0.14082908630371094,
	"best_train_main_random_metric": 1961.749755859375
}