{
	"best_train_main_metric": 2341.45068359375,
	"best_valid_main_acc": 0.7527226209640503,
	"best_valid_main_smin_acc": 0.5982721447944641,
	"best_valid_main_pdelta": 0.1884206384420395,
	"best_train_main_random_metric": 4861.39453125
}