{
	"best_train_main_metric": 6.722282409667969,
	"best_valid_main_acc": 0.7787545919418335,
	"best_valid_main_smin_acc": 0.5,
	"best_valid_main_pdelta": 0.4303467869758606,
	"best_train_main_random_metric": 31765.46484375
}