{
	"best_train_main_metric": 0.026736896485090256,
	"best_valid_main_acc": 0.9297052025794983,
	"best_valid_main_smin_acc": 0.20000000298023224,
	"best_valid_main_pdelta": 0.09138266742229462,
	"best_train_main_random_metric": 9202.904296875
}