{
	"best_train_main_metric": 2027.109619140625,
	"best_valid_main_acc": 0.7554945349693298,
	"best_valid_main_smin_acc": 0.7837837934494019,
	"best_valid_main_pdelta": 0.0024912874214351177,
	"best_train_main_random_metric": 2901.62451171875
}