{
	"best_train_main_metric": 1370.454345703125,
	"best_valid_main_acc": 0.6712453961372375,
	"best_valid_main_smin_acc": 0.6911196708679199,
	"best_valid_main_pdelta": 0.019075091928243637,
	"best_train_main_random_metric": 1387.32373046875
}