{
	"best_train_main_metric": 1.406680703163147,
	"best_valid_main_acc": 0.7857142686843872,
	"best_valid_main_smin_acc": 0.7635327577590942,
	"best_valid_main_pdelta": 0.022132277488708496,
	"best_train_main_random_metric": 21762.423828125
}