{
	"best_train_main_metric": 1705.25048828125,
	"best_valid_main_acc": 0.5494505763053894,
	"best_valid_main_smin_acc": 0.3583489656448364,
	"best_valid_main_pdelta": 0.14138244092464447,
	"best_train_main_random_metric": 1705.3460693359375
}