{
	"best_train_main_metric": 16.959598541259766,
	"best_valid_main_acc": 0.7290198802947998,
	"best_valid_main_smin_acc": 0.5745140314102173,
	"best_valid_main_pdelta": 0.43590113520622253,
	"best_train_main_random_metric": 28691.458984375
}