{
	"best_train_main_metric": 9.029119491577148,
	"best_valid_main_acc": 0.7367072105407715,
	"best_valid_main_smin_acc": 0.5572354197502136,
	"best_valid_main_pdelta": 0.45744961500167847,
	"best_train_main_random_metric": 34271.1328125
}