{
	"best_train_main_metric": 504.7640686035156,
	"best_valid_main_acc": 0.5622119903564453,
	"best_valid_main_smin_acc": 0.7599999904632568,
	"best_valid_main_pdelta": 0.008319170214235783,
	"best_train_main_random_metric": 561.9265747070312
}