{
	"best_train_main_metric": 11799.7529296875,
	"best_valid_main_acc": 0.46980854868888855,
	"best_valid_main_smin_acc": 0.5496183037757874,
	"best_valid_main_pdelta": 0.07836975157260895,
	"best_train_main_random_metric": 3.518554449081421
}