{
	"best_train_main_metric": 11771.494140625,
	"best_valid_main_acc": 0.4815905690193176,
	"best_valid_main_smin_acc": 0.572519063949585,
	"best_valid_main_pdelta": 0.09324172884225845,
	"best_train_main_random_metric": 3.191549062728882
}