{
	"best_train_main_metric": 0.013152949512004852,
	"best_valid_main_acc": 0.8836363554000854,
	"best_valid_main_smin_acc": 0.3333333432674408,
	"best_valid_main_pdelta": 0.5105752348899841,
	"best_train_main_random_metric": 27509.337890625
}