{
	"best_train_main_metric": 4613.49853515625,
	"best_valid_main_acc": 0.7037546038627625,
	"best_valid_main_smin_acc": 0.5421412587165833,
	"best_valid_main_pdelta": 0.01614428497850895,
	"best_train_main_random_metric": 5868.0791015625
}