{
	"best_train_main_metric": 8163.361328125,
	"best_valid_main_acc": 0.5804988741874695,
	"best_valid_main_smin_acc": 0.800000011920929,
	"best_valid_main_pdelta": 0.026536162942647934,
	"best_train_main_random_metric": 1.4895694255828857
}