{
	"best_train_main_metric": 8313.8642578125,
	"best_valid_main_acc": 0.557823121547699,
	"best_valid_main_smin_acc": 0.4000000059604645,
	"best_valid_main_pdelta": 0.017851294949650764,
	"best_train_main_random_metric": 1.5019481182098389
}