{
	"best_train_main_metric": 1378.33935546875,
	"best_valid_main_acc": 0.6465201377868652,
	"best_valid_main_smin_acc": 0.6494662165641785,
	"best_valid_main_pdelta": 0.017879877239465714,
	"best_train_main_random_metric": 1400.7547607421875
}