{
	"best_train_main_metric": 20.391216278076172,
	"best_valid_main_acc": 0.7225274443626404,
	"best_valid_main_smin_acc": 0.6246537566184998,
	"best_valid_main_pdelta": 0.45542529225349426,
	"best_train_main_random_metric": 39421.9375
}