{
	"best_train_main_metric": 21828.416015625,
	"best_valid_main_acc": 0.503636360168457,
	"best_valid_main_smin_acc": 0.7692307829856873,
	"best_valid_main_pdelta": 0.4939192831516266,
	"best_train_main_random_metric": 6.7035746574401855
}