{
	"best_train_main_metric": 29.273225784301758,
	"best_valid_main_acc": 0.7456758618354797,
	"best_valid_main_smin_acc": 0.5462962985038757,
	"best_valid_main_pdelta": 0.50715571641922,
	"best_train_main_random_metric": 24785.076171875
}