{
	"best_train_main_metric": 31730.830078125,
	"best_valid_main_acc": 0.5311355590820312,
	"best_valid_main_smin_acc": 0.5186533331871033,
	"best_valid_main_pdelta": 0.5120184421539307,
	"best_train_main_random_metric": 192.8367462158203
}