{
	"best_train_main_metric": 2267.165283203125,
	"best_valid_main_acc": 0.6505494713783264,
	"best_valid_main_smin_acc": 0.5854992866516113,
	"best_valid_main_pdelta": 0.18370047211647034,
	"best_train_main_random_metric": 2309.4775390625
}