{
	"best_train_main_metric": 13280.4970703125,
	"best_valid_main_acc": 0.4518272280693054,
	"best_valid_main_smin_acc": 0.6071428656578064,
	"best_valid_main_pdelta": 0.04392712190747261,
	"best_train_main_random_metric": 1.4524712562561035
}