{
	"best_train_main_metric": 294.08819580078125,
	"best_valid_main_acc": 0.8597449660301208,
	"best_valid_main_smin_acc": 0.625,
	"best_valid_main_pdelta": 0.04114836826920509,
	"best_train_main_random_metric": 3395.7509765625
}