{
	"best_train_main_metric": 677.113037109375,
	"best_valid_main_acc": 0.8961748480796814,
	"best_valid_main_smin_acc": 0.375,
	"best_valid_main_pdelta": 0.05683723837137222,
	"best_train_main_random_metric": 677.4015502929688
}