{
	"best_train_main_metric": 1.9360058307647705,
	"best_valid_main_acc": 0.8250401020050049,
	"best_valid_main_smin_acc": 0.7487179636955261,
	"best_valid_main_pdelta": 0.03379432111978531,
	"best_train_main_random_metric": 13025.4482421875
}