{
	"best_train_main_metric": 8728.1455078125,
	"best_valid_main_acc": 0.5258799195289612,
	"best_valid_main_smin_acc": 0.5263158082962036,
	"best_valid_main_pdelta": 0.029952391982078552,
	"best_train_main_random_metric": 1.512540578842163
}