{
	"best_train_main_metric": 9031.6337890625,
	"best_valid_main_acc": 0.4637681245803833,
	"best_valid_main_smin_acc": 0.5964912176132202,
	"best_valid_main_pdelta": 0.03007008694112301,
	"best_train_main_random_metric": 1.4716724157333374
}