{
	"best_train_main_metric": 887.9197998046875,
	"best_valid_main_acc": 0.6895604133605957,
	"best_valid_main_smin_acc": 0.68813556432724,
	"best_valid_main_pdelta": 0.015105568803846836,
	"best_train_main_random_metric": 886.1766357421875
}