{
	"best_train_main_metric": 4725.427734375,
	"best_valid_main_acc": 0.6996337175369263,
	"best_valid_main_smin_acc": 0.30914369225502014,
	"best_valid_main_pdelta": 0.10302827507257462,
	"best_train_main_random_metric": 5425.224609375
}