{
	"best_train_main_metric": 4780.6767578125,
	"best_valid_main_acc": 0.720695972442627,
	"best_valid_main_smin_acc": 0.23367199301719666,
	"best_valid_main_pdelta": 0.07120782136917114,
	"best_train_main_random_metric": 5591.837890625
}