{
	"best_train_main_metric": 1.9371777772903442,
	"best_valid_main_acc": 0.8260073065757751,
	"best_valid_main_smin_acc": 0.5398229956626892,
	"best_valid_main_pdelta": 0.04911331087350845,
	"best_train_main_random_metric": 11569.572265625
}