{
	"best_train_main_metric": 1.9516717195510864,
	"best_valid_main_acc": 0.7967032790184021,
	"best_valid_main_smin_acc": 0.5044247508049011,
	"best_valid_main_pdelta": 0.04725911095738411,
	"best_train_main_random_metric": 11423.900390625
}