{
	"best_train_main_metric": 690.1015014648438,
	"best_valid_main_acc": 0.8652094602584839,
	"best_valid_main_smin_acc": 0.1666666716337204,
	"best_valid_main_pdelta": 0.09311149269342422,
	"best_train_main_random_metric": 690.7122192382812
}