{
	"best_train_main_metric": 2.8110592365264893,
	"best_valid_main_acc": 0.792792797088623,
	"best_valid_main_smin_acc": 0.7056276798248291,
	"best_valid_main_pdelta": 0.0909210816025734,
	"best_train_main_random_metric": 17583.013671875
}