{
	"best_train_main_metric": 12243.453125,
	"best_valid_main_acc": 0.5473515391349792,
	"best_valid_main_smin_acc": 0.5138121843338013,
	"best_valid_main_pdelta": 0.020574375987052917,
	"best_train_main_random_metric": 1.9774361848831177
}