{
	"best_train_main_metric": 13191.7119140625,
	"best_valid_main_acc": 0.5617977380752563,
	"best_valid_main_smin_acc": 0.5524861812591553,
	"best_valid_main_pdelta": 0.021855764091014862,
	"best_train_main_random_metric": 1.9416240453720093
}