{
	"best_train_main_metric": 11257.8447265625,
	"best_valid_main_acc": 0.48763737082481384,
	"best_valid_main_smin_acc": 0.5152542591094971,
	"best_valid_main_pdelta": 0.03907674178481102,
	"best_train_main_random_metric": 0.6021882891654968
}