{
	"best_train_main_metric": 4627.0634765625,
	"best_valid_main_acc": 0.6190476417541504,
	"best_valid_main_smin_acc": 0.5098468065261841,
	"best_valid_main_pdelta": 0.18586431443691254,
	"best_train_main_random_metric": 5319.77392578125
}