{
	"best_train_main_metric": 2.9641361236572266,
	"best_valid_main_acc": 0.7908571362495422,
	"best_valid_main_smin_acc": 0.8231292366981506,
	"best_valid_main_pdelta": 0.017018597573041916,
	"best_train_main_random_metric": 18510.302734375
}