{
	"best_train_main_metric": 23719.62109375,
	"best_valid_main_acc": 0.5063636302947998,
	"best_valid_main_smin_acc": 0.4166666567325592,
	"best_valid_main_pdelta": 0.4470604956150055,
	"best_train_main_random_metric": 10.475964546203613
}