{
	"best_train_main_metric": 0.018809473142027855,
	"best_valid_main_acc": 0.7626373767852783,
	"best_valid_main_smin_acc": 0.6980056762695312,
	"best_valid_main_pdelta": 0.06208625063300133,
	"best_train_main_random_metric": 21155.28515625
}