{
	"best_train_main_metric": 0.015488145872950554,
	"best_valid_main_acc": 0.7714285850524902,
	"best_valid_main_smin_acc": 0.7321937084197998,
	"best_valid_main_pdelta": 0.06451522558927536,
	"best_train_main_random_metric": 22039.0546875
}