{
	"best_train_main_metric": 4263.72705078125,
	"best_valid_main_acc": 0.7866300344467163,
	"best_valid_main_smin_acc": 0.7257559895515442,
	"best_valid_main_pdelta": 0.0,
	"best_train_main_random_metric": 5897.3583984375
}