{
	"best_train_main_metric": 31365.720703125,
	"best_valid_main_acc": 0.5091575384140015,
	"best_valid_main_smin_acc": 0.5404913425445557,
	"best_valid_main_pdelta": 0.5294243097305298,
	"best_train_main_random_metric": 107.18873596191406
}