{
	"best_train_main_metric": 20229.369140625,
	"best_valid_main_acc": 0.5650182962417603,
	"best_valid_main_smin_acc": 0.5905368328094482,
	"best_valid_main_pdelta": 0.383620947599411,
	"best_train_main_random_metric": 1939.302001953125
}