{
	"best_train_main_metric": 23069.951171875,
	"best_valid_main_acc": 0.48937729001045227,
	"best_valid_main_smin_acc": 0.5089605450630188,
	"best_valid_main_pdelta": 0.5048186779022217,
	"best_train_main_random_metric": 23.28810691833496
}