{
	"best_train_main_metric": 2463.11865234375,
	"best_valid_main_acc": 0.9615384340286255,
	"best_train_main_random_metric": 6638.17529296875
}