{
	"best_train_main_metric": 0.07906048744916916,
	"best_valid_main_acc": 0.8090659379959106,
	"best_valid_main_smin_acc": 0.7389830350875854,
	"best_valid_main_pdelta": 0.018653690814971924,
	"best_train_main_random_metric": 13834.712890625
}