{
	"best_train_main_metric": 4898.64892578125,
	"best_valid_main_acc": 0.6744505763053894,
	"best_valid_main_smin_acc": 0.6925995945930481,
	"best_valid_main_pdelta": 0.07958932965993881,
	"best_train_main_random_metric": 5489.37890625
}