{
	"best_train_main_metric": 4570.20849609375,
	"best_valid_main_acc": 0.7129120826721191,
	"best_valid_main_smin_acc": 0.7136322259902954,
	"best_valid_main_pdelta": 0.007030196022242308,
	"best_train_main_random_metric": 5875.2705078125
}