{
	"best_train_main_metric": 495.47686767578125,
	"best_valid_main_acc": 0.5622119903564453,
	"best_valid_main_smin_acc": 0.6666666865348816,
	"best_valid_main_pdelta": 0.04175379499793053,
	"best_train_main_random_metric": 565.5050048828125
}