{
	"best_train_main_metric": 441.6291809082031,
	"best_valid_main_acc": 0.6497696042060852,
	"best_valid_main_smin_acc": 0.30434781312942505,
	"best_valid_main_pdelta": 0.21129487454891205,
	"best_train_main_random_metric": 570.826904296875
}