{
	"best_train_main_metric": 1.0087279081344604,
	"best_valid_main_acc": 0.8588039875030518,
	"best_valid_main_smin_acc": 0.5333333611488342,
	"best_valid_main_pdelta": 0.07064153254032135,
	"best_train_main_random_metric": 10238.119140625
}