{
	"best_train_main_metric": 19.932844161987305,
	"best_valid_main_acc": 0.7802197933197021,
	"best_valid_main_smin_acc": 0.5427509546279907,
	"best_valid_main_pdelta": 0.43893197178840637,
	"best_train_main_random_metric": 25558.59375
}