{
	"best_train_main_metric": 1191.2713623046875,
	"best_valid_main_acc": 0.7847985625267029,
	"best_valid_main_smin_acc": 0.8256227970123291,
	"best_valid_main_pdelta": 0.008891703560948372,
	"best_train_main_random_metric": 4370.88818359375
}