{
	"best_train_main_metric": 1375.0269775390625,
	"best_valid_main_acc": 0.7142857313156128,
	"best_valid_main_smin_acc": 0.7295373678207397,
	"best_valid_main_pdelta": 0.015902966260910034,
	"best_train_main_random_metric": 1379.6688232421875
}