{
	"best_train_main_metric": 7.663661479949951,
	"best_valid_main_acc": 0.7802197933197021,
	"best_valid_main_smin_acc": 0.4944238066673279,
	"best_valid_main_pdelta": 0.47935035824775696,
	"best_train_main_random_metric": 31170.6796875
}