{
	"best_train_main_metric": 4267.77099609375,
	"best_valid_main_acc": 0.7847985625267029,
	"best_train_main_random_metric": 5892.8681640625
}