{
	"best_train_main_metric": 3876.74462890625,
	"best_valid_main_acc": 0.4951953887939453,
	"best_valid_main_smin_acc": 0.4923076927661896,
	"best_valid_main_pdelta": 0.008902897126972675,
	"best_train_main_random_metric": 3841.383056640625
}