{
	"best_train_main_metric": 11682.3701171875,
	"best_valid_main_acc": 0.4972677528858185,
	"best_valid_main_smin_acc": 0.8333333134651184,
	"best_valid_main_pdelta": 0.05387452244758606,
	"best_train_main_random_metric": 2.8204407691955566
}