{
	"best_train_main_metric": 25529.78515625,
	"best_valid_main_acc": 0.45818182826042175,
	"best_valid_main_smin_acc": 0.6666666865348816,
	"best_valid_main_pdelta": 0.45841947197914124,
	"best_train_main_random_metric": 11.794241905212402
}