{
	"best_train_main_metric": 25262.1171875,
	"best_valid_main_acc": 0.4572727382183075,
	"best_valid_main_smin_acc": 0.6666666865348816,
	"best_valid_main_pdelta": 0.4442722499370575,
	"best_train_main_random_metric": 11.819764137268066
}