{
	"best_train_main_metric": 4229.60107421875,
	"best_valid_main_acc": 0.6341575384140015,
	"best_valid_main_smin_acc": 0.6359447240829468,
	"best_valid_main_pdelta": 0.2623291313648224,
	"best_train_main_random_metric": 9760.03125
}