{
	"best_train_main_metric": 4161.00341796875,
	"best_valid_main_acc": 0.6799450516700745,
	"best_valid_main_smin_acc": 0.6847926378250122,
	"best_valid_main_pdelta": 0.18592588603496552,
	"best_train_main_random_metric": 7436.8681640625
}