{
	"best_train_main_metric": 458.4775085449219,
	"best_valid_main_acc": 0.7327188849449158,
	"best_valid_main_smin_acc": 0.5384615659713745,
	"best_valid_main_pdelta": 0.13888218998908997,
	"best_train_main_random_metric": 566.2709350585938
}