{
	"best_train_main_metric": 10677.599609375,
	"best_valid_main_acc": 0.5465116500854492,
	"best_valid_main_smin_acc": 0.4833333194255829,
	"best_valid_main_pdelta": 0.057008400559425354,
	"best_train_main_random_metric": 1.5272833108901978
}