{
	"best_train_main_metric": 57.44519805908203,
	"best_valid_main_acc": 0.6904761791229248,
	"best_valid_main_smin_acc": 0.6696997284889221,
	"best_valid_main_pdelta": 0.4474487900733948,
	"best_train_main_random_metric": 33163.5546875
}