{
	"best_train_main_metric": 4576.375,
	"best_valid_main_acc": 0.7032967209815979,
	"best_valid_main_smin_acc": 0.24153167009353638,
	"best_valid_main_pdelta": 0.015436737798154354,
	"best_train_main_random_metric": 5894.5302734375
}