{
	"best_train_main_metric": 4676.55029296875,
	"best_valid_main_acc": 0.6497252583503723,
	"best_valid_main_smin_acc": 0.27368420362472534,
	"best_valid_main_pdelta": 0.12013749778270721,
	"best_train_main_random_metric": 5475.7470703125
}