{
	"best_train_main_metric": 1508.9263916015625,
	"best_valid_main_acc": 0.7052023410797119,
	"best_valid_main_smin_acc": 0.46226415038108826,
	"best_valid_main_pdelta": 0.19956707954406738,
	"best_train_main_random_metric": 1525.749755859375
}