{
	"best_train_main_metric": 3879.56884765625,
	"best_valid_main_acc": 0.5086482763290405,
	"best_valid_main_smin_acc": 0.4773218035697937,
	"best_valid_main_pdelta": 0.0019007172668352723,
	"best_train_main_random_metric": 3873.44140625
}