{
	"best_train_main_metric": 4522.11083984375,
	"best_valid_main_acc": 0.49945053458213806,
	"best_valid_main_smin_acc": 0.491251677274704,
	"best_valid_main_pdelta": 0.008064496330916882,
	"best_train_main_random_metric": 4520.51171875
}