{
	"best_train_main_metric": 16652.99609375,
	"best_valid_main_acc": 0.496782511472702,
	"best_valid_main_smin_acc": 0.4761904776096344,
	"best_valid_main_pdelta": 0.04902069270610809,
	"best_train_main_random_metric": 0.03809778392314911
}