{
	"best_train_main_metric": 23.60403823852539,
	"best_valid_main_acc": 0.7131868004798889,
	"best_valid_main_smin_acc": 0.6128590703010559,
	"best_valid_main_pdelta": 0.4218767583370209,
	"best_train_main_random_metric": 41034.44140625
}