{
	"best_train_main_metric": 4229.2353515625,
	"best_valid_main_acc": 0.6680402755737305,
	"best_valid_main_smin_acc": 0.5516162514686584,
	"best_valid_main_pdelta": 0.2838973104953766,
	"best_train_main_random_metric": 10669.794921875
}