{
	"best_train_main_metric": 4147.2001953125,
	"best_valid_main_acc": 0.6657509207725525,
	"best_valid_main_smin_acc": 0.5589155554771423,
	"best_valid_main_pdelta": 0.19684524834156036,
	"best_train_main_random_metric": 7573.68505859375
}