{
	"best_train_main_metric": 4323.41552734375,
	"best_valid_main_acc": 0.7353479862213135,
	"best_valid_main_smin_acc": 0.1709265112876892,
	"best_valid_main_pdelta": 0.035219158977270126,
	"best_train_main_random_metric": 6176.0927734375
}