{
	"best_train_main_metric": 4665.3037109375,
	"best_valid_main_acc": 0.622710645198822,
	"best_valid_main_smin_acc": 0.551345944404602,
	"best_valid_main_pdelta": 0.18032677471637726,
	"best_train_main_random_metric": 5376.57373046875
}