{
	"best_train_main_metric": 5417.59033203125,
	"best_valid_main_acc": 0.514194130897522,
	"best_valid_main_smin_acc": 0.5274177193641663,
	"best_valid_main_pdelta": 5.434708873508498e-05,
	"best_train_main_random_metric": 5417.2666015625
}