{
	"best_train_main_metric": 1.415043830871582,
	"best_valid_main_acc": 0.8720930218696594,
	"best_valid_main_smin_acc": 0.30000001192092896,
	"best_valid_main_pdelta": 0.13087564706802368,
	"best_train_main_random_metric": 13290.2177734375
}