{
	"best_train_main_metric": 4801.50634765625,
	"best_valid_main_acc": 0.7344322204589844,
	"best_valid_main_smin_acc": 0.03254972770810127,
	"best_valid_main_pdelta": 0.1355360895395279,
	"best_train_main_random_metric": 5599.89794921875
}