{
	"best_train_main_metric": 4646.49365234375,
	"best_valid_main_acc": 0.7069597244262695,
	"best_valid_main_smin_acc": 0.06329113990068436,
	"best_valid_main_pdelta": 0.14515048265457153,
	"best_train_main_random_metric": 5509.765625
}