{
	"best_train_main_metric": 0.02362029440701008,
	"best_valid_main_acc": 0.8770763874053955,
	"best_valid_main_smin_acc": 0.5714285969734192,
	"best_valid_main_pdelta": 0.06487496942281723,
	"best_train_main_random_metric": 14352.2900390625
}