{
	"best_train_main_metric": 227.41082763671875,
	"best_valid_main_acc": 0.9326047301292419,
	"best_valid_main_smin_acc": 0.0,
	"best_valid_main_pdelta": 0.14050763845443726,
	"best_train_main_random_metric": 2825.79248046875
}