{
	"best_train_main_metric": 687.56298828125,
	"best_valid_main_acc": 0.8542805314064026,
	"best_valid_main_smin_acc": 0.3333333432674408,
	"best_valid_main_pdelta": 0.07823137193918228,
	"best_train_main_random_metric": 690.6477661132812
}