{
	"best_train_main_metric": 10597.744140625,
	"best_valid_main_acc": 0.5007363557815552,
	"best_valid_main_smin_acc": 0.44078946113586426,
	"best_valid_main_pdelta": 0.05917564406991005,
	"best_train_main_random_metric": 3.4086220264434814
}