{
	"best_train_main_metric": 8313.6640625,
	"best_valid_main_acc": 0.5260770916938782,
	"best_valid_main_smin_acc": 0.6000000238418579,
	"best_valid_main_pdelta": 0.03291570767760277,
	"best_train_main_random_metric": 1.4792207479476929
}