{
	"best_train_main_metric": 9564.435546875,
	"best_valid_main_acc": 0.5134575366973877,
	"best_valid_main_smin_acc": 0.4385964870452881,
	"best_valid_main_pdelta": 0.02486634999513626,
	"best_train_main_random_metric": 2.8246829509735107
}