{
	"best_train_main_metric": 4489.12548828125,
	"best_valid_main_acc": 0.7138278484344482,
	"best_valid_main_smin_acc": 0.05752960965037346,
	"best_valid_main_pdelta": 0.02155105210840702,
	"best_train_main_random_metric": 5922.744140625
}