{
	"best_train_main_metric": 18976.9609375,
	"best_valid_main_acc": 0.49175822734832764,
	"best_valid_main_smin_acc": 0.4588441252708435,
	"best_valid_main_pdelta": 0.06305161863565445,
	"best_train_main_random_metric": 19.94314956665039
}