{
	"best_train_main_metric": 24018.123046875,
	"best_valid_main_acc": 0.48818182945251465,
	"best_valid_main_smin_acc": 0.5,
	"best_valid_main_pdelta": 0.44495290517807007,
	"best_train_main_random_metric": 10.536031723022461
}