{
	"best_train_main_metric": 491.128662109375,
	"best_valid_main_acc": 0.6589861512184143,
	"best_valid_main_smin_acc": 0.49438202381134033,
	"best_valid_main_pdelta": 0.048858024179935455,
	"best_train_main_random_metric": 542.250732421875
}