{
	"best_train_main_metric": 408.3794860839844,
	"best_valid_main_acc": 0.617511510848999,
	"best_valid_main_smin_acc": 0.449438214302063,
	"best_valid_main_pdelta": 0.23110337555408478,
	"best_train_main_random_metric": 484.4031066894531
}