{
	"best_train_main_metric": 767.84521484375,
	"best_valid_main_acc": 0.7929373979568481,
	"best_valid_main_smin_acc": 0.6961326003074646,
	"best_valid_main_pdelta": 0.015792695805430412,
	"best_train_main_random_metric": 769.3941040039062
}