{
	"best_train_main_metric": 767.6025390625,
	"best_valid_main_acc": 0.7881219983100891,
	"best_valid_main_smin_acc": 0.6629834175109863,
	"best_valid_main_pdelta": 0.013790571130812168,
	"best_train_main_random_metric": 769.70751953125
}