{
	"best_train_main_metric": 676.598876953125,
	"best_valid_main_acc": 0.9034608602523804,
	"best_valid_main_smin_acc": 0.25,
	"best_valid_main_pdelta": 0.09398666769266129,
	"best_train_main_random_metric": 682.7484741210938
}