{
	"best_train_main_metric": 7802.8212890625,
	"best_valid_main_acc": 0.4535147249698639,
	"best_valid_main_smin_acc": 0.3333333432674408,
	"best_valid_main_pdelta": 0.019341956824064255,
	"best_train_main_random_metric": 0.1347837895154953
}