{
	"best_train_main_metric": 30408.765625,
	"best_valid_main_acc": 0.5004578828811646,
	"best_valid_main_smin_acc": 0.5486806035041809,
	"best_valid_main_pdelta": 0.4766233265399933,
	"best_train_main_random_metric": 130.8933563232422
}