{
	"best_train_main_metric": 4373.93798828125,
	"best_valid_main_acc": 0.7348901033401489,
	"best_valid_main_smin_acc": 0.27910447120666504,
	"best_valid_main_pdelta": 0.022044358775019646,
	"best_train_main_random_metric": 6216.546875
}