{
	"best_train_main_metric": 3812.681396484375,
	"best_valid_main_acc": 0.66300368309021,
	"best_valid_main_smin_acc": 0.12351945787668228,
	"best_valid_main_pdelta": 0.3143991231918335,
	"best_train_main_random_metric": 8275.255859375
}