{
	"best_train_main_metric": 26037.376953125,
	"best_valid_main_acc": 0.5136250853538513,
	"best_valid_main_smin_acc": 0.5267175436019897,
	"best_valid_main_pdelta": 0.4678334593772888,
	"best_train_main_random_metric": 9.801715850830078
}