{
	"best_train_main_metric": 15837.3623046875,
	"best_valid_main_acc": 0.4959999918937683,
	"best_valid_main_smin_acc": 0.43990930914878845,
	"best_valid_main_pdelta": 0.02951330691576004,
	"best_train_main_random_metric": 1.8227784633636475
}