{
	"best_train_main_metric": 0.018471326678991318,
	"best_valid_main_acc": 0.8571428656578064,
	"best_valid_main_smin_acc": 0.42500001192092896,
	"best_valid_main_pdelta": 0.0697859525680542,
	"best_train_main_random_metric": 10367.056640625
}