{
	"best_train_main_metric": 11281.333984375,
	"best_valid_main_acc": 0.4590163826942444,
	"best_valid_main_smin_acc": 0.5,
	"best_valid_main_pdelta": 0.03958193212747574,
	"best_train_main_random_metric": 5.626708507537842
}