{
	"best_train_main_metric": 3517.150146484375,
	"best_valid_main_acc": 0.6588827967643738,
	"best_valid_main_smin_acc": 0.6584440469741821,
	"best_valid_main_pdelta": 0.249678835272789,
	"best_train_main_random_metric": 10107.85546875
}