{
	"best_train_main_metric": 3798.329833984375,
	"best_valid_main_acc": 0.6451465487480164,
	"best_valid_main_smin_acc": 0.6641366481781006,
	"best_valid_main_pdelta": 0.27594658732414246,
	"best_train_main_random_metric": 10656.337890625
}