{
	"best_train_main_metric": 986.6259765625,
	"best_valid_main_acc": 0.6949806809425354,
	"best_valid_main_smin_acc": 0.5327869057655334,
	"best_valid_main_pdelta": 0.023757023736834526,
	"best_train_main_random_metric": 986.6103515625
}