{
	"best_train_main_metric": 607.1362915039062,
	"best_valid_main_acc": 0.39170506596565247,
	"best_valid_main_smin_acc": 0.5625,
	"best_valid_main_pdelta": 0.158773273229599,
	"best_train_main_random_metric": 470.0966796875
}