{
	"best_train_main_metric": 2703.814697265625,
	"best_valid_main_acc": 0.49633699655532837,
	"best_valid_main_smin_acc": 0.48841699957847595,
	"best_valid_main_pdelta": 5.1599981816252694e-05,
	"best_train_main_random_metric": 2712.336669921875
}