{
	"best_train_main_metric": 1371.817138671875,
	"best_valid_main_acc": 0.7032967209815979,
	"best_valid_main_smin_acc": 0.6988416910171509,
	"best_valid_main_pdelta": 0.021233996376395226,
	"best_train_main_random_metric": 1380.31494140625
}