{
	"best_train_main_metric": 522.0671997070312,
	"best_valid_main_acc": 0.5760368704795837,
	"best_valid_main_smin_acc": 0.5794392228126526,
	"best_valid_main_pdelta": 0.011214753612875938,
	"best_train_main_random_metric": 553.4827880859375
}