{
	"best_train_main_metric": 0.025827482342720032,
	"best_valid_main_acc": 0.8799172043800354,
	"best_valid_main_smin_acc": 0.42105263471603394,
	"best_valid_main_pdelta": 0.083663210272789,
	"best_train_main_random_metric": 9966.8603515625
}