{
	"best_train_main_metric": 14599.1025390625,
	"best_valid_main_acc": 0.5343406796455383,
	"best_valid_main_smin_acc": 0.5986621975898743,
	"best_valid_main_pdelta": 0.036706265062093735,
	"best_train_main_random_metric": 4.796769142150879
}