{
	"best_train_main_metric": 14359.8466796875,
	"best_valid_main_acc": 0.4972527325153351,
	"best_valid_main_smin_acc": 0.5384615659713745,
	"best_valid_main_pdelta": 0.03711546212434769,
	"best_train_main_random_metric": 4.792860984802246
}