{
	"best_train_main_metric": 12843.4853515625,
	"best_valid_main_acc": 0.51203852891922,
	"best_valid_main_smin_acc": 0.4871794879436493,
	"best_valid_main_pdelta": 0.023658817633986473,
	"best_train_main_random_metric": 0.05374974384903908
}