{
	"best_train_main_metric": 11977.0693359375,
	"best_valid_main_acc": 0.5280898809432983,
	"best_valid_main_smin_acc": 0.5333333611488342,
	"best_valid_main_pdelta": 0.030889445915818214,
	"best_train_main_random_metric": 0.1407879889011383
}