{
	"best_train_main_metric": 1313.5596923828125,
	"best_valid_main_acc": 0.7518315315246582,
	"best_valid_main_smin_acc": 0.7915936708450317,
	"best_valid_main_pdelta": 0.015781329944729805,
	"best_train_main_random_metric": 4293.0185546875
}