{
	"best_train_main_metric": 1325.7120361328125,
	"best_valid_main_acc": 0.7051281929016113,
	"best_valid_main_smin_acc": 0.6987740993499756,
	"best_valid_main_pdelta": 0.016119524836540222,
	"best_train_main_random_metric": 1325.5645751953125
}