{
	"best_train_main_metric": 519.7670288085938,
	"best_valid_main_acc": 0.5622119903564453,
	"best_valid_main_smin_acc": 0.6666666865348816,
	"best_valid_main_pdelta": 0.0006859942222945392,
	"best_train_main_random_metric": 549.405517578125
}