{
	"best_train_main_metric": 3858.48388671875,
	"best_valid_main_acc": 0.5727097988128662,
	"best_valid_main_smin_acc": 0.5164835453033447,
	"best_valid_main_pdelta": 0.0008867571013979614,
	"best_train_main_random_metric": 3868.136962890625
}