{
	"best_train_main_metric": 1954.78955078125,
	"best_valid_main_acc": 0.6649583578109741,
	"best_valid_main_smin_acc": 0.5416666865348816,
	"best_valid_main_pdelta": 0.16178616881370544,
	"best_train_main_random_metric": 2007.6441650390625
}