{
	"best_train_main_metric": 2270.5673828125,
	"best_valid_main_acc": 0.6714285612106323,
	"best_valid_main_smin_acc": 0.5860139727592468,
	"best_valid_main_pdelta": 0.24364100396633148,
	"best_train_main_random_metric": 2293.5322265625
}