{
	"best_train_main_metric": 2473.754638671875,
	"best_valid_main_acc": 0.9551281929016113,
	"best_train_main_random_metric": 6667.55126953125
}