{
	"best_train_main_metric": 0.02250669151544571,
	"best_valid_main_acc": 0.8836363554000854,
	"best_valid_main_smin_acc": 0.2222222238779068,
	"best_valid_main_pdelta": 0.5003004670143127,
	"best_train_main_random_metric": 25468.82421875
}