{
	"best_train_main_metric": 1.381050944328308,
	"best_valid_main_acc": 0.8781818151473999,
	"best_valid_main_smin_acc": 0.2222222238779068,
	"best_valid_main_pdelta": 0.4834764301776886,
	"best_train_main_random_metric": 20742.228515625
}