{
	"best_train_main_metric": 13079.4482421875,
	"best_valid_main_acc": 0.4821428656578064,
	"best_valid_main_smin_acc": 0.511864423751831,
	"best_valid_main_pdelta": 0.04789638891816139,
	"best_train_main_random_metric": 0.15967462956905365
}