{
	"best_train_main_metric": 1511.1103515625,
	"best_valid_main_acc": 0.7555739283561707,
	"best_valid_main_smin_acc": 0.4375,
	"best_valid_main_pdelta": 0.2552468478679657,
	"best_train_main_random_metric": 1525.8541259765625
}