{
	"best_train_main_metric": 693.0974731445312,
	"best_valid_main_acc": 0.7930402755737305,
	"best_valid_main_smin_acc": 0.5277777910232544,
	"best_valid_main_pdelta": 0.02348162978887558,
	"best_train_main_random_metric": 691.9727172851562
}