{
	"best_train_main_metric": 45.1600341796875,
	"best_valid_main_acc": 0.7054945230484009,
	"best_valid_main_smin_acc": 0.6101230978965759,
	"best_valid_main_pdelta": 0.44139811396598816,
	"best_train_main_random_metric": 33440.48828125
}