{
	"best_train_main_metric": 52.11149978637695,
	"best_valid_main_acc": 0.7159340381622314,
	"best_valid_main_smin_acc": 0.6238030195236206,
	"best_valid_main_pdelta": 0.4339624345302582,
	"best_train_main_random_metric": 26038.642578125
}