{
	"best_train_main_metric": 3.379913568496704,
	"best_valid_main_acc": 0.807692289352417,
	"best_valid_main_smin_acc": 0.8361204266548157,
	"best_valid_main_pdelta": 0.016713032498955727,
	"best_train_main_random_metric": 15744.248046875
}