{
	"best_train_main_metric": 691.9242553710938,
	"best_valid_main_acc": 0.7637362480163574,
	"best_valid_main_smin_acc": 0.5462962985038757,
	"best_valid_main_pdelta": 0.02175329066812992,
	"best_train_main_random_metric": 692.8479614257812
}