{
	"best_train_main_metric": 4438.8828125,
	"best_valid_main_acc": 0.7124541997909546,
	"best_valid_main_smin_acc": 0.6550348997116089,
	"best_valid_main_pdelta": 0.12389156222343445,
	"best_train_main_random_metric": 7669.72705078125
}