{
	"best_train_main_metric": 4284.30322265625,
	"best_valid_main_acc": 0.6913919448852539,
	"best_valid_main_smin_acc": 0.6241276264190674,
	"best_valid_main_pdelta": 0.17732451856136322,
	"best_train_main_random_metric": 7649.3564453125
}