{
	"best_train_main_metric": 4957.99853515625,
	"best_valid_main_acc": 0.7188644409179688,
	"best_valid_main_smin_acc": 0.32686567306518555,
	"best_valid_main_pdelta": 0.0019377717981114984,
	"best_train_main_random_metric": 5561.63916015625
}