{
	"best_train_main_metric": 5419.3017578125,
	"best_valid_main_acc": 0.5114468932151794,
	"best_valid_main_smin_acc": 0.508707582950592,
	"best_valid_main_pdelta": 0.0019918852485716343,
	"best_train_main_random_metric": 5412.3115234375
}