{
	"best_train_main_metric": 1507.9605712890625,
	"best_valid_main_acc": 0.7448389530181885,
	"best_valid_main_smin_acc": 0.4245283007621765,
	"best_valid_main_pdelta": 0.2147102952003479,
	"best_train_main_random_metric": 1527.392333984375
}