{
	"best_train_main_metric": 0.015056082978844643,
	"best_valid_main_acc": 0.8488612771034241,
	"best_valid_main_smin_acc": 0.42500001192092896,
	"best_valid_main_pdelta": 0.07108359783887863,
	"best_train_main_random_metric": 10530.0390625
}