{
	"best_train_main_metric": 4858.384765625,
	"best_valid_main_acc": 0.6918498277664185,
	"best_valid_main_smin_acc": 0.2812960147857666,
	"best_valid_main_pdelta": 0.0025279175024479628,
	"best_train_main_random_metric": 5579.25439453125
}