{
	"best_train_main_metric": 3609.00439453125,
	"best_valid_main_acc": 0.6556776762008667,
	"best_valid_main_smin_acc": 0.49417248368263245,
	"best_valid_main_pdelta": 0.24651062488555908,
	"best_train_main_random_metric": 9079.2197265625
}