{
	"best_train_main_metric": 4034.708740234375,
	"best_valid_main_acc": 0.6712453961372375,
	"best_valid_main_smin_acc": 0.4883449971675873,
	"best_valid_main_pdelta": 0.230245903134346,
	"best_train_main_random_metric": 8473.0888671875
}