{
	"best_train_main_metric": 0.02154594659805298,
	"best_valid_main_acc": 0.8230769038200378,
	"best_valid_main_smin_acc": 0.7410714030265808,
	"best_valid_main_pdelta": 0.020956464111804962,
	"best_train_main_random_metric": 20436.89453125
}