{
	"best_train_main_metric": 4249.98291015625,
	"best_valid_main_acc": 0.6739926934242249,
	"best_valid_main_smin_acc": 0.1683848798274994,
	"best_valid_main_pdelta": 0.32121238112449646,
	"best_train_main_random_metric": 9740.525390625
}