{
	"best_train_main_metric": 4102.05224609375,
	"best_valid_main_acc": 0.6771978139877319,
	"best_valid_main_smin_acc": 0.12542955577373505,
	"best_valid_main_pdelta": 0.2757236659526825,
	"best_train_main_random_metric": 7473.10595703125
}