{
	"best_train_main_metric": 13654.63671875,
	"best_valid_main_acc": 0.44186046719551086,
	"best_valid_main_smin_acc": 0.4107142984867096,
	"best_valid_main_pdelta": 0.03897576034069061,
	"best_train_main_random_metric": 1.4998500347137451
}