{
	"best_train_main_metric": 13410.486328125,
	"best_valid_main_acc": 0.4568106234073639,
	"best_valid_main_smin_acc": 0.5535714030265808,
	"best_valid_main_pdelta": 0.04565795511007309,
	"best_train_main_random_metric": 1.5373857021331787
}