{
	"best_train_main_metric": 6.602169036865234,
	"best_valid_main_acc": 0.8257638216018677,
	"best_valid_main_smin_acc": 0.4433962404727936,
	"best_valid_main_pdelta": 0.5179081559181213,
	"best_train_main_random_metric": 23403.22265625
}