{
	"best_train_main_metric": 9.890634536743164,
	"best_valid_main_acc": 0.8348472118377686,
	"best_valid_main_smin_acc": 0.46226415038108826,
	"best_valid_main_pdelta": 0.4233815670013428,
	"best_train_main_random_metric": 20850.64453125
}