{
	"best_train_main_metric": 949.5509033203125,
	"best_valid_main_acc": 0.7220077514648438,
	"best_valid_main_smin_acc": 0.6566523313522339,
	"best_valid_main_pdelta": 0.03451676294207573,
	"best_train_main_random_metric": 951.3521118164062
}