{
	"best_train_main_metric": 23.05778694152832,
	"best_valid_main_acc": 0.7392696738243103,
	"best_valid_main_smin_acc": 0.5162037014961243,
	"best_valid_main_pdelta": 0.4487532675266266,
	"best_train_main_random_metric": 27597.41015625
}