{
	"best_train_main_metric": 14896.5107421875,
	"best_valid_main_acc": 0.5154638886451721,
	"best_valid_main_smin_acc": 0.4930555522441864,
	"best_valid_main_pdelta": 0.06563536822795868,
	"best_train_main_random_metric": 2.870490789413452
}