{
	"best_train_main_metric": 1144.962890625,
	"best_valid_main_acc": 0.7604395747184753,
	"best_valid_main_smin_acc": 0.7179487347602844,
	"best_valid_main_pdelta": 0.027693908661603928,
	"best_train_main_random_metric": 1143.864501953125
}