{
	"best_train_main_metric": 1142.7451171875,
	"best_valid_main_acc": 0.7318681478500366,
	"best_valid_main_smin_acc": 0.7179487347602844,
	"best_valid_main_pdelta": 0.022657066583633423,
	"best_train_main_random_metric": 1144.6356201171875
}