{
	"best_train_main_metric": 4948.03125,
	"best_valid_main_acc": 0.6002747416496277,
	"best_valid_main_smin_acc": 0.42895087599754333,
	"best_valid_main_pdelta": 0.12570370733737946,
	"best_train_main_random_metric": 5338.34619140625
}