{
	"best_train_main_metric": 4277.06201171875,
	"best_valid_main_acc": 0.7820512652397156,
	"best_train_main_random_metric": 5872.1064453125
}