{
	"best_train_main_metric": 3.3667263984680176,
	"best_valid_main_acc": 0.7794285416603088,
	"best_valid_main_smin_acc": 0.8228438496589661,
	"best_valid_main_pdelta": 0.019035758450627327,
	"best_train_main_random_metric": 19826.935546875
}