{
	"best_train_main_metric": 4472.853515625,
	"best_valid_main_acc": 0.7115384340286255,
	"best_valid_main_smin_acc": 0.2503681778907776,
	"best_valid_main_pdelta": 0.010950145311653614,
	"best_train_main_random_metric": 5957.87744140625
}