{
	"best_train_main_metric": 1082.4228515625,
	"best_valid_main_acc": 0.7257142663002014,
	"best_valid_main_smin_acc": 0.750582754611969,
	"best_valid_main_pdelta": 0.013922630809247494,
	"best_train_main_random_metric": 1081.684326171875
}