{
	"best_train_main_metric": 1369.3941650390625,
	"best_valid_main_acc": 0.7663636207580566,
	"best_valid_main_smin_acc": 0.23076923191547394,
	"best_valid_main_pdelta": 0.2342955470085144,
	"best_train_main_random_metric": 1377.642333984375
}