{
	"best_train_main_metric": 25516.716796875,
	"best_valid_main_acc": 0.5145454406738281,
	"best_valid_main_smin_acc": 0.4166666567325592,
	"best_valid_main_pdelta": 0.4526834487915039,
	"best_train_main_random_metric": 7.920518398284912
}