{
	"best_train_main_metric": 5544.97998046875,
	"best_valid_main_acc": 0.4372710585594177,
	"best_valid_main_smin_acc": 0.47571036219596863,
	"best_valid_main_pdelta": 0.023488951846957207,
	"best_train_main_random_metric": 5378.5986328125
}