{
	"best_train_main_metric": 1945.8668212890625,
	"best_valid_main_acc": 0.6681614518165588,
	"best_valid_main_smin_acc": 0.5377969741821289,
	"best_valid_main_pdelta": 0.18061038851737976,
	"best_train_main_random_metric": 1968.561767578125
}