{
	"best_train_main_metric": 607.54736328125,
	"best_valid_main_acc": 0.7991718649864197,
	"best_valid_main_smin_acc": 0.32499998807907104,
	"best_valid_main_pdelta": 0.03319746255874634,
	"best_train_main_random_metric": 609.3170166015625
}