{
	"best_train_main_metric": 4512.22802734375,
	"best_valid_main_acc": 0.7197802066802979,
	"best_valid_main_smin_acc": 0.6531620621681213,
	"best_valid_main_pdelta": 0.06202852353453636,
	"best_train_main_random_metric": 6310.22998046875
}