{
	"best_train_main_metric": 2698.404296875,
	"best_valid_main_acc": 0.5604395866394043,
	"best_valid_main_smin_acc": 0.5284697413444519,
	"best_valid_main_pdelta": 0.0007528035202994943,
	"best_train_main_random_metric": 2679.8037109375
}