{
	"best_train_main_metric": 4270.3994140625,
	"best_valid_main_acc": 0.7875458002090454,
	"best_train_main_random_metric": 5862.1357421875
}