{
	"best_train_main_metric": 547.6903076171875,
	"best_valid_main_acc": 0.8888888955116272,
	"best_valid_main_smin_acc": 0.20000000298023224,
	"best_valid_main_pdelta": 0.038739077746868134,
	"best_train_main_random_metric": 550.0708618164062
}