{
	"best_train_main_metric": 285.57373046875,
	"best_valid_main_acc": 0.5806451439857483,
	"best_valid_main_smin_acc": 0.457446813583374,
	"best_valid_main_pdelta": 0.287017822265625,
	"best_train_main_random_metric": 366.4747009277344
}