{
	"best_train_main_metric": 370.477783203125,
	"best_valid_main_acc": 0.5806451439857483,
	"best_valid_main_smin_acc": 0.43617022037506104,
	"best_valid_main_pdelta": 0.27114930748939514,
	"best_train_main_random_metric": 425.301025390625
}