{
	"best_train_main_metric": 15562.203125,
	"best_valid_main_acc": 0.5109890103340149,
	"best_valid_main_smin_acc": 0.5297619104385376,
	"best_valid_main_pdelta": 0.040888018906116486,
	"best_train_main_random_metric": 2.383211851119995
}