{
	"best_train_main_metric": 2.9441282749176025,
	"best_valid_main_acc": 0.7490842342376709,
	"best_valid_main_smin_acc": 0.709964394569397,
	"best_valid_main_pdelta": 0.04742763191461563,
	"best_train_main_random_metric": 20962.857421875
}