{
	"best_train_main_metric": 1.4228848218917847,
	"best_valid_main_acc": 0.7664835453033447,
	"best_valid_main_smin_acc": 0.7633451819419861,
	"best_valid_main_pdelta": 0.029597287997603416,
	"best_train_main_random_metric": 24460.12890625
}