{
	"best_train_main_metric": 461.5270690917969,
	"best_valid_main_acc": 0.6267281174659729,
	"best_valid_main_smin_acc": 0.686274528503418,
	"best_valid_main_pdelta": 0.10074245184659958,
	"best_train_main_random_metric": 520.013427734375
}