{
	"best_train_main_metric": 396.1986083984375,
	"best_valid_main_acc": 0.5898617506027222,
	"best_valid_main_smin_acc": 0.7058823704719543,
	"best_valid_main_pdelta": 0.22872236371040344,
	"best_train_main_random_metric": 414.32598876953125
}