{
	"best_train_main_metric": 8945.8046875,
	"best_valid_main_acc": 0.4988662004470825,
	"best_valid_main_smin_acc": 0.6000000238418579,
	"best_valid_main_pdelta": 0.021923571825027466,
	"best_train_main_random_metric": 1.4558788537979126
}