{
	"best_train_main_metric": 998.252197265625,
	"best_valid_main_acc": 0.7194337248802185,
	"best_valid_main_smin_acc": 0.6566523313522339,
	"best_valid_main_pdelta": 0.003968237433582544,
	"best_train_main_random_metric": 2744.4970703125
}