{
	"best_train_main_metric": 949.3151245117188,
	"best_valid_main_acc": 0.7245817184448242,
	"best_valid_main_smin_acc": 0.6137338876724243,
	"best_valid_main_pdelta": 0.028976598754525185,
	"best_train_main_random_metric": 961.6229858398438
}