{
	"best_train_main_metric": 4762.3916015625,
	"best_valid_main_acc": 0.694597065448761,
	"best_valid_main_smin_acc": 0.10309278219938278,
	"best_valid_main_pdelta": 0.1453133225440979,
	"best_train_main_random_metric": 5446.42578125
}