{
	"best_train_main_metric": 4603.81982421875,
	"best_valid_main_acc": 0.6478937864303589,
	"best_valid_main_smin_acc": 0.6480144262313843,
	"best_valid_main_pdelta": 0.16393832862377167,
	"best_train_main_random_metric": 5419.37060546875
}