{
	"best_train_main_metric": 5417.43310546875,
	"best_valid_main_acc": 0.514194130897522,
	"best_valid_main_smin_acc": 0.5234656929969788,
	"best_valid_main_pdelta": 0.0,
	"best_train_main_random_metric": 5417.3427734375
}