{
	"best_train_main_metric": 4168.57177734375,
	"best_valid_main_acc": 0.6639193892478943,
	"best_valid_main_smin_acc": 0.6318785548210144,
	"best_valid_main_pdelta": 0.21941955387592316,
	"best_train_main_random_metric": 7958.7314453125
}