{
	"best_train_main_metric": 505.2641906738281,
	"best_valid_main_acc": 0.5622119903564453,
	"best_valid_main_smin_acc": 0.6666666865348816,
	"best_valid_main_pdelta": 0.008317246101796627,
	"best_train_main_random_metric": 563.0305786132812
}