{
	"best_train_main_metric": 21925.07421875,
	"best_valid_main_acc": 0.5156950950622559,
	"best_valid_main_smin_acc": 0.4373626410961151,
	"best_valid_main_pdelta": 0.4291778802871704,
	"best_train_main_random_metric": 49.897804260253906
}