{
	"best_train_main_metric": 337.3677673339844,
	"best_valid_main_acc": 0.8156682252883911,
	"best_valid_main_smin_acc": 0.07500000298023224,
	"best_valid_main_pdelta": 0.09775654226541519,
	"best_train_main_random_metric": 575.3833618164062
}