{
	"best_train_main_metric": 1521.866943359375,
	"best_valid_main_acc": 0.746490478515625,
	"best_valid_main_smin_acc": 0.43220338225364685,
	"best_valid_main_pdelta": 0.4009689688682556,
	"best_train_main_random_metric": 1539.424072265625
}