{
	"best_train_main_metric": 351.5738525390625,
	"best_valid_main_acc": 0.7373272180557251,
	"best_valid_main_smin_acc": 0.08888889104127884,
	"best_valid_main_pdelta": 0.5746444463729858,
	"best_train_main_random_metric": 863.4676513671875
}