{
	"best_train_main_metric": 1.4194042682647705,
	"best_valid_main_acc": 0.815905749797821,
	"best_valid_main_smin_acc": 0.5986841917037964,
	"best_valid_main_pdelta": 0.04371996968984604,
	"best_train_main_random_metric": 14075.068359375
}