{
	"best_train_main_metric": 2779.220703125,
	"best_valid_main_acc": 0.6382783651351929,
	"best_valid_main_smin_acc": 0.5967153310775757,
	"best_valid_main_pdelta": 0.15724648535251617,
	"best_train_main_random_metric": 2813.65234375
}