{
	"best_train_main_metric": 3009.51708984375,
	"best_valid_main_acc": 0.5375722646713257,
	"best_valid_main_smin_acc": 0.5423728823661804,
	"best_valid_main_pdelta": 0.062090251594781876,
	"best_train_main_random_metric": 2939.211669921875
}