{
	"best_train_main_metric": 747.1967163085938,
	"best_valid_main_acc": 0.8255813717842102,
	"best_valid_main_smin_acc": 0.47999998927116394,
	"best_valid_main_pdelta": 0.0495566762983799,
	"best_train_main_random_metric": 746.18896484375
}