{
	"best_train_main_metric": 449.4892883300781,
	"best_valid_main_acc": 0.8588039875030518,
	"best_valid_main_smin_acc": 0.5,
	"best_valid_main_pdelta": 0.02494482323527336,
	"best_train_main_random_metric": 2793.865966796875
}