{
	"best_train_main_metric": 4877.083984375,
	"best_valid_main_acc": 0.6126373410224915,
	"best_valid_main_smin_acc": 0.2151675522327423,
	"best_valid_main_pdelta": 0.12602032721042633,
	"best_train_main_random_metric": 5305.62060546875
}