{
	"best_train_main_metric": 5417.4345703125,
	"best_valid_main_acc": 0.514194130897522,
	"best_valid_main_smin_acc": 0.5079365372657776,
	"best_valid_main_pdelta": 0.0,
	"best_train_main_random_metric": 5417.34423828125
}