{
	"best_train_main_metric": 16914.537109375,
	"best_valid_main_acc": 0.5025641322135925,
	"best_valid_main_smin_acc": 0.4552238881587982,
	"best_valid_main_pdelta": 0.4236455261707306,
	"best_train_main_random_metric": 34.37528610229492
}