{
	"best_train_main_metric": 2815.240478515625,
	"best_valid_main_acc": 0.5540292859077454,
	"best_valid_main_smin_acc": 0.563302755355835,
	"best_valid_main_pdelta": 0.12862907350063324,
	"best_train_main_random_metric": 2813.104736328125
}