{
	"best_train_main_metric": 1.5184895992279053,
	"best_valid_main_acc": 0.8763636350631714,
	"best_valid_main_smin_acc": 0.1538461595773697,
	"best_valid_main_pdelta": 0.5269536375999451,
	"best_train_main_random_metric": 25252.591796875
}