{
	"best_train_main_metric": 1323.4100341796875,
	"best_valid_main_acc": 0.7124541997909546,
	"best_valid_main_smin_acc": 0.7005254030227661,
	"best_valid_main_pdelta": 0.024644646793603897,
	"best_train_main_random_metric": 1327.106201171875
}