{
	"best_train_main_metric": 1007.798095703125,
	"best_valid_main_acc": 0.8159340620040894,
	"best_valid_main_smin_acc": 0.803852915763855,
	"best_valid_main_pdelta": 0.009428146295249462,
	"best_train_main_random_metric": 4504.94775390625
}