{
	"best_train_main_metric": 1857.6041259765625,
	"best_valid_main_acc": 0.8945454359054565,
	"best_valid_main_smin_acc": 0.0,
	"best_valid_main_pdelta": 0.10578597337007523,
	"best_train_main_random_metric": 2946.255126953125
}