{
	"best_train_main_metric": 1397.8380126953125,
	"best_valid_main_acc": 0.7472727298736572,
	"best_valid_main_smin_acc": 0.4000000059604645,
	"best_valid_main_pdelta": 0.38094034790992737,
	"best_train_main_random_metric": 1420.02685546875
}