{
	"best_train_main_metric": 20326.853515625,
	"best_valid_main_acc": 0.5,
	"best_valid_main_smin_acc": 0.45868945121765137,
	"best_valid_main_pdelta": 0.07397733628749847,
	"best_train_main_random_metric": 0.05216318368911743
}