{
	"best_train_main_metric": 0.021813776344060898,
	"best_valid_main_acc": 0.8704319000244141,
	"best_valid_main_smin_acc": 0.4821428656578064,
	"best_valid_main_pdelta": 0.06744307279586792,
	"best_train_main_random_metric": 14529.0830078125
}