{
	"best_train_main_metric": 0.02069280855357647,
	"best_valid_main_acc": 0.8770763874053955,
	"best_valid_main_smin_acc": 0.5535714030265808,
	"best_valid_main_pdelta": 0.09093792736530304,
	"best_train_main_random_metric": 14280.515625
}