{
	"best_train_main_metric": 769.872802734375,
	"best_valid_main_acc": 0.6645264625549316,
	"best_valid_main_smin_acc": 0.5745856165885925,
	"best_valid_main_pdelta": 0.01545419730246067,
	"best_train_main_random_metric": 768.3303833007812
}