{
	"best_train_main_metric": 548.1474609375,
	"best_valid_main_acc": 0.884353756904602,
	"best_valid_main_smin_acc": 0.0,
	"best_valid_main_pdelta": 0.04130738601088524,
	"best_train_main_random_metric": 549.602783203125
}