{
	"best_train_main_metric": 2264.0283203125,
	"best_valid_main_acc": 0.6093406677246094,
	"best_valid_main_smin_acc": 0.5510489344596863,
	"best_valid_main_pdelta": 0.16644896566867828,
	"best_train_main_random_metric": 2324.2451171875
}