{
	"best_train_main_metric": 3673.94189453125,
	"best_valid_main_acc": 0.6474359035491943,
	"best_valid_main_smin_acc": 0.28270676732063293,
	"best_valid_main_pdelta": 0.2588631510734558,
	"best_train_main_random_metric": 10231.83984375
}