{
	"best_train_main_metric": 1672.7740478515625,
	"best_valid_main_acc": 0.7150183320045471,
	"best_valid_main_smin_acc": 0.5017921328544617,
	"best_valid_main_pdelta": 0.3024485409259796,
	"best_train_main_random_metric": 1675.01318359375
}