{
	"best_train_main_metric": 4376.30615234375,
	"best_valid_main_acc": 0.6520146727561951,
	"best_valid_main_smin_acc": 0.48468270897865295,
	"best_valid_main_pdelta": 0.22246384620666504,
	"best_train_main_random_metric": 8106.0693359375
}