{
	"best_train_main_metric": 2.840057849884033,
	"best_valid_main_acc": 0.8863636255264282,
	"best_valid_main_smin_acc": 0.20000000298023224,
	"best_valid_main_pdelta": 0.4532366991043091,
	"best_train_main_random_metric": 25644.51953125
}