{
	"best_train_main_metric": 19.376789093017578,
	"best_valid_main_acc": 0.7082417607307434,
	"best_valid_main_smin_acc": 0.6303724646568298,
	"best_valid_main_pdelta": 0.4882572889328003,
	"best_train_main_random_metric": 38914.109375
}