{
	"best_train_main_metric": 866.3892211914062,
	"best_valid_main_acc": 0.7452135682106018,
	"best_valid_main_smin_acc": 0.5069444179534912,
	"best_valid_main_pdelta": 0.02468736842274666,
	"best_train_main_random_metric": 866.1858520507812
}