{
	"best_train_main_metric": 766.1201171875,
	"best_valid_main_acc": 0.7658321261405945,
	"best_valid_main_smin_acc": 0.6736111044883728,
	"best_valid_main_pdelta": 0.004147843457758427,
	"best_train_main_random_metric": 2478.060546875
}