{
	"best_train_main_metric": 58.41184997558594,
	"best_valid_main_acc": 0.7010989189147949,
	"best_valid_main_smin_acc": 0.6169630885124207,
	"best_valid_main_pdelta": 0.44395196437835693,
	"best_train_main_random_metric": 27160.34375
}