{
	"best_train_main_metric": 22849.6015625,
	"best_valid_main_acc": 0.48351648449897766,
	"best_valid_main_smin_acc": 0.4676007032394409,
	"best_valid_main_pdelta": 0.06057707965373993,
	"best_train_main_random_metric": 5.696961879730225
}