{
	"best_train_main_metric": 22892.84375,
	"best_valid_main_acc": 0.4981684982776642,
	"best_valid_main_smin_acc": 0.4798598885536194,
	"best_valid_main_pdelta": 0.053146906197071075,
	"best_train_main_random_metric": 5.698594093322754
}