{
	"best_train_main_metric": 711.2149658203125,
	"best_valid_main_acc": 0.8907103538513184,
	"best_valid_main_smin_acc": 0.4000000059604645,
	"best_valid_main_pdelta": 0.08666772395372391,
	"best_train_main_random_metric": 707.4400634765625
}