{
	"best_train_main_metric": 0.022040046751499176,
	"best_valid_main_acc": 0.7985348105430603,
	"best_valid_main_smin_acc": 0.7845884561538696,
	"best_valid_main_pdelta": 0.02730376645922661,
	"best_train_main_random_metric": 25718.638671875
}