{
	"best_train_main_metric": 0.12529905140399933,
	"best_valid_main_acc": 0.7884615659713745,
	"best_valid_main_smin_acc": 0.7845884561538696,
	"best_valid_main_pdelta": 0.022982442751526833,
	"best_train_main_random_metric": 20817.025390625
}