{
	"best_train_main_metric": 844.0833129882812,
	"best_valid_main_acc": 0.7334315180778503,
	"best_valid_main_smin_acc": 0.5648854970932007,
	"best_valid_main_pdelta": 0.02853812836110592,
	"best_train_main_random_metric": 849.6721801757812
}