{
	"best_train_main_metric": 425.6947937011719,
	"best_valid_main_acc": 0.6589861512184143,
	"best_valid_main_smin_acc": 0.27586206793785095,
	"best_valid_main_pdelta": 0.2713037431240082,
	"best_train_main_random_metric": 554.7119140625
}