{
	"best_train_main_metric": 420.2558288574219,
	"best_valid_main_acc": 0.6543778777122498,
	"best_valid_main_smin_acc": 0.4137931168079376,
	"best_valid_main_pdelta": 0.24981732666492462,
	"best_train_main_random_metric": 528.4138793945312
}