{
	"best_train_main_metric": 21.17542266845703,
	"best_valid_main_acc": 0.7565662860870361,
	"best_valid_main_smin_acc": 0.6000000238418579,
	"best_valid_main_pdelta": 0.469369113445282,
	"best_train_main_random_metric": 31111.2734375
}