{
	"best_train_main_metric": 17.829986572265625,
	"best_valid_main_acc": 0.7495195269584656,
	"best_valid_main_smin_acc": 0.595604419708252,
	"best_valid_main_pdelta": 0.4416820704936981,
	"best_train_main_random_metric": 27027.029296875
}