{
	"best_train_main_metric": 1.4801982641220093,
	"best_valid_main_acc": 0.9489981532096863,
	"best_valid_main_smin_acc": 0.20000000298023224,
	"best_valid_main_pdelta": 0.2024962306022644,
	"best_train_main_random_metric": 11198.5283203125
}