{
	"best_train_main_metric": 2399.989990234375,
	"best_valid_main_acc": 0.7431133985519409,
	"best_valid_main_smin_acc": 0.5856481194496155,
	"best_valid_main_pdelta": 0.17671793699264526,
	"best_train_main_random_metric": 4702.78125
}