{
	"best_train_main_metric": 1075.89892578125,
	"best_valid_main_acc": 0.6354285478591919,
	"best_valid_main_smin_acc": 0.6575963497161865,
	"best_valid_main_pdelta": 0.011653431691229343,
	"best_train_main_random_metric": 1072.9482421875
}