{
	"best_train_main_metric": 922.458984375,
	"best_valid_main_acc": 0.7558139562606812,
	"best_valid_main_smin_acc": 0.6000000238418579,
	"best_valid_main_pdelta": 0.004845763556659222,
	"best_train_main_random_metric": 1786.096435546875
}