{
	"best_train_main_metric": 737.3433227539062,
	"best_valid_main_acc": 0.7674418687820435,
	"best_valid_main_smin_acc": 0.46666666865348816,
	"best_valid_main_pdelta": 0.04976048693060875,
	"best_train_main_random_metric": 736.6931762695312
}