{
	"best_train_main_metric": 8.171306610107422,
	"best_valid_main_acc": 0.7750915884971619,
	"best_valid_main_smin_acc": 0.4521072804927826,
	"best_valid_main_pdelta": 0.4390491247177124,
	"best_train_main_random_metric": 30215.8046875
}