{
	"best_train_main_metric": 11027.8837890625,
	"best_valid_main_acc": 0.46994534134864807,
	"best_valid_main_smin_acc": 0.6666666865348816,
	"best_valid_main_pdelta": 0.03815175220370293,
	"best_train_main_random_metric": 5.644598960876465
}