{
	"best_train_main_metric": 17120.40234375,
	"best_valid_main_acc": 0.5135135054588318,
	"best_valid_main_smin_acc": 0.5245901346206665,
	"best_valid_main_pdelta": 0.04408952221274376,
	"best_train_main_random_metric": 6.963497638702393
}