{
	"best_train_main_metric": 2286.327880859375,
	"best_valid_main_acc": 0.6043956279754639,
	"best_valid_main_smin_acc": 0.5730769038200378,
	"best_valid_main_pdelta": 0.12818875908851624,
	"best_train_main_random_metric": 2305.00439453125
}