{
	"best_train_main_metric": 15383.490234375,
	"best_valid_main_acc": 0.5007363557815552,
	"best_valid_main_smin_acc": 0.4722222089767456,
	"best_valid_main_pdelta": 0.04068624973297119,
	"best_train_main_random_metric": 2.856194019317627
}