{
	"best_train_main_metric": 734.9244384765625,
	"best_valid_main_acc": 0.8305647969245911,
	"best_valid_main_smin_acc": 0.5333333611488342,
	"best_valid_main_pdelta": 0.04874996840953827,
	"best_train_main_random_metric": 736.899658203125
}