{
	"best_train_main_metric": 735.05029296875,
	"best_valid_main_acc": 0.8322259187698364,
	"best_valid_main_smin_acc": 0.38333332538604736,
	"best_valid_main_pdelta": 0.040554821491241455,
	"best_train_main_random_metric": 736.8369750976562
}