{
	"best_train_main_metric": 3612.75048828125,
	"best_valid_main_acc": 0.6831501722335815,
	"best_valid_main_smin_acc": 0.642402172088623,
	"best_valid_main_pdelta": 0.11630561947822571,
	"best_train_main_random_metric": 5924.02001953125
}