{
	"best_train_main_metric": 2803.38818359375,
	"best_valid_main_acc": 0.6515567898750305,
	"best_valid_main_smin_acc": 0.63603276014328,
	"best_valid_main_pdelta": 0.1885237842798233,
	"best_train_main_random_metric": 2859.532958984375
}