{
	"best_train_main_metric": 1108.86572265625,
	"best_valid_main_acc": 0.7394285798072815,
	"best_valid_main_smin_acc": 0.7397260069847107,
	"best_valid_main_pdelta": 0.0077367196790874004,
	"best_train_main_random_metric": 1107.32275390625
}