{
	"best_train_main_metric": 9742.328125,
	"best_valid_main_acc": 0.5045537352561951,
	"best_valid_main_smin_acc": 0.800000011920929,
	"best_valid_main_pdelta": 0.05369657650589943,
	"best_train_main_random_metric": 3.1397182941436768
}