{
	"best_train_main_metric": 0.015320338308811188,
	"best_valid_main_acc": 0.9160997867584229,
	"best_valid_main_smin_acc": 0.0,
	"best_valid_main_pdelta": 0.08994845300912857,
	"best_train_main_random_metric": 9827.6181640625
}