{
	"best_train_main_metric": 4708.35986328125,
	"best_valid_main_acc": 0.6158424615859985,
	"best_valid_main_smin_acc": 0.3253205120563507,
	"best_valid_main_pdelta": 0.20960429310798645,
	"best_train_main_random_metric": 5256.82275390625
}