{
	"best_train_main_metric": 1.5084083080291748,
	"best_valid_main_acc": 0.8781818151473999,
	"best_valid_main_smin_acc": 0.23076923191547394,
	"best_valid_main_pdelta": 0.4886798560619354,
	"best_train_main_random_metric": 23971.232421875
}