{
	"best_train_main_metric": 3868.638671875,
	"best_valid_main_acc": 0.500320315361023,
	"best_valid_main_smin_acc": 0.5,
	"best_valid_main_pdelta": 3.2059269869932905e-05,
	"best_train_main_random_metric": 3868.012939453125
}