{
	"best_train_main_metric": 418.37847900390625,
	"best_valid_main_acc": 0.7188940048217773,
	"best_valid_main_smin_acc": 0.41860464215278625,
	"best_valid_main_pdelta": 0.2356988489627838,
	"best_train_main_random_metric": 598.7530517578125
}