{
	"best_train_main_metric": 2359.584228515625,
	"best_valid_main_acc": 0.9775640964508057,
	"best_train_main_random_metric": 6706.7333984375
}