{
	"best_train_main_metric": 2.6145644187927246,
	"best_valid_main_acc": 0.889090895652771,
	"best_valid_main_smin_acc": 0.0,
	"best_valid_main_pdelta": 0.5045390725135803,
	"best_train_main_random_metric": 21386.19140625
}