{
	"best_train_main_metric": 1.4099218845367432,
	"best_valid_main_acc": 0.8339768052101135,
	"best_valid_main_smin_acc": 0.7532467246055603,
	"best_valid_main_pdelta": 0.03343857824802399,
	"best_train_main_random_metric": 17559.337890625
}