{
	"best_train_main_metric": 4725.96826171875,
	"best_valid_main_acc": 0.6712453961372375,
	"best_valid_main_smin_acc": 0.29624059796333313,
	"best_valid_main_pdelta": 0.12160726636648178,
	"best_train_main_random_metric": 5423.9736328125
}