{
	"best_train_main_metric": 727.8306884765625,
	"best_valid_main_acc": 0.7982326745986938,
	"best_valid_main_smin_acc": 0.6180555820465088,
	"best_valid_main_pdelta": 0.0567801408469677,
	"best_train_main_random_metric": 2933.379638671875
}