{
	"best_train_main_metric": 864.2069091796875,
	"best_valid_main_acc": 0.7363770008087158,
	"best_valid_main_smin_acc": 0.4513888955116272,
	"best_valid_main_pdelta": 0.040638167411088943,
	"best_train_main_random_metric": 864.1525268554688
}