{
	"best_train_main_metric": 1.4326143264770508,
	"best_valid_main_acc": 0.8837209343910217,
	"best_valid_main_smin_acc": 0.36000001430511475,
	"best_valid_main_pdelta": 0.14452683925628662,
	"best_train_main_random_metric": 12198.1015625
}