{
	"best_train_main_metric": 4601.611328125,
	"best_valid_main_acc": 0.6593406796455383,
	"best_valid_main_smin_acc": 0.3900621235370636,
	"best_valid_main_pdelta": 0.17362460494041443,
	"best_train_main_random_metric": 5369.03515625
}