{
	"best_train_main_metric": 902.6812133789062,
	"best_valid_main_acc": 0.7417582273483276,
	"best_valid_main_smin_acc": 0.7263843417167664,
	"best_valid_main_pdelta": 0.011718099936842918,
	"best_train_main_random_metric": 901.9210205078125
}