{
	"best_train_main_metric": 3312.530517578125,
	"best_valid_main_acc": 0.7379120588302612,
	"best_valid_main_smin_acc": 0.6251748204231262,
	"best_valid_main_pdelta": 0.07334093004465103,
	"best_train_main_random_metric": 4674.08251953125
}