{
	"best_train_main_metric": 2282.259033203125,
	"best_valid_main_acc": 0.6703296899795532,
	"best_valid_main_smin_acc": 0.5874125957489014,
	"best_valid_main_pdelta": 0.16155831515789032,
	"best_train_main_random_metric": 2345.8525390625
}