{
	"best_train_main_metric": 1723.390380859375,
	"best_valid_main_acc": 0.6285714507102966,
	"best_valid_main_smin_acc": 0.4514435827732086,
	"best_valid_main_pdelta": 0.17211505770683289,
	"best_train_main_random_metric": 1723.0311279296875
}