{
	"best_train_main_metric": 746.9893188476562,
	"best_valid_main_acc": 0.8421927094459534,
	"best_valid_main_smin_acc": 0.3799999952316284,
	"best_valid_main_pdelta": 0.04103462025523186,
	"best_train_main_random_metric": 746.3524169921875
}