{
	"best_train_main_metric": 4810.30810546875,
	"best_valid_main_acc": 0.6025640964508057,
	"best_valid_main_smin_acc": 0.5677419304847717,
	"best_valid_main_pdelta": 0.1243232861161232,
	"best_train_main_random_metric": 5267.81640625
}