{
	"best_train_main_metric": 5418.16552734375,
	"best_valid_main_acc": 0.4922161102294922,
	"best_valid_main_smin_acc": 0.49400922656059265,
	"best_valid_main_pdelta": 5.8035350747331904e-08,
	"best_train_main_random_metric": 5418.423828125
}