{
	"best_train_main_metric": 1127.486572265625,
	"best_valid_main_acc": 0.7494505643844604,
	"best_valid_main_smin_acc": 0.6726190447807312,
	"best_valid_main_pdelta": 0.02442529983818531,
	"best_train_main_random_metric": 1128.13134765625
}