{
	"best_train_main_metric": 660.3056640625,
	"best_valid_main_acc": 0.7747252583503723,
	"best_valid_main_smin_acc": 0.49572649598121643,
	"best_valid_main_pdelta": 0.025097448378801346,
	"best_train_main_random_metric": 660.9463500976562
}