{
	"best_train_main_metric": 27032.55078125,
	"best_valid_main_acc": 0.521611750125885,
	"best_valid_main_smin_acc": 0.517241358757019,
	"best_valid_main_pdelta": 0.44330906867980957,
	"best_train_main_random_metric": 15.317448616027832
}