{
	"best_train_main_metric": 1082.91259765625,
	"best_valid_main_acc": 0.7302857041358948,
	"best_valid_main_smin_acc": 0.752913773059845,
	"best_valid_main_pdelta": 0.01184886135160923,
	"best_train_main_random_metric": 1081.1292724609375
}