{
	"best_train_main_metric": 1082.0157470703125,
	"best_valid_main_acc": 0.7314285635948181,
	"best_valid_main_smin_acc": 0.7435897588729858,
	"best_valid_main_pdelta": 0.010034868493676186,
	"best_train_main_random_metric": 1081.8521728515625
}