{
	"best_train_main_metric": 486.48785400390625,
	"best_valid_main_acc": 0.5437787771224976,
	"best_valid_main_smin_acc": 0.4404761791229248,
	"best_valid_main_pdelta": 0.11590022593736649,
	"best_train_main_random_metric": 538.5690307617188
}