{
	"best_train_main_metric": 469.45538330078125,
	"best_valid_main_acc": 0.539170503616333,
	"best_valid_main_smin_acc": 0.4404761791229248,
	"best_valid_main_pdelta": 0.13238424062728882,
	"best_train_main_random_metric": 511.1058349609375
}