{
	"best_train_main_metric": 1326.037841796875,
	"best_valid_main_acc": 0.6767399311065674,
	"best_valid_main_smin_acc": 0.6654991507530212,
	"best_valid_main_pdelta": 0.01325556542724371,
	"best_train_main_random_metric": 1325.90673828125
}