{
	"best_train_main_metric": 4807.853515625,
	"best_valid_main_acc": 0.6318681240081787,
	"best_valid_main_smin_acc": 0.21827411651611328,
	"best_valid_main_pdelta": 0.20172517001628876,
	"best_train_main_random_metric": 5405.15380859375
}