{
	"best_train_main_metric": 5417.83837890625,
	"best_valid_main_acc": 0.4922161102294922,
	"best_valid_main_smin_acc": 0.48730963468551636,
	"best_valid_main_pdelta": 9.697402674646582e-06,
	"best_train_main_random_metric": 5417.99267578125
}