{
	"best_train_main_metric": 22517.947265625,
	"best_valid_main_acc": 0.5230769515037537,
	"best_valid_main_smin_acc": 0.5062937140464783,
	"best_valid_main_pdelta": 0.4352584779262543,
	"best_train_main_random_metric": 104.43215942382812
}