{
	"best_train_main_metric": 1315.9918212890625,
	"best_valid_main_acc": 0.6924067139625549,
	"best_valid_main_smin_acc": 0.6363636255264282,
	"best_valid_main_pdelta": 0.003156929509714246,
	"best_train_main_random_metric": 2179.014892578125
}