{
	"best_train_main_metric": 980.36669921875,
	"best_valid_main_acc": 0.7490347623825073,
	"best_valid_main_smin_acc": 0.5974025726318359,
	"best_valid_main_pdelta": 0.02415047027170658,
	"best_train_main_random_metric": 979.2471313476562
}