{
	"best_train_main_metric": 344.0805969238281,
	"best_valid_main_acc": 0.7511520981788635,
	"best_valid_main_smin_acc": 0.1599999964237213,
	"best_valid_main_pdelta": 0.5689405202865601,
	"best_train_main_random_metric": 912.5455322265625
}