{
	"best_train_main_metric": 1935.9339599609375,
	"best_valid_main_acc": 0.5328185558319092,
	"best_valid_main_smin_acc": 0.4372294247150421,
	"best_valid_main_pdelta": 0.0010624105343595147,
	"best_train_main_random_metric": 1922.64013671875
}