{
	"best_train_main_metric": 4268.5078125,
	"best_valid_main_acc": 0.803113579750061,
	"best_train_main_random_metric": 5875.1708984375
}