{
	"best_train_main_metric": 1128.981689453125,
	"best_valid_main_acc": 0.7560439705848694,
	"best_valid_main_smin_acc": 0.7291666865348816,
	"best_valid_main_pdelta": 0.021660754457116127,
	"best_train_main_random_metric": 1126.6617431640625
}