{
	"best_train_main_metric": 824.146728515625,
	"best_valid_main_acc": 0.8208791017532349,
	"best_valid_main_smin_acc": 0.7351190447807312,
	"best_valid_main_pdelta": 0.019360283389687538,
	"best_train_main_random_metric": 3586.95556640625
}