{
	"best_train_main_metric": 11.159551620483398,
	"best_valid_main_acc": 0.8067712783813477,
	"best_valid_main_smin_acc": 0.39259257912635803,
	"best_valid_main_pdelta": 0.5488530993461609,
	"best_train_main_random_metric": 22227.8828125
}