{
	"best_train_main_metric": 1261.5555419921875,
	"best_valid_main_acc": 0.7285714149475098,
	"best_valid_main_smin_acc": 0.6785714030265808,
	"best_valid_main_pdelta": 0.005946710705757141,
	"best_train_main_random_metric": 2828.6630859375
}