{
	"best_train_main_metric": 1128.2401123046875,
	"best_valid_main_acc": 0.7538461685180664,
	"best_valid_main_smin_acc": 0.6875,
	"best_valid_main_pdelta": 0.01883765310049057,
	"best_train_main_random_metric": 1127.3267822265625
}