{
	"best_train_main_metric": 29070.587890625,
	"best_valid_main_acc": 0.5137732028961182,
	"best_valid_main_smin_acc": 0.5577341914176941,
	"best_valid_main_pdelta": 0.4133027195930481,
	"best_train_main_random_metric": 23.466421127319336
}