{
	"best_train_main_metric": 1.495370626449585,
	"best_valid_main_acc": 0.7938144207000732,
	"best_valid_main_smin_acc": 0.5972222089767456,
	"best_valid_main_pdelta": 0.05868834629654884,
	"best_train_main_random_metric": 14772.759765625
}