{
	"best_train_main_metric": 749.9834594726562,
	"best_valid_main_acc": 0.7592295408248901,
	"best_valid_main_smin_acc": 0.6666666865348816,
	"best_valid_main_pdelta": 0.017467143014073372,
	"best_train_main_random_metric": 749.1641845703125
}