{
	"best_train_main_metric": 3870.23583984375,
	"best_valid_main_acc": 0.500320315361023,
	"best_valid_main_smin_acc": 0.48148149251937866,
	"best_valid_main_pdelta": 0.002604080131277442,
	"best_train_main_random_metric": 3864.459228515625
}