{
	"best_train_main_metric": 26755.017578125,
	"best_valid_main_acc": 0.491992324590683,
	"best_valid_main_smin_acc": 0.49537035822868347,
	"best_valid_main_pdelta": 0.5259099006652832,
	"best_train_main_random_metric": 52.16975784301758
}