{
	"best_train_main_metric": 1.5761356353759766,
	"best_valid_main_acc": 0.8010988831520081,
	"best_valid_main_smin_acc": 0.7299465537071228,
	"best_valid_main_pdelta": 0.03176972642540932,
	"best_train_main_random_metric": 18546.828125
}