{
	"best_train_main_metric": 8.06463623046875,
	"best_valid_main_acc": 0.7853479981422424,
	"best_valid_main_smin_acc": 0.4944238066673279,
	"best_valid_main_pdelta": 0.4574396014213562,
	"best_train_main_random_metric": 28571.93359375
}