{
	"best_train_main_metric": 22199.669921875,
	"best_valid_main_acc": 0.511904776096344,
	"best_valid_main_smin_acc": 0.5271453857421875,
	"best_valid_main_pdelta": 0.040283236652612686,
	"best_train_main_random_metric": 5.966784954071045
}