{
	"best_train_main_metric": 23850.203125,
	"best_valid_main_acc": 0.48351648449897766,
	"best_valid_main_smin_acc": 0.47635728120803833,
	"best_valid_main_pdelta": 0.04053106904029846,
	"best_train_main_random_metric": 5.750934600830078
}