{
	"best_train_main_metric": 7235.98095703125,
	"best_valid_main_acc": 0.43310657143592834,
	"best_valid_main_smin_acc": 0.5,
	"best_valid_main_pdelta": 0.03215985745191574,
	"best_train_main_random_metric": 0.38251981139183044
}