{
	"best_train_main_metric": 7546.15478515625,
	"best_valid_main_acc": 0.44671201705932617,
	"best_valid_main_smin_acc": 0.5,
	"best_valid_main_pdelta": 0.03319600224494934,
	"best_train_main_random_metric": 0.18300792574882507
}