{
	"best_train_main_metric": 4655.69677734375,
	"best_valid_main_acc": 0.7211538553237915,
	"best_valid_main_smin_acc": 0.5731573104858398,
	"best_valid_main_pdelta": 0.004709332250058651,
	"best_train_main_random_metric": 5893.09521484375
}