{
	"best_train_main_metric": 4599.6875,
	"best_valid_main_acc": 0.6579670310020447,
	"best_valid_main_smin_acc": 0.5100896954536438,
	"best_valid_main_pdelta": 0.13991203904151917,
	"best_train_main_random_metric": 5469.8837890625
}