{
	"best_train_main_metric": 3788.143798828125,
	"best_valid_main_acc": 0.6520146727561951,
	"best_valid_main_smin_acc": 0.5683003067970276,
	"best_valid_main_pdelta": 0.24161353707313538,
	"best_train_main_random_metric": 9028.23046875
}