{
	"best_train_main_metric": 4153.08056640625,
	"best_valid_main_acc": 0.6730769276618958,
	"best_valid_main_smin_acc": 0.5912408828735352,
	"best_valid_main_pdelta": 0.2223389446735382,
	"best_train_main_random_metric": 8573.53515625
}