{
	"best_train_main_metric": 4535.361328125,
	"best_valid_main_acc": 0.4862637221813202,
	"best_valid_main_smin_acc": 0.48016417026519775,
	"best_valid_main_pdelta": 0.014225120656192303,
	"best_train_main_random_metric": 4508.4296875
}