{
	"best_train_main_metric": 1.497406244277954,
	"best_valid_main_acc": 0.9027272462844849,
	"best_valid_main_smin_acc": 0.3333333432674408,
	"best_valid_main_pdelta": 0.49103614687919617,
	"best_train_main_random_metric": 23007.21484375
}