{
	"best_train_main_metric": 4360.6337890625,
	"best_valid_main_acc": 0.5137362480163574,
	"best_valid_main_smin_acc": 0.5118880867958069,
	"best_valid_main_pdelta": 0.00963370781391859,
	"best_train_main_random_metric": 4524.6181640625
}