{
	"best_train_main_metric": 11139.5673828125,
	"best_valid_main_acc": 0.5280898809432983,
	"best_valid_main_smin_acc": 0.45856353640556335,
	"best_valid_main_pdelta": 0.025687063112854958,
	"best_train_main_random_metric": 3.5999300479888916
}