{
	"best_train_main_metric": 5204.21484375,
	"best_valid_main_acc": 0.5723443031311035,
	"best_valid_main_smin_acc": 0.5737855434417725,
	"best_valid_main_pdelta": 0.010906951501965523,
	"best_train_main_random_metric": 5434.1484375
}