{
	"best_train_main_metric": 25789.455078125,
	"best_valid_main_acc": 0.46454545855522156,
	"best_valid_main_smin_acc": 0.4444444477558136,
	"best_valid_main_pdelta": 0.4253833591938019,
	"best_train_main_random_metric": 11.331521987915039
}