{
	"best_train_main_metric": 29.470373153686523,
	"best_valid_main_acc": 0.6824175715446472,
	"best_valid_main_smin_acc": 0.6110363602638245,
	"best_valid_main_pdelta": 0.45060622692108154,
	"best_train_main_random_metric": 30719.00390625
}