{
	"best_train_main_metric": 312.70849609375,
	"best_valid_main_acc": 0.6036866307258606,
	"best_valid_main_smin_acc": 0.4533333480358124,
	"best_valid_main_pdelta": 0.3616495430469513,
	"best_train_main_random_metric": 358.3195495605469
}