{
	"best_train_main_metric": 354.9204406738281,
	"best_valid_main_acc": 0.6129032373428345,
	"best_valid_main_smin_acc": 0.3466666638851166,
	"best_valid_main_pdelta": 0.2876100242137909,
	"best_train_main_random_metric": 420.5323181152344
}