{
	"best_train_main_metric": 15100.1484375,
	"best_valid_main_acc": 0.486857146024704,
	"best_valid_main_smin_acc": 0.4954337775707245,
	"best_valid_main_pdelta": 0.023100774735212326,
	"best_train_main_random_metric": 2.9014732837677
}