{
	"best_train_main_metric": 18351.90625,
	"best_valid_main_acc": 0.4674285650253296,
	"best_valid_main_smin_acc": 0.49086758494377136,
	"best_valid_main_pdelta": 0.023252705112099648,
	"best_train_main_random_metric": 1.9698830842971802
}