{
	"best_train_main_metric": 398.1685791015625,
	"best_valid_main_acc": 0.6451612710952759,
	"best_valid_main_smin_acc": 0.5263158082962036,
	"best_valid_main_pdelta": 0.22856484353542328,
	"best_train_main_random_metric": 628.0765991210938
}