{
	"best_train_main_metric": 1688.5677490234375,
	"best_valid_main_acc": 0.6703296899795532,
	"best_valid_main_smin_acc": 0.542553186416626,
	"best_valid_main_pdelta": 0.20136524736881256,
	"best_train_main_random_metric": 1683.4910888671875
}