{
	"best_train_main_metric": 4790.90625,
	"best_valid_main_acc": 0.6002747416496277,
	"best_valid_main_smin_acc": 0.5843318104743958,
	"best_valid_main_pdelta": 0.12222913652658463,
	"best_train_main_random_metric": 5189.73486328125
}