{
	"best_train_main_metric": 5417.71240234375,
	"best_valid_main_acc": 0.4922161102294922,
	"best_valid_main_smin_acc": 0.49400922656059265,
	"best_valid_main_pdelta": 2.4113545805448666e-05,
	"best_train_main_random_metric": 5417.8330078125
}