{
	"best_train_main_metric": 1.9419338703155518,
	"best_valid_main_acc": 0.8186196088790894,
	"best_valid_main_smin_acc": 0.7487179636955261,
	"best_valid_main_pdelta": 0.023605749011039734,
	"best_train_main_random_metric": 12832.953125
}