{
	"best_train_main_metric": 1.9577751159667969,
	"best_valid_main_acc": 0.8138041496276855,
	"best_valid_main_smin_acc": 0.8051282167434692,
	"best_valid_main_pdelta": 0.019196150824427605,
	"best_train_main_random_metric": 12334.2060546875
}