{
	"best_train_main_metric": 1.4282691478729248,
	"best_valid_main_acc": 0.9307832717895508,
	"best_valid_main_smin_acc": 0.1666666716337204,
	"best_valid_main_pdelta": 0.25449836254119873,
	"best_train_main_random_metric": 10961.771484375
}