{
	"best_train_main_metric": 10312.6123046875,
	"best_valid_main_acc": 0.4658385217189789,
	"best_valid_main_smin_acc": 0.44999998807907104,
	"best_valid_main_pdelta": 0.033925630152225494,
	"best_train_main_random_metric": 0.038409456610679626
}