{
	"best_train_main_metric": 10288.8623046875,
	"best_valid_main_acc": 0.5631229281425476,
	"best_valid_main_smin_acc": 0.5666666626930237,
	"best_valid_main_pdelta": 0.06214803457260132,
	"best_train_main_random_metric": 1.5951541662216187
}