{
	"best_train_main_metric": 11458.5791015625,
	"best_valid_main_acc": 0.5465116500854492,
	"best_valid_main_smin_acc": 0.5166666507720947,
	"best_valid_main_pdelta": 0.06868383288383484,
	"best_train_main_random_metric": 1.493212103843689
}