{
	"best_train_main_metric": 4744.4794921875,
	"best_valid_main_acc": 0.5851648449897766,
	"best_valid_main_smin_acc": 0.42370370030403137,
	"best_valid_main_pdelta": 0.19682739675045013,
	"best_train_main_random_metric": 5284.53759765625
}