{
	"best_train_main_metric": 4034.4443359375,
	"best_valid_main_acc": 0.6643772721290588,
	"best_valid_main_smin_acc": 0.27518796920776367,
	"best_valid_main_pdelta": 0.22508522868156433,
	"best_train_main_random_metric": 8135.193359375
}