{
	"best_train_main_metric": 0.019334038719534874,
	"best_valid_main_acc": 0.7948718070983887,
	"best_valid_main_smin_acc": 0.7880910634994507,
	"best_valid_main_pdelta": 0.02155427075922489,
	"best_train_main_random_metric": 25721.681640625
}