{
	"best_train_main_metric": 4229.56591796875,
	"best_valid_main_acc": 0.6529303789138794,
	"best_valid_main_smin_acc": 0.2917293310165405,
	"best_valid_main_pdelta": 0.26069116592407227,
	"best_train_main_random_metric": 8846.5224609375
}