{
	"best_train_main_metric": 3869.197265625,
	"best_valid_main_acc": 0.6547619104385376,
	"best_valid_main_smin_acc": 0.30676692724227905,
	"best_valid_main_pdelta": 0.2766314148902893,
	"best_train_main_random_metric": 9394.4072265625
}