{
	"best_train_main_metric": 17400.91796875,
	"best_valid_main_acc": 0.48777347803115845,
	"best_valid_main_smin_acc": 0.5,
	"best_valid_main_pdelta": 0.04347744956612587,
	"best_train_main_random_metric": 6.941459655761719
}