{
	"best_train_main_metric": 17461.64453125,
	"best_valid_main_acc": 0.46460747718811035,
	"best_valid_main_smin_acc": 0.5,
	"best_valid_main_pdelta": 0.050164952874183655,
	"best_train_main_random_metric": 5.7535295486450195
}