{
	"best_train_main_metric": 1518.62890625,
	"best_valid_main_acc": 0.538398027420044,
	"best_valid_main_smin_acc": 0.40909090638160706,
	"best_valid_main_pdelta": 0.10349354147911072,
	"best_train_main_random_metric": 1501.94970703125
}