{
	"best_train_main_metric": 4252.98486328125,
	"best_valid_main_acc": 0.7174908518791199,
	"best_valid_main_smin_acc": 0.40621116757392883,
	"best_valid_main_pdelta": 0.17489835619926453,
	"best_train_main_random_metric": 8096.26611328125
}