{
	"best_train_main_metric": 4023.708251953125,
	"best_valid_main_acc": 0.6602563858032227,
	"best_valid_main_smin_acc": 0.42360249161720276,
	"best_valid_main_pdelta": 0.2685771584510803,
	"best_train_main_random_metric": 10381.9697265625
}