{
	"best_train_main_metric": 12198.51953125,
	"best_valid_main_acc": 0.555377185344696,
	"best_valid_main_smin_acc": 0.469613254070282,
	"best_valid_main_pdelta": 0.029034283012151718,
	"best_train_main_random_metric": 1.9923347234725952
}