{
	"best_train_main_metric": 2.874467134475708,
	"best_valid_main_acc": 0.8799999952316284,
	"best_valid_main_smin_acc": 0.20000000298023224,
	"best_valid_main_pdelta": 0.5156872272491455,
	"best_train_main_random_metric": 24162.556640625
}