{
	"best_train_main_metric": 2.8446805477142334,
	"best_valid_main_acc": 0.885454535484314,
	"best_valid_main_smin_acc": 0.0,
	"best_valid_main_pdelta": 0.5032224059104919,
	"best_train_main_random_metric": 26148.287109375
}