{
	"best_train_main_metric": 4828.1123046875,
	"best_valid_main_acc": 0.6836080551147461,
	"best_valid_main_smin_acc": 0.537585437297821,
	"best_valid_main_pdelta": 0.002046043984591961,
	"best_train_main_random_metric": 5669.4130859375
}