{
	"best_train_main_metric": 0.05855323374271393,
	"best_valid_main_acc": 0.865448534488678,
	"best_valid_main_smin_acc": 0.3799999952316284,
	"best_valid_main_pdelta": 0.08906253427267075,
	"best_train_main_random_metric": 11993.263671875
}