{
	"best_train_main_metric": 465.03448486328125,
	"best_valid_main_acc": 0.6866359710693359,
	"best_valid_main_smin_acc": 0.1785714328289032,
	"best_valid_main_pdelta": 0.14502103626728058,
	"best_train_main_random_metric": 537.8720092773438
}