{
	"best_train_main_metric": 409.6182556152344,
	"best_valid_main_acc": 0.6820276379585266,
	"best_valid_main_smin_acc": 0.375,
	"best_valid_main_pdelta": 0.25147777795791626,
	"best_train_main_random_metric": 459.9168395996094
}