{
	"best_train_main_metric": 26766.755859375,
	"best_valid_main_acc": 0.5188981294631958,
	"best_valid_main_smin_acc": 0.4861111044883728,
	"best_valid_main_pdelta": 0.49159687757492065,
	"best_train_main_random_metric": 39.79048156738281
}