{
	"best_train_main_metric": 54.11892318725586,
	"best_valid_main_acc": 0.6934065818786621,
	"best_valid_main_smin_acc": 0.5743243098258972,
	"best_valid_main_pdelta": 0.44732463359832764,
	"best_train_main_random_metric": 32105.251953125
}