{
	"best_train_main_metric": 4719.2236328125,
	"best_valid_main_acc": 0.6959707140922546,
	"best_valid_main_smin_acc": 0.7008234262466431,
	"best_valid_main_pdelta": 0.0023144125007092953,
	"best_train_main_random_metric": 5725.296875
}