{
	"best_train_main_metric": 1.4482100009918213,
	"best_valid_main_acc": 0.9508196711540222,
	"best_valid_main_smin_acc": 0.20000000298023224,
	"best_valid_main_pdelta": 0.22904641926288605,
	"best_train_main_random_metric": 11538.291015625
}