{
	"best_train_main_metric": 486.1174621582031,
	"best_valid_main_acc": 0.599078357219696,
	"best_valid_main_smin_acc": 0.9069767594337463,
	"best_valid_main_pdelta": 0.030078968033194542,
	"best_train_main_random_metric": 566.3980712890625
}