{
	"best_train_main_metric": 397.9296875,
	"best_valid_main_acc": 0.7373272180557251,
	"best_valid_main_smin_acc": 0.23999999463558197,
	"best_valid_main_pdelta": 0.2722570598125458,
	"best_train_main_random_metric": 588.008544921875
}