{
	"best_train_main_metric": 27722.60546875,
	"best_valid_main_acc": 0.5384615659713745,
	"best_valid_main_smin_acc": 0.4671328663825989,
	"best_valid_main_pdelta": 0.4791460335254669,
	"best_train_main_random_metric": 77.39431762695312
}