{
	"best_train_main_metric": 4865.83642578125,
	"best_valid_main_acc": 0.5782967209815979,
	"best_valid_main_smin_acc": 0.47777777910232544,
	"best_valid_main_pdelta": 0.18707630038261414,
	"best_train_main_random_metric": 5339.09326171875
}