{
	"best_train_main_metric": 19885.26171875,
	"best_valid_main_acc": 0.5076923370361328,
	"best_valid_main_smin_acc": 0.4871794879436493,
	"best_valid_main_pdelta": 0.06003895774483681,
	"best_train_main_random_metric": 0.058145828545093536
}