{
	"best_train_main_metric": 11420.18359375,
	"best_valid_main_acc": 0.4615384638309479,
	"best_valid_main_smin_acc": 0.49074074625968933,
	"best_valid_main_pdelta": 0.037771113216876984,
	"best_train_main_random_metric": 1.9919631481170654
}