{
	"best_train_main_metric": 11083.5986328125,
	"best_valid_main_acc": 0.5073260068893433,
	"best_valid_main_smin_acc": 0.5648148059844971,
	"best_valid_main_pdelta": 0.027400454506278038,
	"best_train_main_random_metric": 2.000296115875244
}