{
	"best_train_main_metric": 0.026696331799030304,
	"best_valid_main_acc": 0.831501841545105,
	"best_valid_main_smin_acc": 0.6153846383094788,
	"best_valid_main_pdelta": 0.034568943083286285,
	"best_train_main_random_metric": 11077.6728515625
}