{
	"best_train_main_metric": 4512.443359375,
	"best_valid_main_acc": 0.49945053458213806,
	"best_valid_main_smin_acc": 0.491251677274704,
	"best_valid_main_pdelta": 0.002640716964378953,
	"best_train_main_random_metric": 4507.9716796875
}