{
	"best_train_main_metric": 3892.4677734375,
	"best_valid_main_acc": 0.694597065448761,
	"best_valid_main_smin_acc": 0.07583773881196976,
	"best_valid_main_pdelta": 0.3197689354419708,
	"best_train_main_random_metric": 9253.732421875
}