{
	"best_train_main_metric": 4347.20947265625,
	"best_valid_main_acc": 0.7284798622131348,
	"best_valid_main_smin_acc": 0.04056437313556671,
	"best_valid_main_pdelta": 0.27968859672546387,
	"best_train_main_random_metric": 7091.708984375
}