{
	"best_train_main_metric": 10621.68359375,
	"best_valid_main_acc": 0.4871794879436493,
	"best_valid_main_smin_acc": 0.5,
	"best_valid_main_pdelta": 0.029941869899630547,
	"best_train_main_random_metric": 2.0848336219787598
}