{
	"best_train_main_metric": 1471.706787109375,
	"best_valid_main_acc": 0.773809552192688,
	"best_valid_main_smin_acc": 0.803852915763855,
	"best_valid_main_pdelta": 0.003349132603034377,
	"best_train_main_random_metric": 3684.076416015625
}