{
	"best_train_main_metric": 1326.6578369140625,
	"best_valid_main_acc": 0.6895604133605957,
	"best_valid_main_smin_acc": 0.6970227956771851,
	"best_valid_main_pdelta": 0.015377530828118324,
	"best_train_main_random_metric": 1332.2501220703125
}