{
	"best_train_main_metric": 1.3997328281402588,
	"best_valid_main_acc": 0.9508196711540222,
	"best_valid_main_smin_acc": 0.375,
	"best_valid_main_pdelta": 0.2107549011707306,
	"best_train_main_random_metric": 12561.689453125
}