{
	"best_train_main_metric": 1.4109597206115723,
	"best_valid_main_acc": 0.8198198080062866,
	"best_valid_main_smin_acc": 0.709956705570221,
	"best_valid_main_pdelta": 0.03746918961405754,
	"best_train_main_random_metric": 17587.25
}