{
	"best_train_main_metric": 1.412827968597412,
	"best_valid_main_acc": 0.8198198080062866,
	"best_valid_main_smin_acc": 0.7056276798248291,
	"best_valid_main_pdelta": 0.040770530700683594,
	"best_train_main_random_metric": 17396.5234375
}