{
	"best_train_main_metric": 677.0140380859375,
	"best_valid_main_acc": 0.8706739544868469,
	"best_valid_main_smin_acc": 0.375,
	"best_valid_main_pdelta": 0.06712805479764938,
	"best_train_main_random_metric": 677.67919921875
}