{
	"best_train_main_metric": 676.9990844726562,
	"best_valid_main_acc": 0.8433515429496765,
	"best_valid_main_smin_acc": 0.375,
	"best_valid_main_pdelta": 0.06680145114660263,
	"best_train_main_random_metric": 677.8013916015625
}