{
	"best_train_main_metric": 31.854244232177734,
	"best_valid_main_acc": 0.7120879292488098,
	"best_valid_main_smin_acc": 0.6087551116943359,
	"best_valid_main_pdelta": 0.4295687675476074,
	"best_train_main_random_metric": 33147.2734375
}