{
	"best_train_main_metric": 497.05999755859375,
	"best_valid_main_acc": 0.5668202638626099,
	"best_valid_main_smin_acc": 0.5566037893295288,
	"best_valid_main_pdelta": 0.036711186170578,
	"best_train_main_random_metric": 543.0161743164062
}