{
	"best_train_main_metric": 507.8422546386719,
	"best_valid_main_acc": 0.5622119903564453,
	"best_valid_main_smin_acc": 0.5648148059844971,
	"best_valid_main_pdelta": 0.008602691814303398,
	"best_train_main_random_metric": 563.236572265625
}