{
	"best_train_main_metric": 27367.572265625,
	"best_valid_main_acc": 0.5406593680381775,
	"best_valid_main_smin_acc": 0.48327139019966125,
	"best_valid_main_pdelta": 0.43528738617897034,
	"best_train_main_random_metric": 18.163602828979492
}