{
	"best_train_main_metric": 5417.25732421875,
	"best_valid_main_acc": 0.514194130897522,
	"best_valid_main_smin_acc": 0.5325112342834473,
	"best_valid_main_pdelta": 5.434804734250065e-06,
	"best_train_main_random_metric": 5417.05712890625
}