{
	"best_train_main_metric": 886.8600463867188,
	"best_valid_main_acc": 0.7046703100204468,
	"best_valid_main_smin_acc": 0.7220339179039001,
	"best_valid_main_pdelta": 0.017480220645666122,
	"best_train_main_random_metric": 886.8152465820312
}