{
	"best_train_main_metric": 23.42993927001953,
	"best_valid_main_acc": 0.7692307829856873,
	"best_valid_main_smin_acc": 0.4758364260196686,
	"best_valid_main_pdelta": 0.39382556080818176,
	"best_train_main_random_metric": 20670.826171875
}