{
	"best_train_main_metric": 962.9353637695312,
	"best_valid_main_acc": 0.7936363816261292,
	"best_valid_main_smin_acc": 0.1538461595773697,
	"best_valid_main_pdelta": 0.27950674295425415,
	"best_train_main_random_metric": 4745.81103515625
}