{
	"best_train_main_metric": 816.6154174804688,
	"best_valid_main_acc": 0.7584683299064636,
	"best_valid_main_smin_acc": 0.5328947305679321,
	"best_valid_main_pdelta": 0.04932160675525665,
	"best_train_main_random_metric": 817.265380859375
}