{
	"best_train_main_metric": 4690.96044921875,
	"best_valid_main_acc": 0.6877289414405823,
	"best_valid_main_smin_acc": 0.6184210777282715,
	"best_valid_main_pdelta": 0.01414976641535759,
	"best_train_main_random_metric": 5838.681640625
}