{
	"best_train_main_metric": 4774.4375,
	"best_valid_main_acc": 0.6698718070983887,
	"best_valid_main_smin_acc": 0.5787278413772583,
	"best_valid_main_pdelta": 0.08897572755813599,
	"best_train_main_random_metric": 5431.40576171875
}