{
	"best_train_main_metric": 1.4003312587738037,
	"best_valid_main_acc": 0.9526411890983582,
	"best_valid_main_smin_acc": 0.25,
	"best_valid_main_pdelta": 0.2129007875919342,
	"best_train_main_random_metric": 12530.537109375
}