{
	"best_train_main_metric": 4677.12939453125,
	"best_valid_main_acc": 0.6689560413360596,
	"best_valid_main_smin_acc": 0.6812143921852112,
	"best_valid_main_pdelta": 0.09589426964521408,
	"best_train_main_random_metric": 5267.43701171875
}