{
	"best_train_main_metric": 5416.5,
	"best_valid_main_acc": 0.5050366520881653,
	"best_valid_main_smin_acc": 0.5,
	"best_valid_main_pdelta": 1.0023484975363317e-07,
	"best_train_main_random_metric": 5416.50048828125
}