{
	"best_train_main_metric": 3004.641845703125,
	"best_valid_main_acc": 0.6383154392242432,
	"best_valid_main_smin_acc": 0.4375,
	"best_valid_main_pdelta": 0.0011093502398580313,
	"best_train_main_random_metric": 3010.216552734375
}