{
	"best_train_main_metric": 1513.0545654296875,
	"best_valid_main_acc": 0.6944673657417297,
	"best_valid_main_smin_acc": 0.4791666567325592,
	"best_valid_main_pdelta": 0.1895429641008377,
	"best_train_main_random_metric": 1539.1422119140625
}