{
	"best_train_main_metric": 7679.05029296875,
	"best_valid_main_acc": 0.4126984179019928,
	"best_valid_main_smin_acc": 0.6666666865348816,
	"best_valid_main_pdelta": 0.02673543058335781,
	"best_train_main_random_metric": 0.16690011322498322
}