{
	"best_train_main_metric": 479.8555908203125,
	"best_valid_main_acc": 0.5668202638626099,
	"best_valid_main_smin_acc": 0.4137931168079376,
	"best_valid_main_pdelta": 0.11876287311315536,
	"best_train_main_random_metric": 557.2152099609375
}