{
	"best_train_main_metric": 0.027823274955153465,
	"best_valid_main_acc": 0.8778467774391174,
	"best_valid_main_smin_acc": 0.4035087823867798,
	"best_valid_main_pdelta": 0.06900980323553085,
	"best_train_main_random_metric": 9891.689453125
}