{
	"best_train_main_metric": 0.02904871478676796,
	"best_valid_main_acc": 0.8799172043800354,
	"best_valid_main_smin_acc": 0.38596490025520325,
	"best_valid_main_pdelta": 0.08795657753944397,
	"best_train_main_random_metric": 9757.53125
}