{
	"best_train_main_metric": 1.51863694190979,
	"best_valid_main_acc": 0.8827272653579712,
	"best_valid_main_smin_acc": 0.3076923191547394,
	"best_valid_main_pdelta": 0.4894261956214905,
	"best_train_main_random_metric": 24125.78125
}