{
	"best_train_main_metric": 5418.12353515625,
	"best_valid_main_acc": 0.4922161102294922,
	"best_valid_main_smin_acc": 0.49343544244766235,
	"best_valid_main_pdelta": 2.2737236804459826e-07,
	"best_train_main_random_metric": 5418.37548828125
}