{
	"best_train_main_metric": 4996.109375,
	"best_valid_main_acc": 0.6163003444671631,
	"best_valid_main_smin_acc": 0.5164113640785217,
	"best_valid_main_pdelta": 0.08133284002542496,
	"best_train_main_random_metric": 5390.73291015625
}