{
	"best_train_main_metric": 656.8088989257812,
	"best_valid_main_acc": 0.7967599630355835,
	"best_valid_main_smin_acc": 0.6184210777282715,
	"best_valid_main_pdelta": 0.014088604599237442,
	"best_train_main_random_metric": 2757.36474609375
}