{
	"best_train_main_metric": 816.3934936523438,
	"best_valid_main_acc": 0.7776141166687012,
	"best_valid_main_smin_acc": 0.5,
	"best_valid_main_pdelta": 0.0436384342610836,
	"best_train_main_random_metric": 817.3427734375
}