{
	"best_train_main_metric": 75.73890686035156,
	"best_valid_main_acc": 0.6807692050933838,
	"best_valid_main_smin_acc": 0.5921937823295593,
	"best_valid_main_pdelta": 0.40963172912597656,
	"best_train_main_random_metric": 29628.455078125
}