{
	"best_train_main_metric": 3.429311752319336,
	"best_valid_main_acc": 0.8089887499809265,
	"best_valid_main_smin_acc": 0.7237569093704224,
	"best_valid_main_pdelta": 0.0239420048892498,
	"best_train_main_random_metric": 12304.3251953125
}