{
	"best_train_main_metric": 985.425537109375,
	"best_valid_main_acc": 0.7348777055740356,
	"best_valid_main_smin_acc": 0.6803278923034668,
	"best_valid_main_pdelta": 0.019677836447954178,
	"best_train_main_random_metric": 985.7493286132812
}