{
	"best_train_main_metric": 803.64306640625,
	"best_valid_main_acc": 0.8223938345909119,
	"best_valid_main_smin_acc": 0.6557376980781555,
	"best_valid_main_pdelta": 0.031081702560186386,
	"best_train_main_random_metric": 2876.99072265625
}