{
	"best_train_main_metric": 498.9112854003906,
	"best_valid_main_acc": 0.5483871102333069,
	"best_valid_main_smin_acc": 0.4752475321292877,
	"best_valid_main_pdelta": 0.057320352643728256,
	"best_train_main_random_metric": 537.7600708007812
}