{
	"best_train_main_metric": 478.8130798339844,
	"best_valid_main_acc": 0.5161290168762207,
	"best_valid_main_smin_acc": 0.4455445408821106,
	"best_valid_main_pdelta": 0.10089951008558273,
	"best_train_main_random_metric": 518.0059204101562
}