{
	"best_train_main_metric": 593.2922973632812,
	"best_valid_main_acc": 0.7978141903877258,
	"best_valid_main_smin_acc": 0.6666666865348816,
	"best_valid_main_pdelta": 0.007353335153311491,
	"best_train_main_random_metric": 1988.351806640625
}