{
	"best_train_main_metric": 685.2606201171875,
	"best_valid_main_acc": 0.8779599070549011,
	"best_valid_main_smin_acc": 0.3333333432674408,
	"best_valid_main_pdelta": 0.0594082847237587,
	"best_train_main_random_metric": 689.3020629882812
}