{
	"best_train_main_metric": 985.6112060546875,
	"best_valid_main_acc": 0.7297297120094299,
	"best_valid_main_smin_acc": 0.6721311211585999,
	"best_valid_main_pdelta": 0.017080014571547508,
	"best_train_main_random_metric": 985.6683959960938
}