{
	"best_train_main_metric": 590.518310546875,
	"best_valid_main_acc": 0.8550724387168884,
	"best_valid_main_smin_acc": 0.42105263471603394,
	"best_valid_main_pdelta": 0.027828840538859367,
	"best_train_main_random_metric": 594.00537109375
}