{
	"best_train_main_metric": 4212.4931640625,
	"best_valid_main_acc": 0.6538461446762085,
	"best_valid_main_smin_acc": 0.6635944843292236,
	"best_valid_main_pdelta": 0.18534134328365326,
	"best_train_main_random_metric": 6961.970703125
}