{
	"best_train_main_metric": 4071.606689453125,
	"best_valid_main_acc": 0.6639193892478943,
	"best_valid_main_smin_acc": 0.6562212109565735,
	"best_valid_main_pdelta": 0.1900753676891327,
	"best_train_main_random_metric": 7583.75830078125
}