{
	"best_train_main_metric": 24305.763671875,
	"best_valid_main_acc": 0.49963369965553284,
	"best_valid_main_smin_acc": 0.5165289044380188,
	"best_valid_main_pdelta": 0.5555579662322998,
	"best_train_main_random_metric": 21.086023330688477
}