{
	"best_train_main_metric": 4506.525390625,
	"best_valid_main_acc": 0.5137362480163574,
	"best_valid_main_smin_acc": 0.5198358297348022,
	"best_valid_main_pdelta": 0.000553657824639231,
	"best_train_main_random_metric": 4514.7890625
}