{
	"best_train_main_metric": 4274.69189453125,
	"best_valid_main_acc": 0.6419413685798645,
	"best_valid_main_smin_acc": 0.6304147243499756,
	"best_valid_main_pdelta": 0.2706524729728699,
	"best_train_main_random_metric": 10413.302734375
}