{
	"best_train_main_metric": 3.3660783767700195,
	"best_valid_main_acc": 0.7680000066757202,
	"best_valid_main_smin_acc": 0.7995337843894958,
	"best_valid_main_pdelta": 0.017246678471565247,
	"best_train_main_random_metric": 18566.603515625
}