{
	"best_train_main_metric": 3.338257312774658,
	"best_valid_main_acc": 0.7908571362495422,
	"best_valid_main_smin_acc": 0.811188817024231,
	"best_valid_main_pdelta": 0.015422249212861061,
	"best_train_main_random_metric": 19116.64453125
}