{
	"best_train_main_metric": 2502.3740234375,
	"best_valid_main_acc": 0.9583333134651184,
	"best_train_main_random_metric": 6649.30419921875
}