{
	"best_train_main_metric": 30416.109375,
	"best_valid_main_acc": 0.49542123079299927,
	"best_valid_main_smin_acc": 0.5173357725143433,
	"best_valid_main_pdelta": 0.4238027036190033,
	"best_train_main_random_metric": 164.07305908203125
}