{
	"best_train_main_metric": 525.305908203125,
	"best_valid_main_acc": 0.5760368704795837,
	"best_valid_main_smin_acc": 0.9189189076423645,
	"best_valid_main_pdelta": 0.0013181796530261636,
	"best_train_main_random_metric": 551.4696655273438
}