{
	"best_train_main_metric": 2.8862969875335693,
	"best_valid_main_acc": 0.7940797805786133,
	"best_valid_main_smin_acc": 0.6709956526756287,
	"best_valid_main_pdelta": 0.07754994928836823,
	"best_train_main_random_metric": 16764.009765625
}