{
	"best_train_main_metric": 2824.197509765625,
	"best_valid_main_acc": 0.6149267554283142,
	"best_valid_main_smin_acc": 0.6012773513793945,
	"best_valid_main_pdelta": 0.23079323768615723,
	"best_train_main_random_metric": 2867.01513671875
}