{
	"best_train_main_metric": 5436.07177734375,
	"best_valid_main_acc": 0.4958791136741638,
	"best_valid_main_smin_acc": 0.5018247961997986,
	"best_valid_main_pdelta": 0.0011930146720260382,
	"best_train_main_random_metric": 5441.2890625
}