{
	"best_train_main_metric": 279.41644287109375,
	"best_valid_main_acc": 0.936247706413269,
	"best_valid_main_smin_acc": 0.20000000298023224,
	"best_valid_main_pdelta": 0.14055277407169342,
	"best_train_main_random_metric": 3297.3359375
}