{
	"best_train_main_metric": 712.480712890625,
	"best_valid_main_acc": 0.8797814249992371,
	"best_valid_main_smin_acc": 0.4000000059604645,
	"best_valid_main_pdelta": 0.07348920404911041,
	"best_train_main_random_metric": 704.8558959960938
}