{
	"best_train_main_metric": 21462.525390625,
	"best_valid_main_acc": 0.4849816858768463,
	"best_valid_main_smin_acc": 0.43262410163879395,
	"best_valid_main_pdelta": 0.4831920266151428,
	"best_train_main_random_metric": 42.801841735839844
}