{
	"best_train_main_metric": 4786.4150390625,
	"best_valid_main_acc": 0.6836080551147461,
	"best_valid_main_smin_acc": 0.2522658705711365,
	"best_valid_main_pdelta": 0.10302246361970901,
	"best_train_main_random_metric": 5529.828125
}