{
	"best_train_main_metric": 448.9546813964844,
	"best_valid_main_acc": 0.6359447240829468,
	"best_valid_main_smin_acc": 0.7254902124404907,
	"best_valid_main_pdelta": 0.14262153208255768,
	"best_train_main_random_metric": 575.8060302734375
}