{
	"best_train_main_metric": 409.19012451171875,
	"best_valid_main_acc": 0.7235022783279419,
	"best_valid_main_smin_acc": 0.2888889014720917,
	"best_valid_main_pdelta": 0.28642505407333374,
	"best_train_main_random_metric": 576.8292236328125
}