{
	"best_train_main_metric": 1162.0052490234375,
	"best_valid_main_acc": 0.6868131756782532,
	"best_valid_main_smin_acc": 0.6310160160064697,
	"best_valid_main_pdelta": 0.021248122677206993,
	"best_train_main_random_metric": 1162.512939453125
}