{
	"best_train_main_metric": 1162.6220703125,
	"best_valid_main_acc": 0.6791208982467651,
	"best_valid_main_smin_acc": 0.6524063944816589,
	"best_valid_main_pdelta": 0.02323031984269619,
	"best_train_main_random_metric": 1162.943115234375
}