{
	"best_train_main_metric": 233.059326171875,
	"best_valid_main_acc": 0.9253187775611877,
	"best_valid_main_smin_acc": 0.4000000059604645,
	"best_valid_main_pdelta": 0.07886640727519989,
	"best_train_main_random_metric": 3334.1591796875
}