{
	"best_train_main_metric": 703.89111328125,
	"best_valid_main_acc": 0.8142076730728149,
	"best_valid_main_smin_acc": 0.20000000298023224,
	"best_valid_main_pdelta": 0.061321698129177094,
	"best_train_main_random_metric": 705.1719970703125
}