{
	"best_train_main_metric": 19618.27734375,
	"best_valid_main_acc": 0.5005714297294617,
	"best_valid_main_smin_acc": 0.5251141786575317,
	"best_valid_main_pdelta": 0.01998530700802803,
	"best_train_main_random_metric": 1.9455775022506714
}