{
	"best_train_main_metric": 16333.3857421875,
	"best_valid_main_acc": 0.4711538553237915,
	"best_valid_main_smin_acc": 0.4299674332141876,
	"best_valid_main_pdelta": 0.02495315857231617,
	"best_train_main_random_metric": 0.03844757378101349
}