{
	"best_train_main_metric": 16501.6328125,
	"best_valid_main_acc": 0.49175822734832764,
	"best_valid_main_smin_acc": 0.4560260474681854,
	"best_valid_main_pdelta": 0.01940649002790451,
	"best_train_main_random_metric": 0.0320185124874115
}