{
	"best_train_main_metric": 4634.6943359375,
	"best_valid_main_acc": 0.7197802066802979,
	"best_valid_main_smin_acc": 0.45328283309936523,
	"best_valid_main_pdelta": 0.003982116933912039,
	"best_train_main_random_metric": 5948.748046875
}