{
	"best_train_main_metric": 26874.0234375,
	"best_valid_main_acc": 0.4863748848438263,
	"best_valid_main_smin_acc": 0.5419847369194031,
	"best_valid_main_pdelta": 0.4998394846916199,
	"best_train_main_random_metric": 16.807708740234375
}