{
	"best_train_main_metric": 887.1170043945312,
	"best_valid_main_acc": 0.718406617641449,
	"best_valid_main_smin_acc": 0.7220339179039001,
	"best_valid_main_pdelta": 0.012788493186235428,
	"best_train_main_random_metric": 886.7802124023438
}