{
	"best_train_main_metric": 4534.4951171875,
	"best_valid_main_acc": 0.7161172032356262,
	"best_valid_main_smin_acc": 0.4030612111091614,
	"best_valid_main_pdelta": 0.022493375465273857,
	"best_train_main_random_metric": 5885.71533203125
}