{
	"best_train_main_metric": 1951.212890625,
	"best_valid_main_acc": 0.5707879662513733,
	"best_valid_main_smin_acc": 0.4457142949104309,
	"best_valid_main_pdelta": 0.1390167623758316,
	"best_train_main_random_metric": 1960.6800537109375
}