{
	"best_train_main_metric": 5417.35791015625,
	"best_valid_main_acc": 0.514194130897522,
	"best_valid_main_smin_acc": 0.5079365372657776,
	"best_valid_main_pdelta": 4.8207548388745636e-05,
	"best_train_main_random_metric": 5417.25927734375
}