{
	"best_train_main_metric": 2267.78759765625,
	"best_valid_main_acc": 0.5010989308357239,
	"best_valid_main_smin_acc": 0.5178571343421936,
	"best_valid_main_pdelta": 0.00019487395184114575,
	"best_train_main_random_metric": 2263.02783203125
}