{
	"best_train_main_metric": 2667.404541015625,
	"best_valid_main_acc": 0.49636363983154297,
	"best_valid_main_smin_acc": 0.6000000238418579,
	"best_valid_main_pdelta": 0.010871479287743568,
	"best_train_main_random_metric": 2766.25439453125
}