{
	"best_train_main_metric": 1395.102294921875,
	"best_valid_main_acc": 0.8227272629737854,
	"best_valid_main_smin_acc": 0.4000000059604645,
	"best_valid_main_pdelta": 0.2685093581676483,
	"best_train_main_random_metric": 1410.0711669921875
}