{
	"best_train_main_metric": 2285.975830078125,
	"best_valid_main_acc": 0.7179487347602844,
	"best_valid_main_smin_acc": 0.708185076713562,
	"best_valid_main_pdelta": 0.0012090549571439624,
	"best_train_main_random_metric": 2794.5380859375
}