{
	"best_train_main_metric": 1387.4027099609375,
	"best_valid_main_acc": 0.7353479862213135,
	"best_valid_main_smin_acc": 0.7330960631370544,
	"best_valid_main_pdelta": 0.021047009155154228,
	"best_train_main_random_metric": 1385.4461669921875
}