{
	"best_train_main_metric": 1143.8232421875,
	"best_valid_main_acc": 0.7175824046134949,
	"best_valid_main_smin_acc": 0.68660968542099,
	"best_valid_main_pdelta": 0.02208370715379715,
	"best_train_main_random_metric": 1145.759521484375
}