{
	"best_train_main_metric": 1321.8289794921875,
	"best_valid_main_acc": 0.7439560294151306,
	"best_valid_main_smin_acc": 0.7264957427978516,
	"best_valid_main_pdelta": 0.0027030964847654104,
	"best_train_main_random_metric": 2816.1337890625
}