{
	"best_train_main_metric": 678.9134521484375,
	"best_valid_main_acc": 0.8907103538513184,
	"best_valid_main_smin_acc": 0.25,
	"best_valid_main_pdelta": 0.08063588291406631,
	"best_train_main_random_metric": 679.8949584960938
}