{
	"best_train_main_metric": 678.551513671875,
	"best_valid_main_acc": 0.8779599070549011,
	"best_valid_main_smin_acc": 0.25,
	"best_valid_main_pdelta": 0.0791015699505806,
	"best_train_main_random_metric": 679.9986572265625
}