{
	"best_train_main_metric": 574.3563232421875,
	"best_valid_main_acc": 0.4838709533214569,
	"best_valid_main_smin_acc": 0.5876288414001465,
	"best_valid_main_pdelta": 0.12809735536575317,
	"best_train_main_random_metric": 489.0470275878906
}