{
	"best_train_main_metric": 1390.1678466796875,
	"best_valid_main_acc": 0.7683150172233582,
	"best_valid_main_smin_acc": 0.799227774143219,
	"best_valid_main_pdelta": 0.008014203049242496,
	"best_train_main_random_metric": 3762.20947265625
}