{
	"best_train_main_metric": 1386.5289306640625,
	"best_valid_main_acc": 0.6282051205635071,
	"best_valid_main_smin_acc": 0.6196911334991455,
	"best_valid_main_pdelta": 0.01759411208331585,
	"best_train_main_random_metric": 1383.89306640625
}