{
	"best_train_main_metric": 4792.57470703125,
	"best_valid_main_acc": 0.6918498277664185,
	"best_valid_main_smin_acc": 0.0670103058218956,
	"best_valid_main_pdelta": 0.1306302547454834,
	"best_train_main_random_metric": 5393.18505859375
}