{
	"best_train_main_metric": 4641.9423828125,
	"best_valid_main_acc": 0.6996337175369263,
	"best_valid_main_smin_acc": 0.10321488976478577,
	"best_valid_main_pdelta": 0.00712764635682106,
	"best_train_main_random_metric": 5841.24755859375
}