{
	"best_train_main_metric": 65.72105407714844,
	"best_valid_main_acc": 0.6817765831947327,
	"best_valid_main_smin_acc": 0.6398916840553284,
	"best_valid_main_pdelta": 0.43603086471557617,
	"best_train_main_random_metric": 30842.044921875
}