{
	"best_train_main_metric": 1.9273221492767334,
	"best_valid_main_acc": 0.8406593203544617,
	"best_valid_main_smin_acc": 0.5833333134651184,
	"best_valid_main_pdelta": 0.055700503289699554,
	"best_train_main_random_metric": 12635.2998046875
}