{
	"best_train_main_metric": 3906.972900390625,
	"best_valid_main_acc": 0.6446886658668518,
	"best_valid_main_smin_acc": 0.5922233462333679,
	"best_valid_main_pdelta": 0.27613896131515503,
	"best_train_main_random_metric": 10204.2060546875
}