{
	"best_train_main_metric": 18852.40234375,
	"best_valid_main_acc": 0.4872727394104004,
	"best_valid_main_smin_acc": 0.6666666865348816,
	"best_valid_main_pdelta": 0.48093804717063904,
	"best_train_main_random_metric": 12.157357215881348
}