{
	"best_train_main_metric": 5418.171875,
	"best_valid_main_acc": 0.4922161102294922,
	"best_valid_main_smin_acc": 0.5050301551818848,
	"best_valid_main_pdelta": 5.1649164944933545e-09,
	"best_train_main_random_metric": 5418.43115234375
}