{
	"best_train_main_metric": 4630.232421875,
	"best_valid_main_acc": 0.5746337175369263,
	"best_valid_main_smin_acc": 0.531187117099762,
	"best_valid_main_pdelta": 0.19223567843437195,
	"best_train_main_random_metric": 5133.3408203125
}