{
	"best_train_main_metric": 11609.763671875,
	"best_valid_main_acc": 0.5209471583366394,
	"best_valid_main_smin_acc": 0.25,
	"best_valid_main_pdelta": 0.047877486795186996,
	"best_train_main_random_metric": 2.8510918617248535
}