{
	"best_train_main_metric": 10198.5517578125,
	"best_valid_main_acc": 0.5336976051330566,
	"best_valid_main_smin_acc": 0.125,
	"best_valid_main_pdelta": 0.0429752953350544,
	"best_train_main_random_metric": 2.9319236278533936
}