{
	"best_train_main_metric": 2306.4208984375,
	"best_valid_main_acc": 0.6318681240081787,
	"best_valid_main_smin_acc": 0.5531628727912903,
	"best_valid_main_pdelta": 0.1275549679994583,
	"best_train_main_random_metric": 2314.402587890625
}