{
	"best_train_main_metric": 563.1448364257812,
	"best_valid_main_acc": 0.7301587462425232,
	"best_valid_main_smin_acc": 0.3333333432674408,
	"best_valid_main_pdelta": 0.030972978100180626,
	"best_train_main_random_metric": 564.9358520507812
}