{
	"best_train_main_metric": 3.4171786308288574,
	"best_valid_main_acc": 0.7874285578727722,
	"best_valid_main_smin_acc": 0.8228438496589661,
	"best_valid_main_pdelta": 0.016118161380290985,
	"best_train_main_random_metric": 18655.513671875
}