{
	"best_train_main_metric": 11116.1064453125,
	"best_valid_main_acc": 0.5024077296257019,
	"best_valid_main_smin_acc": 0.3867403268814087,
	"best_valid_main_pdelta": 0.027291666716337204,
	"best_train_main_random_metric": 3.540079355239868
}