{
	"best_train_main_metric": 4284.04052734375,
	"best_valid_main_acc": 0.781593382358551,
	"best_train_main_random_metric": 5889.767578125
}