{
	"best_train_main_metric": 26277.587890625,
	"best_valid_main_acc": 0.4718181788921356,
	"best_valid_main_smin_acc": 0.6000000238418579,
	"best_valid_main_pdelta": 0.47096899151802063,
	"best_train_main_random_metric": 5.733187198638916
}