{
	"best_train_main_metric": 505.6288146972656,
	"best_valid_main_acc": 0.5622119903564453,
	"best_valid_main_smin_acc": 0.5648148059844971,
	"best_valid_main_pdelta": 0.012666673399508,
	"best_train_main_random_metric": 569.6701049804688
}