{
	"best_train_main_metric": 4314.78076171875,
	"best_valid_main_acc": 0.6950549483299255,
	"best_valid_main_smin_acc": 0.21601209044456482,
	"best_valid_main_pdelta": 0.222101628780365,
	"best_train_main_random_metric": 8641.8134765625
}