{
	"best_train_main_metric": 4046.993896484375,
	"best_valid_main_acc": 0.6858974099159241,
	"best_valid_main_smin_acc": 0.2386706918478012,
	"best_valid_main_pdelta": 0.2554333508014679,
	"best_train_main_random_metric": 9370.4306640625
}