{
	"best_train_main_metric": 0.02760111540555954,
	"best_valid_main_acc": 0.7670329809188843,
	"best_valid_main_smin_acc": 0.7236467003822327,
	"best_valid_main_pdelta": 0.04897166043519974,
	"best_train_main_random_metric": 20411.779296875
}