{
	"best_train_main_metric": 8.83596420288086,
	"best_valid_main_acc": 0.8282411098480225,
	"best_valid_main_smin_acc": 0.43220338225364685,
	"best_valid_main_pdelta": 0.4788258373737335,
	"best_train_main_random_metric": 24172.833984375
}