{
	"best_train_main_metric": 0.5851251482963562,
	"best_valid_main_acc": 0.7728937864303589,
	"best_valid_main_smin_acc": 0.7460595369338989,
	"best_valid_main_pdelta": 0.027525806799530983,
	"best_train_main_random_metric": 24066.353515625
}