{
	"best_train_main_metric": 666.3380737304688,
	"best_valid_main_acc": 0.7069597244262695,
	"best_valid_main_smin_acc": 0.4615384638309479,
	"best_valid_main_pdelta": 0.02851559780538082,
	"best_train_main_random_metric": 662.386962890625
}