{
	"best_train_main_metric": 0.015622001141309738,
	"best_valid_main_acc": 0.8853820562362671,
	"best_valid_main_smin_acc": 0.5892857313156128,
	"best_valid_main_pdelta": 0.07001345604658127,
	"best_train_main_random_metric": 14685.7216796875
}