{
	"best_train_main_metric": 673.4349975585938,
	"best_valid_main_acc": 0.7710622549057007,
	"best_valid_main_smin_acc": 0.5840708017349243,
	"best_valid_main_pdelta": 0.021948328241705894,
	"best_train_main_random_metric": 673.58984375
}