{
	"best_train_main_metric": 52.03456497192383,
	"best_valid_main_acc": 0.6909340620040894,
	"best_valid_main_smin_acc": 0.6598759889602661,
	"best_valid_main_pdelta": 0.4655267298221588,
	"best_train_main_random_metric": 39849.97265625
}