{
	"best_train_main_metric": 18117.564453125,
	"best_valid_main_acc": 0.5183150172233582,
	"best_valid_main_smin_acc": 0.5057914853096008,
	"best_valid_main_pdelta": 0.06976314634084702,
	"best_train_main_random_metric": 21.492042541503906
}