{
	"best_train_main_metric": 12660.9658203125,
	"best_valid_main_acc": 0.5431893467903137,
	"best_valid_main_smin_acc": 0.5400000214576721,
	"best_valid_main_pdelta": 0.04610517993569374,
	"best_train_main_random_metric": 1.4590755701065063
}