{
	"best_train_main_metric": 3865.12744140625,
	"best_valid_main_acc": 0.500320315361023,
	"best_valid_main_smin_acc": 0.5010989308357239,
	"best_valid_main_pdelta": 0.003504524938762188,
	"best_train_main_random_metric": 3863.658447265625
}