{
	"best_train_main_metric": 863.1107177734375,
	"best_valid_main_acc": 0.7668488025665283,
	"best_valid_main_smin_acc": 0.5,
	"best_valid_main_pdelta": 0.0074381474405527115,
	"best_train_main_random_metric": 1975.3585205078125
}