{
	"best_train_main_metric": 686.9034423828125,
	"best_valid_main_acc": 0.8998178243637085,
	"best_valid_main_smin_acc": 0.1666666716337204,
	"best_valid_main_pdelta": 0.10909129679203033,
	"best_train_main_random_metric": 690.8670654296875
}