{
	"best_train_main_metric": 3917.651611328125,
	"best_valid_main_acc": 0.6414835453033447,
	"best_valid_main_smin_acc": 0.30666667222976685,
	"best_valid_main_pdelta": 0.32995733618736267,
	"best_train_main_random_metric": 11506.884765625
}