{
	"best_train_main_metric": 3843.719482421875,
	"best_valid_main_acc": 0.6680402755737305,
	"best_valid_main_smin_acc": 0.26814815402030945,
	"best_valid_main_pdelta": 0.2817368805408478,
	"best_train_main_random_metric": 8654.4287109375
}