{
	"best_train_main_metric": 0.09828126430511475,
	"best_valid_main_acc": 0.7791208624839783,
	"best_valid_main_smin_acc": 0.7440476417541504,
	"best_valid_main_pdelta": 0.05130256712436676,
	"best_train_main_random_metric": 17684.6328125
}