{
	"best_train_main_metric": 4289.93310546875,
	"best_valid_main_acc": 0.7893772721290588,
	"best_train_main_random_metric": 5872.92578125
}