{
	"best_train_main_metric": 492.0689392089844,
	"best_valid_main_acc": 0.5806451439857483,
	"best_valid_main_smin_acc": 0.5229358077049255,
	"best_valid_main_pdelta": 0.052185263484716415,
	"best_train_main_random_metric": 540.7826538085938
}