{
	"best_train_main_metric": 483.7716369628906,
	"best_valid_main_acc": 0.5806451439857483,
	"best_valid_main_smin_acc": 0.5504587292671204,
	"best_valid_main_pdelta": 0.09177325665950775,
	"best_train_main_random_metric": 513.2886962890625
}