{
	"best_train_main_metric": 345.1344299316406,
	"best_valid_main_acc": 0.7972350120544434,
	"best_valid_main_smin_acc": 0.11764705926179886,
	"best_valid_main_pdelta": 0.3730924427509308,
	"best_train_main_random_metric": 579.3842163085938
}