{
	"best_train_main_metric": 341.6158447265625,
	"best_valid_main_acc": 0.7465437650680542,
	"best_valid_main_smin_acc": 0.38235294818878174,
	"best_valid_main_pdelta": 0.34170255064964294,
	"best_train_main_random_metric": 549.6959228515625
}