{
	"best_train_main_metric": 866.3234252929688,
	"best_valid_main_acc": 0.7393225431442261,
	"best_valid_main_smin_acc": 0.5416666865348816,
	"best_valid_main_pdelta": 0.023507671430706978,
	"best_train_main_random_metric": 865.91015625
}