{
	"best_train_main_metric": 864.9842529296875,
	"best_valid_main_acc": 0.7555228471755981,
	"best_valid_main_smin_acc": 0.5625,
	"best_valid_main_pdelta": 0.028052521869540215,
	"best_train_main_random_metric": 865.6038818359375
}