{
	"best_train_main_metric": 4468.25048828125,
	"best_valid_main_acc": 0.6771978139877319,
	"best_valid_main_smin_acc": 0.5925553441047668,
	"best_valid_main_pdelta": 0.10761722177267075,
	"best_train_main_random_metric": 6254.11669921875
}