{
	"best_train_main_metric": 4466.19677734375,
	"best_valid_main_acc": 0.7000916004180908,
	"best_valid_main_smin_acc": 0.6136820912361145,
	"best_valid_main_pdelta": 0.09956546872854233,
	"best_train_main_random_metric": 6212.8916015625
}