{
	"best_train_main_metric": 12266.5361328125,
	"best_valid_main_acc": 0.5598006844520569,
	"best_valid_main_smin_acc": 0.41999998688697815,
	"best_valid_main_pdelta": 0.037993431091308594,
	"best_train_main_random_metric": 1.456917405128479
}