{
	"best_train_main_metric": 547.4481201171875,
	"best_valid_main_acc": 0.8911564350128174,
	"best_valid_main_smin_acc": 0.0,
	"best_valid_main_pdelta": 0.03649059683084488,
	"best_train_main_random_metric": 550.5419311523438
}