{
	"best_train_main_metric": 736.934326171875,
	"best_valid_main_acc": 0.6561461687088013,
	"best_valid_main_smin_acc": 0.550000011920929,
	"best_valid_main_pdelta": 0.05044297128915787,
	"best_train_main_random_metric": 740.193115234375
}