{
	"best_train_main_metric": 692.5520629882812,
	"best_valid_main_acc": 0.778388261795044,
	"best_valid_main_smin_acc": 0.5370370149612427,
	"best_valid_main_pdelta": 0.02473515272140503,
	"best_train_main_random_metric": 692.4309692382812
}