{
	"best_train_main_metric": 33321.87109375,
	"best_valid_main_acc": 0.4848901033401489,
	"best_valid_main_smin_acc": 0.4818423390388489,
	"best_valid_main_pdelta": 0.42305511236190796,
	"best_train_main_random_metric": 203.22119140625
}