{
	"best_train_main_metric": 3857.93603515625,
	"best_valid_main_acc": 0.6329275965690613,
	"best_valid_main_smin_acc": 0.5,
	"best_valid_main_pdelta": 0.0015766386641189456,
	"best_train_main_random_metric": 3868.621337890625
}