{
	"best_train_main_metric": 700.6387329101562,
	"best_valid_main_acc": 0.8043758273124695,
	"best_valid_main_smin_acc": 0.7038626670837402,
	"best_valid_main_pdelta": 0.018637647852301598,
	"best_train_main_random_metric": 3227.37744140625
}