{
	"best_train_main_metric": 947.6441040039062,
	"best_valid_main_acc": 0.7078506946563721,
	"best_valid_main_smin_acc": 0.6480686664581299,
	"best_valid_main_pdelta": 0.023763447999954224,
	"best_train_main_random_metric": 951.3377075195312
}