{
	"best_train_main_metric": 34738.37890625,
	"best_valid_main_acc": 0.5112107396125793,
	"best_valid_main_smin_acc": 0.4958677589893341,
	"best_valid_main_pdelta": 0.4549004137516022,
	"best_train_main_random_metric": 25.192995071411133
}