{
	"best_train_main_metric": 4485.71337890625,
	"best_valid_main_acc": 0.7284798622131348,
	"best_valid_main_smin_acc": 0.2537313401699066,
	"best_valid_main_pdelta": 0.049161557108163834,
	"best_train_main_random_metric": 6309.91015625
}