{
	"best_train_main_metric": 902.4810180664062,
	"best_valid_main_acc": 0.7170329689979553,
	"best_valid_main_smin_acc": 0.723127007484436,
	"best_valid_main_pdelta": 0.013419345952570438,
	"best_train_main_random_metric": 902.1123046875
}