{
	"best_train_main_metric": 13273.80078125,
	"best_valid_main_acc": 0.4684385359287262,
	"best_valid_main_smin_acc": 0.5,
	"best_valid_main_pdelta": 0.0588332936167717,
	"best_train_main_random_metric": 0.04601775482296944
}