{
	"best_train_main_metric": 4812.48046875,
	"best_valid_main_acc": 0.6291208863258362,
	"best_valid_main_smin_acc": 0.6193548440933228,
	"best_valid_main_pdelta": 0.09725064784288406,
	"best_train_main_random_metric": 5356.876953125
}