{
	"best_train_main_metric": 5418.1552734375,
	"best_valid_main_acc": 0.4922161102294922,
	"best_valid_main_smin_acc": 0.49400922656059265,
	"best_valid_main_pdelta": 5.1009110393351875e-06,
	"best_train_main_random_metric": 5418.40625
}