{
	"best_train_main_metric": 10782.310546875,
	"best_valid_main_acc": 0.5215947031974792,
	"best_valid_main_smin_acc": 0.46666666865348816,
	"best_valid_main_pdelta": 0.04457999765872955,
	"best_train_main_random_metric": 2.9298174381256104
}