{
	"best_train_main_metric": 10812.705078125,
	"best_valid_main_acc": 0.5382059812545776,
	"best_valid_main_smin_acc": 0.5,
	"best_valid_main_pdelta": 0.04187212511897087,
	"best_train_main_random_metric": 3.0231645107269287
}