{
	"best_train_main_metric": 0.03245566412806511,
	"best_valid_main_acc": 0.8687707781791687,
	"best_valid_main_smin_acc": 0.4000000059604645,
	"best_valid_main_pdelta": 0.09121864289045334,
	"best_train_main_random_metric": 12878.427734375
}