{
	"best_train_main_metric": 5024.00537109375,
	"best_valid_main_acc": 0.696886420249939,
	"best_valid_main_smin_acc": 0.23322683572769165,
	"best_valid_main_pdelta": 0.011108992621302605,
	"best_train_main_random_metric": 5557.6552734375
}