{
	"best_train_main_metric": 4576.9814453125,
	"best_valid_main_acc": 0.6703296899795532,
	"best_valid_main_smin_acc": 0.18536585569381714,
	"best_valid_main_pdelta": 0.17393963038921356,
	"best_train_main_random_metric": 5430.421875
}