{
	"best_train_main_metric": 8699.462890625,
	"best_valid_main_acc": 0.460317462682724,
	"best_valid_main_smin_acc": 0.6000000238418579,
	"best_valid_main_pdelta": 0.016903620213270187,
	"best_train_main_random_metric": 1.4596658945083618
}