{
	"best_train_main_metric": 8875.90625,
	"best_valid_main_acc": 0.4852607846260071,
	"best_valid_main_smin_acc": 0.800000011920929,
	"best_valid_main_pdelta": 0.03042648173868656,
	"best_train_main_random_metric": 1.4640928506851196
}