{
	"best_train_main_metric": 32655.939453125,
	"best_valid_main_acc": 0.5313186645507812,
	"best_valid_main_smin_acc": 0.5503448247909546,
	"best_valid_main_pdelta": 0.44829708337783813,
	"best_train_main_random_metric": 47.878570556640625
}