{
	"best_train_main_metric": 10146.763671875,
	"best_valid_main_acc": 0.4098360538482666,
	"best_valid_main_smin_acc": 0.0,
	"best_valid_main_pdelta": 0.057244427502155304,
	"best_train_main_random_metric": 0.13077856600284576
}