{
	"best_train_main_metric": 0.15948382019996643,
	"best_valid_main_acc": 0.7980769276618958,
	"best_valid_main_smin_acc": 0.7762711644172668,
	"best_valid_main_pdelta": 0.024272454902529716,
	"best_train_main_random_metric": 13163.826171875
}