{
	"best_train_main_metric": 0.07275412976741791,
	"best_valid_main_acc": 0.8131868243217468,
	"best_valid_main_smin_acc": 0.7661017179489136,
	"best_valid_main_pdelta": 0.022448059171438217,
	"best_train_main_random_metric": 13884.9306640625
}