{
	"best_train_main_metric": 893.1620483398438,
	"best_valid_main_acc": 0.7362637519836426,
	"best_valid_main_smin_acc": 0.7290970087051392,
	"best_valid_main_pdelta": 0.017789650708436966,
	"best_train_main_random_metric": 892.984619140625
}