{
	"best_train_main_metric": 3.1526992321014404,
	"best_valid_main_acc": 0.7893772721290588,
	"best_valid_main_smin_acc": 0.8050193190574646,
	"best_valid_main_pdelta": 0.025110522285103798,
	"best_train_main_random_metric": 22277.15234375
}