{
	"best_train_main_metric": 2329.64599609375,
	"best_valid_main_acc": 0.605494499206543,
	"best_valid_main_smin_acc": 0.5598923563957214,
	"best_valid_main_pdelta": 0.12034783512353897,
	"best_train_main_random_metric": 2348.7412109375
}