{
	"best_train_main_metric": 390.66424560546875,
	"best_valid_main_acc": 0.5806451439857483,
	"best_valid_main_smin_acc": 0.5575221180915833,
	"best_valid_main_pdelta": 0.2146240621805191,
	"best_train_main_random_metric": 467.4833679199219
}