{
	"best_train_main_metric": 322.9749755859375,
	"best_valid_main_acc": 0.5668202638626099,
	"best_valid_main_smin_acc": 0.5752212405204773,
	"best_valid_main_pdelta": 0.3482336103916168,
	"best_train_main_random_metric": 303.7884826660156
}