{
	"best_train_main_metric": 0.029915913939476013,
	"best_valid_main_acc": 0.8799172043800354,
	"best_valid_main_smin_acc": 0.38596490025520325,
	"best_valid_main_pdelta": 0.08195667713880539,
	"best_train_main_random_metric": 9873.7236328125
}