{
	"best_train_main_metric": 0.025265200063586235,
	"best_valid_main_acc": 0.8809090852737427,
	"best_valid_main_smin_acc": 0.4000000059604645,
	"best_valid_main_pdelta": 0.4475279748439789,
	"best_train_main_random_metric": 26406.908203125
}