{
	"best_train_main_metric": 844.5813598632812,
	"best_valid_main_acc": 0.7555228471755981,
	"best_valid_main_smin_acc": 0.5343511700630188,
	"best_valid_main_pdelta": 0.024224037304520607,
	"best_train_main_random_metric": 845.2633056640625
}