{
	"best_train_main_metric": 830.7337036132812,
	"best_valid_main_acc": 0.799705445766449,
	"best_valid_main_smin_acc": 0.7404580116271973,
	"best_valid_main_pdelta": 0.01277150958776474,
	"best_train_main_random_metric": 2852.8828125
}