{
	"best_train_main_metric": 1324.4495849609375,
	"best_valid_main_acc": 0.7298534512519836,
	"best_valid_main_smin_acc": 0.7302977442741394,
	"best_valid_main_pdelta": 0.023232033476233482,
	"best_train_main_random_metric": 1326.25927734375
}