{
	"best_train_main_metric": 21965.12109375,
	"best_valid_main_acc": 0.4981818199157715,
	"best_valid_main_smin_acc": 0.6666666865348816,
	"best_valid_main_pdelta": 0.47652313113212585,
	"best_train_main_random_metric": 10.640077590942383
}