{
	"best_train_main_metric": 1367.9451904296875,
	"best_valid_main_acc": 0.7417582273483276,
	"best_valid_main_smin_acc": 0.739382266998291,
	"best_valid_main_pdelta": 0.02209583669900894,
	"best_train_main_random_metric": 1369.607666015625
}