{
	"best_train_main_metric": 22706.671875,
	"best_valid_main_acc": 0.5076923370361328,
	"best_valid_main_smin_acc": 0.501915693283081,
	"best_valid_main_pdelta": 0.46673667430877686,
	"best_train_main_random_metric": 30.145627975463867
}