{
	"best_train_main_metric": 1.4250346422195435,
	"best_valid_main_acc": 0.8770763874053955,
	"best_valid_main_smin_acc": 0.2800000011920929,
	"best_valid_main_pdelta": 0.1560949683189392,
	"best_train_main_random_metric": 12250.4658203125
}