{
	"best_train_main_metric": 16070.0849609375,
	"best_valid_main_acc": 0.4780219793319702,
	"best_valid_main_smin_acc": 0.4788273572921753,
	"best_valid_main_pdelta": 0.027737528085708618,
	"best_train_main_random_metric": 0.03582451120018959
}