{
	"best_train_main_metric": 296.1507873535156,
	"best_valid_main_acc": 0.5852534770965576,
	"best_valid_main_smin_acc": 0.594059407711029,
	"best_valid_main_pdelta": 0.33016958832740784,
	"best_train_main_random_metric": 320.1138610839844
}