{
	"best_train_main_metric": 362.7912292480469,
	"best_valid_main_acc": 0.5898617506027222,
	"best_valid_main_smin_acc": 0.603960394859314,
	"best_valid_main_pdelta": 0.23307174444198608,
	"best_train_main_random_metric": 461.4529113769531
}