{
	"best_train_main_metric": 0.04039732739329338,
	"best_valid_main_acc": 0.9342403411865234,
	"best_valid_main_smin_acc": 0.1666666716337204,
	"best_valid_main_pdelta": 0.08793318271636963,
	"best_train_main_random_metric": 8847.455078125
}