{
	"best_train_main_metric": 23374.201171875,
	"best_valid_main_acc": 0.48076921701431274,
	"best_valid_main_smin_acc": 0.4626334607601166,
	"best_valid_main_pdelta": 0.05292800813913345,
	"best_train_main_random_metric": 2.8468801975250244
}