{
	"best_train_main_metric": 24097.392578125,
	"best_valid_main_acc": 0.4734432101249695,
	"best_valid_main_smin_acc": 0.4555160105228424,
	"best_valid_main_pdelta": 0.04780998080968857,
	"best_train_main_random_metric": 2.819657325744629
}