{
	"best_train_main_metric": 661.4931640625,
	"best_valid_main_acc": 0.7344322204589844,
	"best_valid_main_smin_acc": 0.4871794879436493,
	"best_valid_main_pdelta": 0.027674918994307518,
	"best_train_main_random_metric": 663.2593994140625
}