{
	"best_train_main_metric": 1.4068666696548462,
	"best_valid_main_acc": 0.9344262480735779,
	"best_valid_main_smin_acc": 0.1666666716337204,
	"best_valid_main_pdelta": 0.24244573712348938,
	"best_train_main_random_metric": 12158.673828125
}