{
	"best_train_main_metric": 1.4105132818222046,
	"best_valid_main_acc": 0.938069224357605,
	"best_valid_main_smin_acc": 0.1666666716337204,
	"best_valid_main_pdelta": 0.2605891525745392,
	"best_train_main_random_metric": 11806.1376953125
}