{
	"best_train_main_metric": 18946.728515625,
	"best_valid_main_acc": 0.44505494832992554,
	"best_valid_main_smin_acc": 0.41443851590156555,
	"best_valid_main_pdelta": 0.04011482745409012,
	"best_train_main_random_metric": 1.4648735523223877
}