{
	"best_train_main_metric": 4271.8720703125,
	"best_valid_main_acc": 0.7980769276618958,
	"best_train_main_random_metric": 5883.470703125
}