{
	"best_train_main_metric": 4765.50146484375,
	"best_valid_main_acc": 0.5984432101249695,
	"best_valid_main_smin_acc": 0.5372233390808105,
	"best_valid_main_pdelta": 0.14538288116455078,
	"best_train_main_random_metric": 5300.32861328125
}