{
	"best_train_main_metric": 3607.49609375,
	"best_valid_main_acc": 0.6469780206680298,
	"best_valid_main_smin_acc": 0.30225563049316406,
	"best_valid_main_pdelta": 0.26944658160209656,
	"best_train_main_random_metric": 10355.462890625
}