{
	"best_train_main_metric": 3920.94384765625,
	"best_valid_main_acc": 0.6515567898750305,
	"best_valid_main_smin_acc": 0.2902255654335022,
	"best_valid_main_pdelta": 0.28923287987709045,
	"best_train_main_random_metric": 12378.2578125
}