{
	"best_train_main_metric": 0.0168096125125885,
	"best_valid_main_acc": 0.9198542833328247,
	"best_valid_main_smin_acc": 0.1666666716337204,
	"best_valid_main_pdelta": 0.1448678821325302,
	"best_train_main_random_metric": 11952.4111328125
}