{
	"best_train_main_metric": 9537.8642578125,
	"best_valid_main_acc": 0.49482402205467224,
	"best_valid_main_smin_acc": 0.4749999940395355,
	"best_valid_main_pdelta": 0.039582546800374985,
	"best_train_main_random_metric": 0.06542348861694336
}