{
	"best_train_main_metric": 949.9273071289062,
	"best_valid_main_acc": 0.7142857313156128,
	"best_valid_main_smin_acc": 0.6866952776908875,
	"best_valid_main_pdelta": 0.035843681544065475,
	"best_train_main_random_metric": 952.7433471679688
}