{
	"best_train_main_metric": 778.3263549804688,
	"best_valid_main_acc": 0.7940797805786133,
	"best_valid_main_smin_acc": 0.6566523313522339,
	"best_valid_main_pdelta": 0.051436372101306915,
	"best_train_main_random_metric": 3162.671875
}