{
	"best_train_main_metric": 24228.611328125,
	"best_valid_main_acc": 0.5175824165344238,
	"best_valid_main_smin_acc": 0.5489655137062073,
	"best_valid_main_pdelta": 0.4738490879535675,
	"best_train_main_random_metric": 95.54537200927734
}