{
	"best_train_main_metric": 5418.14990234375,
	"best_valid_main_acc": 0.4922161102294922,
	"best_valid_main_smin_acc": 0.48730963468551636,
	"best_valid_main_pdelta": 1.5037620926250383e-08,
	"best_train_main_random_metric": 5418.4091796875
}