{
	"best_train_main_metric": 4692.744140625,
	"best_valid_main_acc": 0.6332417726516724,
	"best_valid_main_smin_acc": 0.5543259382247925,
	"best_valid_main_pdelta": 0.1257413774728775,
	"best_train_main_random_metric": 5302.373046875
}