{
	"best_train_main_metric": 4768.6279296875,
	"best_valid_main_acc": 0.7138278484344482,
	"best_valid_main_smin_acc": 0.6502463221549988,
	"best_valid_main_pdelta": 0.0015001669526100159,
	"best_train_main_random_metric": 5788.556640625
}