{
	"best_train_main_metric": 4762.30419921875,
	"best_valid_main_acc": 0.6135531067848206,
	"best_valid_main_smin_acc": 0.3718518614768982,
	"best_valid_main_pdelta": 0.16799037158489227,
	"best_train_main_random_metric": 5280.4931640625
}