{
	"best_train_main_metric": 1.4216347932815552,
	"best_valid_main_acc": 0.767399251461029,
	"best_valid_main_smin_acc": 0.7686832547187805,
	"best_valid_main_pdelta": 0.037467438727617264,
	"best_train_main_random_metric": 25527.2734375
}