{
	"best_train_main_metric": 1386.426025390625,
	"best_valid_main_acc": 0.622710645198822,
	"best_valid_main_smin_acc": 0.6312741041183472,
	"best_valid_main_pdelta": 0.021917231380939484,
	"best_train_main_random_metric": 1378.1500244140625
}