{
	"best_train_main_metric": 21431.693359375,
	"best_valid_main_acc": 0.48342856764793396,
	"best_valid_main_smin_acc": 0.4895104765892029,
	"best_valid_main_pdelta": 0.025209596380591393,
	"best_train_main_random_metric": 2.017012357711792
}