{
	"best_train_main_metric": 4768.42431640625,
	"best_valid_main_acc": 0.7074176073074341,
	"best_valid_main_smin_acc": 0.7144144177436829,
	"best_valid_main_pdelta": 0.0015665220562368631,
	"best_train_main_random_metric": 5805.41015625
}