{
	"best_train_main_metric": 4768.10546875,
	"best_valid_main_acc": 0.6959707140922546,
	"best_valid_main_smin_acc": 0.6275303363800049,
	"best_valid_main_pdelta": 0.0022759451530873775,
	"best_train_main_random_metric": 5691.8056640625
}