{
	"best_train_main_metric": 507.5191345214844,
	"best_valid_main_acc": 0.5944700241088867,
	"best_valid_main_smin_acc": 0.699999988079071,
	"best_valid_main_pdelta": 0.04504474997520447,
	"best_train_main_random_metric": 560.7056884765625
}