{
	"best_train_main_metric": 448.5937194824219,
	"best_valid_main_acc": 0.6589861512184143,
	"best_valid_main_smin_acc": 0.2647058963775635,
	"best_valid_main_pdelta": 0.21599899232387543,
	"best_train_main_random_metric": 567.3910522460938
}