{
	"best_train_main_metric": 547.760986328125,
	"best_valid_main_acc": 0.8934240341186523,
	"best_valid_main_smin_acc": 0.20000000298023224,
	"best_valid_main_pdelta": 0.036987800151109695,
	"best_train_main_random_metric": 550.082275390625
}