{
	"best_train_main_metric": 2272.783203125,
	"best_valid_main_acc": 0.6719779968261719,
	"best_valid_main_smin_acc": 0.600547194480896,
	"best_valid_main_pdelta": 0.30050548911094666,
	"best_train_main_random_metric": 2329.2421875
}