{
	"best_train_main_metric": 12684.37109375,
	"best_valid_main_acc": 0.4252491593360901,
	"best_valid_main_smin_acc": 0.4642857015132904,
	"best_valid_main_pdelta": 0.06650708615779877,
	"best_train_main_random_metric": 0.06838660687208176
}