{
	"best_train_main_metric": 1395.3458251953125,
	"best_valid_main_acc": 0.7890909314155579,
	"best_valid_main_smin_acc": 0.20000000298023224,
	"best_valid_main_pdelta": 0.39748337864875793,
	"best_train_main_random_metric": 1403.39013671875
}