{
	"best_train_main_metric": 2732.12939453125,
	"best_valid_main_acc": 0.4972727298736572,
	"best_valid_main_smin_acc": 0.6000000238418579,
	"best_valid_main_pdelta": 0.0024397943634539843,
	"best_train_main_random_metric": 2738.284912109375
}