{
	"best_train_main_metric": 5417.71630859375,
	"best_valid_main_acc": 0.4922161102294922,
	"best_valid_main_smin_acc": 0.48730963468551636,
	"best_valid_main_pdelta": 1.0013042810896877e-05,
	"best_train_main_random_metric": 5417.82763671875
}