{
	"best_train_main_metric": 4777.875,
	"best_valid_main_acc": 0.6396520137786865,
	"best_valid_main_smin_acc": 0.27241963148117065,
	"best_valid_main_pdelta": 0.16162118315696716,
	"best_train_main_random_metric": 5150.34619140625
}