{
	"best_train_main_metric": 1143.8577880859375,
	"best_valid_main_acc": 0.7439560294151306,
	"best_valid_main_smin_acc": 0.7037037014961243,
	"best_valid_main_pdelta": 0.022623101249337196,
	"best_train_main_random_metric": 1143.259765625
}