{
	"best_train_main_metric": 591.0679321289062,
	"best_valid_main_acc": 0.8260869383811951,
	"best_valid_main_smin_acc": 0.42105263471603394,
	"best_valid_main_pdelta": 0.02399885468184948,
	"best_train_main_random_metric": 595.3794555664062
}