{
	"best_train_main_metric": 590.7525024414062,
	"best_valid_main_acc": 0.7971014380455017,
	"best_valid_main_smin_acc": 0.4736842215061188,
	"best_valid_main_pdelta": 0.022945567965507507,
	"best_train_main_random_metric": 593.8292236328125
}