{
	"best_train_main_metric": 1935.8779296875,
	"best_valid_main_acc": 0.6867392659187317,
	"best_valid_main_smin_acc": 0.5370370149612427,
	"best_valid_main_pdelta": 0.17166204750537872,
	"best_train_main_random_metric": 1949.4315185546875
}