{
	"best_train_main_metric": 4275.7177734375,
	"best_valid_main_acc": 0.7847985625267029,
	"best_train_main_random_metric": 5887.50146484375
}