{
	"best_train_main_metric": 1.4185240268707275,
	"best_valid_main_acc": 0.8716356158256531,
	"best_valid_main_smin_acc": 0.4385964870452881,
	"best_valid_main_pdelta": 0.056582771241664886,
	"best_train_main_random_metric": 9960.92578125
}