{
	"best_train_main_metric": 22962.30859375,
	"best_valid_main_acc": 0.5065934062004089,
	"best_valid_main_smin_acc": 0.4769230782985687,
	"best_valid_main_pdelta": 0.43529531359672546,
	"best_train_main_random_metric": 116.32341003417969
}