{
	"best_train_main_metric": 0.028688272461295128,
	"best_valid_main_acc": 0.9433106780052185,
	"best_valid_main_smin_acc": 0.6000000238418579,
	"best_valid_main_pdelta": 0.10043738782405853,
	"best_train_main_random_metric": 9091.7880859375
}