{
	"best_train_main_metric": 582.7492065429688,
	"best_valid_main_acc": 0.5161290168762207,
	"best_valid_main_smin_acc": 0.5057471394538879,
	"best_valid_main_pdelta": 0.1297537088394165,
	"best_train_main_random_metric": 484.9834899902344
}