{
	"best_train_main_metric": 2349.970458984375,
	"best_valid_main_acc": 0.9743589758872986,
	"best_train_main_random_metric": 6647.6435546875
}