{
	"best_train_main_metric": 2.8510355949401855,
	"best_valid_main_acc": 0.7714285850524902,
	"best_valid_main_smin_acc": 0.6978609561920166,
	"best_valid_main_pdelta": 0.057593945413827896,
	"best_train_main_random_metric": 20109.587890625
}