{
	"best_train_main_metric": 2.985067367553711,
	"best_valid_main_acc": 0.7747252583503723,
	"best_valid_main_smin_acc": 0.7139037251472473,
	"best_valid_main_pdelta": 0.05131383240222931,
	"best_train_main_random_metric": 17022.166015625
}