{
	"best_train_main_metric": 498.9533386230469,
	"best_valid_main_acc": 0.5668202638626099,
	"best_valid_main_smin_acc": 0.625,
	"best_valid_main_pdelta": 0.04599742218852043,
	"best_train_main_random_metric": 569.5315551757812
}