{
	"best_train_main_metric": 9483.517578125,
	"best_valid_main_acc": 0.5403726696968079,
	"best_valid_main_smin_acc": 0.6315789222717285,
	"best_valid_main_pdelta": 0.037321895360946655,
	"best_train_main_random_metric": 2.8553874492645264
}