{
	"best_train_main_metric": 2800.379638671875,
	"best_valid_main_acc": 0.6405677795410156,
	"best_valid_main_smin_acc": 0.6341241002082825,
	"best_valid_main_pdelta": 0.26651501655578613,
	"best_train_main_random_metric": 2764.294189453125
}