{
	"best_train_main_metric": 1088.8887939453125,
	"best_valid_main_acc": 0.7387387156486511,
	"best_valid_main_smin_acc": 0.729613721370697,
	"best_valid_main_pdelta": 0.0029110428877174854,
	"best_train_main_random_metric": 2562.9111328125
}