{
	"best_train_main_metric": 947.5553588867188,
	"best_valid_main_acc": 0.7104247212409973,
	"best_valid_main_smin_acc": 0.6309012770652771,
	"best_valid_main_pdelta": 0.025054510682821274,
	"best_train_main_random_metric": 953.6031494140625
}