{
	"best_train_main_metric": 367.0511779785156,
	"best_valid_main_acc": 0.7880184054374695,
	"best_valid_main_smin_acc": 0.23255814611911774,
	"best_valid_main_pdelta": 0.34011805057525635,
	"best_train_main_random_metric": 564.225830078125
}