{
	"best_train_main_metric": 361.77398681640625,
	"best_valid_main_acc": 0.8064516186714172,
	"best_valid_main_smin_acc": 0.13953489065170288,
	"best_valid_main_pdelta": 0.35642141103744507,
	"best_train_main_random_metric": 590.1717529296875
}