{
	"best_train_main_metric": 357.5155334472656,
	"best_valid_main_acc": 0.7050691246986389,
	"best_valid_main_smin_acc": 0.22641509771347046,
	"best_valid_main_pdelta": 0.5193250775337219,
	"best_train_main_random_metric": 859.3824462890625
}