{
	"best_train_main_metric": 3876.410888671875,
	"best_valid_main_acc": 0.7060439586639404,
	"best_valid_main_smin_acc": 0.680109977722168,
	"best_valid_main_pdelta": 0.08903223276138306,
	"best_train_main_random_metric": 5722.56005859375
}