{
	"best_train_main_metric": 2806.005859375,
	"best_valid_main_acc": 0.6602563858032227,
	"best_valid_main_smin_acc": 0.6241979598999023,
	"best_valid_main_pdelta": 0.12653496861457825,
	"best_train_main_random_metric": 2846.841796875
}