{
	"best_train_main_metric": 979.9456176757812,
	"best_valid_main_acc": 0.7876448035240173,
	"best_valid_main_smin_acc": 0.7056276798248291,
	"best_valid_main_pdelta": 0.019435256719589233,
	"best_train_main_random_metric": 978.6651611328125
}