{
	"best_train_main_metric": 985.796142578125,
	"best_valid_main_acc": 0.8056628108024597,
	"best_valid_main_smin_acc": 0.7878788113594055,
	"best_valid_main_pdelta": 0.004988378845155239,
	"best_train_main_random_metric": 2568.070556640625
}