{
	"best_train_main_metric": 12567.0185546875,
	"best_valid_main_acc": 0.514950156211853,
	"best_valid_main_smin_acc": 0.46000000834465027,
	"best_valid_main_pdelta": 0.06794673204421997,
	"best_train_main_random_metric": 0.044264230877161026
}