{
	"best_train_main_metric": 27480.3359375,
	"best_valid_main_acc": 0.5053674578666687,
	"best_valid_main_smin_acc": 0.5277777910232544,
	"best_valid_main_pdelta": 0.5042718648910522,
	"best_train_main_random_metric": 14.394570350646973
}