{
	"best_train_main_metric": 1958.7430419921875,
	"best_valid_main_acc": 0.5534913539886475,
	"best_valid_main_smin_acc": 0.4395424723625183,
	"best_valid_main_pdelta": 0.13107235729694366,
	"best_train_main_random_metric": 1964.4261474609375
}