{
	"best_train_main_metric": 366.21026611328125,
	"best_valid_main_acc": 0.5529953837394714,
	"best_valid_main_smin_acc": 0.4651162922382355,
	"best_valid_main_pdelta": 0.2679727375507355,
	"best_train_main_random_metric": 357.6657409667969
}