{
	"best_train_main_metric": 421.0736083984375,
	"best_valid_main_acc": 0.5852534770965576,
	"best_valid_main_smin_acc": 0.45348837971687317,
	"best_valid_main_pdelta": 0.17304134368896484,
	"best_train_main_random_metric": 472.751220703125
}