{
	"best_train_main_metric": 1949.6190185546875,
	"best_valid_main_acc": 0.6771300435066223,
	"best_valid_main_smin_acc": 0.5593952536582947,
	"best_valid_main_pdelta": 0.18783317506313324,
	"best_train_main_random_metric": 1964.6005859375
}