{
	"best_train_main_metric": 5558.1474609375,
	"best_valid_main_acc": 0.5032051205635071,
	"best_valid_main_smin_acc": 0.500458300113678,
	"best_valid_main_pdelta": 0.03966158255934715,
	"best_train_main_random_metric": 5094.392578125
}