{
	"best_train_main_metric": 1107.9022216796875,
	"best_valid_main_acc": 0.7645714282989502,
	"best_valid_main_smin_acc": 0.7831050157546997,
	"best_valid_main_pdelta": 0.010164170525968075,
	"best_train_main_random_metric": 1107.0609130859375
}