{
	"best_train_main_metric": 0.066688671708107,
	"best_valid_main_acc": 0.865448534488678,
	"best_valid_main_smin_acc": 0.46666666865348816,
	"best_valid_main_pdelta": 0.09058704972267151,
	"best_train_main_random_metric": 11897.974609375
}