{
	"best_train_main_metric": 0.10304955393075943,
	"best_valid_main_acc": 0.8837209343910217,
	"best_valid_main_smin_acc": 0.46666666865348816,
	"best_valid_main_pdelta": 0.08903183788061142,
	"best_train_main_random_metric": 11892.9814453125
}