{
	"best_train_main_metric": 20337.947265625,
	"best_valid_main_acc": 0.47582417726516724,
	"best_valid_main_smin_acc": 0.523809552192688,
	"best_valid_main_pdelta": 0.05041254311800003,
	"best_train_main_random_metric": 0.03647610545158386
}