{
	"best_train_main_metric": 4124.97900390625,
	"best_valid_main_acc": 0.6625458002090454,
	"best_valid_main_smin_acc": 0.5131291151046753,
	"best_valid_main_pdelta": 0.2548708915710449,
	"best_train_main_random_metric": 9738.529296875
}