{
	"best_train_main_metric": 4312.52587890625,
	"best_valid_main_acc": 0.6721611618995667,
	"best_valid_main_smin_acc": 0.4474835991859436,
	"best_valid_main_pdelta": 0.18609431385993958,
	"best_train_main_random_metric": 7154.525390625
}