{
	"best_train_main_metric": 5075.7197265625,
	"best_valid_main_acc": 0.5847069621086121,
	"best_valid_main_smin_acc": 0.3489426076412201,
	"best_valid_main_pdelta": 0.04896898940205574,
	"best_train_main_random_metric": 5399.07666015625
}