{
	"best_train_main_metric": 1705.3623046875,
	"best_valid_main_acc": 0.7948718070983887,
	"best_valid_main_smin_acc": 0.49042144417762756,
	"best_valid_main_pdelta": 0.204056978225708,
	"best_train_main_random_metric": 4350.75830078125
}