{
	"best_train_main_metric": 0.04142920672893524,
	"best_valid_main_acc": 0.7670329809188843,
	"best_valid_main_smin_acc": 0.7122507095336914,
	"best_valid_main_pdelta": 0.0610332265496254,
	"best_train_main_random_metric": 20853.68359375
}