{
	"best_train_main_metric": 2.8227014541625977,
	"best_valid_main_acc": 0.80694979429245,
	"best_valid_main_smin_acc": 0.7186146974563599,
	"best_valid_main_pdelta": 0.07229716330766678,
	"best_train_main_random_metric": 17725.4921875
}