{
	"best_train_main_metric": 2.8041086196899414,
	"best_valid_main_acc": 0.792792797088623,
	"best_valid_main_smin_acc": 0.701298713684082,
	"best_valid_main_pdelta": 0.0698581263422966,
	"best_train_main_random_metric": 17291.505859375
}