{
	"best_train_main_metric": 5417.3525390625,
	"best_valid_main_acc": 0.514194130897522,
	"best_valid_main_smin_acc": 0.5274177193641663,
	"best_valid_main_pdelta": 1.3132536196280853e-06,
	"best_train_main_random_metric": 5417.2060546875
}