{
	"best_train_main_metric": 4747.35546875,
	"best_valid_main_acc": 0.6240842342376709,
	"best_valid_main_smin_acc": 0.5473579168319702,
	"best_valid_main_pdelta": 0.14838124811649323,
	"best_train_main_random_metric": 5379.79345703125
}