{
	"best_train_main_metric": 0.07466062158346176,
	"best_valid_main_acc": 0.7725274562835693,
	"best_valid_main_smin_acc": 0.726190447807312,
	"best_valid_main_pdelta": 0.057638153433799744,
	"best_train_main_random_metric": 18661.87890625
}