{
	"best_train_main_metric": 16617.533203125,
	"best_valid_main_acc": 0.5341055393218994,
	"best_valid_main_smin_acc": 0.5491803288459778,
	"best_valid_main_pdelta": 0.054897453635931015,
	"best_train_main_random_metric": 2.8480801582336426
}