{
	"best_train_main_metric": 17158.53125,
	"best_valid_main_acc": 0.5045045018196106,
	"best_valid_main_smin_acc": 0.4795081913471222,
	"best_valid_main_pdelta": 0.06611604243516922,
	"best_train_main_random_metric": 2.850090503692627
}