{
	"best_train_main_metric": 2.881347894668579,
	"best_valid_main_acc": 0.8863636255264282,
	"best_valid_main_smin_acc": 0.4000000059604645,
	"best_valid_main_pdelta": 0.4895469546318054,
	"best_train_main_random_metric": 24865.673828125
}