{
	"best_train_main_metric": 1.5179311037063599,
	"best_valid_main_acc": 0.8095238208770752,
	"best_valid_main_smin_acc": 0.7049180269241333,
	"best_valid_main_pdelta": 0.04049565643072128,
	"best_train_main_random_metric": 15251.9541015625
}