{
	"best_train_main_metric": 16732.8203125,
	"best_valid_main_acc": 0.5289575457572937,
	"best_valid_main_smin_acc": 0.5204917788505554,
	"best_valid_main_pdelta": 0.06390838325023651,
	"best_train_main_random_metric": 2.8540477752685547
}