{
	"best_train_main_metric": 0.013147041201591492,
	"best_valid_main_acc": 0.8840579986572266,
	"best_valid_main_smin_acc": 0.4000000059604645,
	"best_valid_main_pdelta": 0.07217361778020859,
	"best_train_main_random_metric": 10830.09375
}