{
	"best_train_main_metric": 3.430964946746826,
	"best_valid_main_acc": 0.8138041496276855,
	"best_valid_main_smin_acc": 0.7348066568374634,
	"best_valid_main_pdelta": 0.028610331937670708,
	"best_train_main_random_metric": 12625.357421875
}