{
	"best_train_main_metric": 3.4456779956817627,
	"best_valid_main_acc": 0.8089887499809265,
	"best_valid_main_smin_acc": 0.7127071619033813,
	"best_valid_main_pdelta": 0.031079048290848732,
	"best_train_main_random_metric": 12608.1552734375
}