{
	"best_train_main_metric": 7.700902938842773,
	"best_valid_main_acc": 0.8381502628326416,
	"best_valid_main_smin_acc": 0.41525423526763916,
	"best_valid_main_pdelta": 0.48889777064323425,
	"best_train_main_random_metric": 26158.470703125
}