{
	"best_train_main_metric": 7.6006669998168945,
	"best_valid_main_acc": 0.8439306616783142,
	"best_valid_main_smin_acc": 0.41525423526763916,
	"best_valid_main_pdelta": 0.4904738962650299,
	"best_train_main_random_metric": 26957.470703125
}