{
	"best_train_main_metric": 15.36569595336914,
	"best_valid_main_acc": 0.8315441608428955,
	"best_valid_main_smin_acc": 0.4516128897666931,
	"best_valid_main_pdelta": 0.4201943278312683,
	"best_train_main_random_metric": 26688.1328125
}