{
	"best_train_main_metric": 20039.412109375,
	"best_valid_main_acc": 0.5267399549484253,
	"best_valid_main_smin_acc": 0.5363984704017639,
	"best_valid_main_pdelta": 0.4312398135662079,
	"best_train_main_random_metric": 32.05732727050781
}