{
	"best_train_main_metric": 25727.7265625,
	"best_valid_main_acc": 0.5223443508148193,
	"best_valid_main_smin_acc": 0.5210728049278259,
	"best_valid_main_pdelta": 0.47120487689971924,
	"best_train_main_random_metric": 13.661737442016602
}