{
	"best_train_main_metric": 1092.243408203125,
	"best_valid_main_acc": 0.7692307829856873,
	"best_valid_main_smin_acc": 0.7749287486076355,
	"best_valid_main_pdelta": 0.010688805021345615,
	"best_train_main_random_metric": 3279.044677734375
}