{
	"best_train_main_metric": 1143.5963134765625,
	"best_valid_main_acc": 0.708791196346283,
	"best_valid_main_smin_acc": 0.6609686613082886,
	"best_valid_main_pdelta": 0.02162829414010048,
	"best_train_main_random_metric": 1145.507080078125
}