{
	"best_train_main_metric": 5418.1689453125,
	"best_valid_main_acc": 0.4922161102294922,
	"best_valid_main_smin_acc": 0.49343544244766235,
	"best_valid_main_pdelta": 0.0,
	"best_train_main_random_metric": 5418.427734375
}