{
	"best_train_main_metric": 7.043747425079346,
	"best_valid_main_acc": 0.8100743293762207,
	"best_valid_main_smin_acc": 0.38167938590049744,
	"best_valid_main_pdelta": 0.470315158367157,
	"best_train_main_random_metric": 25415.693359375
}