{
	"best_train_main_metric": 416.3861999511719,
	"best_valid_main_acc": 0.6036866307258606,
	"best_valid_main_smin_acc": 0.5773195624351501,
	"best_valid_main_pdelta": 0.2020646333694458,
	"best_train_main_random_metric": 485.5635681152344
}