{
	"best_train_main_metric": 343.86279296875,
	"best_valid_main_acc": 0.5852534770965576,
	"best_valid_main_smin_acc": 0.5567010045051575,
	"best_valid_main_pdelta": 0.30954959988594055,
	"best_train_main_random_metric": 363.4305419921875
}