{
	"best_train_main_metric": 893.2623291015625,
	"best_valid_main_acc": 0.7005494236946106,
	"best_valid_main_smin_acc": 0.692307710647583,
	"best_valid_main_pdelta": 0.015577116049826145,
	"best_train_main_random_metric": 892.242431640625
}