{
	"best_train_main_metric": 354.5085144042969,
	"best_valid_main_acc": 0.7788018584251404,
	"best_valid_main_smin_acc": 0.38235294818878174,
	"best_valid_main_pdelta": 0.32191553711891174,
	"best_train_main_random_metric": 636.5734252929688
}