{
	"best_train_main_metric": 336.1875305175781,
	"best_valid_main_acc": 0.7880184054374695,
	"best_valid_main_smin_acc": 0.0882352963089943,
	"best_valid_main_pdelta": 0.04838155210018158,
	"best_train_main_random_metric": 589.2725830078125
}