{
	"best_train_main_metric": 330.9085693359375,
	"best_valid_main_acc": 0.7834101319313049,
	"best_valid_main_smin_acc": 0.7431192398071289,
	"best_valid_main_pdelta": 0.07324787229299545,
	"best_train_main_random_metric": 577.6212768554688
}