{
	"best_train_main_metric": 38.986202239990234,
	"best_valid_main_acc": 0.7291208505630493,
	"best_valid_main_smin_acc": 0.6510344743728638,
	"best_valid_main_pdelta": 0.5024926066398621,
	"best_train_main_random_metric": 31582.298828125
}