{
	"best_train_main_metric": 5418.14306640625,
	"best_valid_main_acc": 0.4922161102294922,
	"best_valid_main_smin_acc": 0.49343544244766235,
	"best_valid_main_pdelta": 2.931038238784822e-07,
	"best_train_main_random_metric": 5418.39794921875
}