{
	"best_train_main_metric": 4817.208984375,
	"best_valid_main_acc": 0.598901093006134,
	"best_valid_main_smin_acc": 0.5251641273498535,
	"best_valid_main_pdelta": 0.11240344494581223,
	"best_train_main_random_metric": 5287.67578125
}