{
	"best_train_main_metric": 36.08491897583008,
	"best_valid_main_acc": 0.694505512714386,
	"best_valid_main_smin_acc": 0.5800807476043701,
	"best_valid_main_pdelta": 0.49043354392051697,
	"best_train_main_random_metric": 31004.90625
}