{
	"best_train_main_metric": 1.4159746170043945,
	"best_valid_main_acc": 0.761904776096344,
	"best_valid_main_smin_acc": 0.7846975326538086,
	"best_valid_main_pdelta": 0.0267022792249918,
	"best_train_main_random_metric": 25545.861328125
}