{
	"best_train_main_metric": 3002.638427734375,
	"best_valid_main_acc": 0.746490478515625,
	"best_valid_main_smin_acc": 0.49056604504585266,
	"best_valid_main_pdelta": 0.0007867640815675259,
	"best_train_main_random_metric": 3010.34619140625
}