{
	"best_train_main_metric": 1507.12744140625,
	"best_valid_main_acc": 0.7547481656074524,
	"best_valid_main_smin_acc": 0.5094339847564697,
	"best_valid_main_pdelta": 0.19795729219913483,
	"best_train_main_random_metric": 1520.823974609375
}