{
	"best_train_main_metric": 19303.134765625,
	"best_valid_main_acc": 0.4923076927661896,
	"best_valid_main_smin_acc": 0.4444444477558136,
	"best_valid_main_pdelta": 0.0469636470079422,
	"best_train_main_random_metric": 4.135536193847656
}