{
	"best_train_main_metric": 3811.611083984375,
	"best_valid_main_acc": 0.6698718070983887,
	"best_valid_main_smin_acc": 0.6660341620445251,
	"best_valid_main_pdelta": 0.24542437493801117,
	"best_train_main_random_metric": 11249.7978515625
}