{
	"best_train_main_metric": 3818.332763671875,
	"best_valid_main_acc": 0.6446886658668518,
	"best_valid_main_smin_acc": 0.6385199427604675,
	"best_valid_main_pdelta": 0.25848403573036194,
	"best_train_main_random_metric": 10225.4814453125
}