{
	"best_train_main_metric": 21426.703125,
	"best_valid_main_acc": 0.48937729001045227,
	"best_valid_main_smin_acc": 0.535315990447998,
	"best_valid_main_pdelta": 0.48941513895988464,
	"best_train_main_random_metric": 43.51972961425781
}