{
	"best_train_main_metric": 1.437615156173706,
	"best_valid_main_acc": 0.8133848309516907,
	"best_valid_main_smin_acc": 0.733905553817749,
	"best_valid_main_pdelta": 0.03508353233337402,
	"best_train_main_random_metric": 16710.642578125
}