{
	"best_train_main_metric": 4368.779296875,
	"best_valid_main_acc": 0.7014651894569397,
	"best_valid_main_smin_acc": 0.3612217903137207,
	"best_valid_main_pdelta": 0.1540745496749878,
	"best_train_main_random_metric": 6593.66259765625
}