{
	"best_train_main_metric": 3999.007568359375,
	"best_valid_main_acc": 0.6918498277664185,
	"best_valid_main_smin_acc": 0.3598937690258026,
	"best_valid_main_pdelta": 0.19531874358654022,
	"best_train_main_random_metric": 7919.0341796875
}