{
	"best_train_main_metric": 13330.2783203125,
	"best_valid_main_acc": 0.4285714328289032,
	"best_valid_main_smin_acc": 0.4821428656578064,
	"best_valid_main_pdelta": 0.04759153723716736,
	"best_train_main_random_metric": 1.5670342445373535
}