{
	"best_train_main_metric": 4617.265625,
	"best_valid_main_acc": 0.6373626589775085,
	"best_valid_main_smin_acc": 0.22165820002555847,
	"best_valid_main_pdelta": 0.15897992253303528,
	"best_train_main_random_metric": 5240.0302734375
}