{
	"best_train_main_metric": 863.6425170898438,
	"best_valid_main_acc": 0.737849771976471,
	"best_valid_main_smin_acc": 0.5138888955116272,
	"best_valid_main_pdelta": 0.046479903161525726,
	"best_train_main_random_metric": 865.0943603515625
}