{
	"best_train_main_metric": 9179.0400390625,
	"best_valid_main_acc": 0.49659863114356995,
	"best_valid_main_smin_acc": 0.6000000238418579,
	"best_valid_main_pdelta": 0.03368602693080902,
	"best_train_main_random_metric": 1.4507694244384766
}