{
	"best_train_main_metric": 1376.1195068359375,
	"best_valid_main_acc": 0.7390109896659851,
	"best_valid_main_smin_acc": 0.7508896589279175,
	"best_valid_main_pdelta": 0.018005797639489174,
	"best_train_main_random_metric": 1375.236572265625
}