{
	"best_train_main_metric": 1636.1810302734375,
	"best_valid_main_acc": 0.7930402755737305,
	"best_valid_main_smin_acc": 0.7989323735237122,
	"best_valid_main_pdelta": 0.004349050112068653,
	"best_train_main_random_metric": 3384.564208984375
}