{
	"best_train_main_metric": 1.4123270511627197,
	"best_valid_main_acc": 0.7967032790184021,
	"best_valid_main_smin_acc": 0.7920227646827698,
	"best_valid_main_pdelta": 0.023881886154413223,
	"best_train_main_random_metric": 21495.6875
}