{
	"best_train_main_metric": 1.421671748161316,
	"best_valid_main_acc": 0.807692289352417,
	"best_valid_main_smin_acc": 0.7891737818717957,
	"best_valid_main_pdelta": 0.019111279398202896,
	"best_train_main_random_metric": 20956.125
}