{
	"best_train_main_metric": 44.893341064453125,
	"best_valid_main_acc": 0.7115384340286255,
	"best_valid_main_smin_acc": 0.6117478609085083,
	"best_valid_main_pdelta": 0.45687177777290344,
	"best_train_main_random_metric": 30792.3046875
}