{
	"best_train_main_metric": 2749.4462890625,
	"best_valid_main_acc": 0.5627289414405823,
	"best_valid_main_smin_acc": 0.559556782245636,
	"best_valid_main_pdelta": 0.10366151481866837,
	"best_train_main_random_metric": 2736.471923828125
}