{
	"best_train_main_metric": 372.2249755859375,
	"best_valid_main_acc": 0.6221198439598083,
	"best_valid_main_smin_acc": 0.17910447716712952,
	"best_valid_main_pdelta": 0.2824203670024872,
	"best_train_main_random_metric": 438.73492431640625
}