{
	"best_train_main_metric": 322.9078369140625,
	"best_valid_main_acc": 0.5852534770965576,
	"best_valid_main_smin_acc": 0.28358209133148193,
	"best_valid_main_pdelta": 0.34765133261680603,
	"best_train_main_random_metric": 310.60601806640625
}