{
	"best_train_main_metric": 22299.87890625,
	"best_valid_main_acc": 0.5018181800842285,
	"best_valid_main_smin_acc": 0.4615384638309479,
	"best_valid_main_pdelta": 0.5029239654541016,
	"best_train_main_random_metric": 6.533299446105957
}