{
	"best_train_main_metric": 32184.47265625,
	"best_valid_main_acc": 0.5192307829856873,
	"best_valid_main_smin_acc": 0.4839160740375519,
	"best_valid_main_pdelta": 0.4287111163139343,
	"best_train_main_random_metric": 41.57584762573242
}