{
	"best_train_main_metric": 25737.65625,
	"best_valid_main_acc": 0.5197802186012268,
	"best_valid_main_smin_acc": 0.4811188876628876,
	"best_valid_main_pdelta": 0.5020720362663269,
	"best_train_main_random_metric": 132.00210571289062
}