{
	"best_train_main_metric": 2823.869140625,
	"best_valid_main_acc": 0.6309523582458496,
	"best_valid_main_smin_acc": 0.6496815085411072,
	"best_valid_main_pdelta": 0.16569338738918304,
	"best_train_main_random_metric": 2854.66748046875
}