{
	"best_train_main_metric": 5173.66748046875,
	"best_valid_main_acc": 0.5105311274528503,
	"best_valid_main_smin_acc": 0.5159235596656799,
	"best_valid_main_pdelta": 0.01816859282553196,
	"best_train_main_random_metric": 5461.4912109375
}