{
	"best_train_main_metric": 2838.52978515625,
	"best_valid_main_acc": 0.5805860757827759,
	"best_valid_main_smin_acc": 0.5523203015327454,
	"best_valid_main_pdelta": 0.0979844480752945,
	"best_train_main_random_metric": 2862.80517578125
}