{
	"best_train_main_metric": 4589.44580078125,
	"best_valid_main_acc": 0.6707875728607178,
	"best_valid_main_smin_acc": 0.4049689471721649,
	"best_valid_main_pdelta": 0.15101483464241028,
	"best_train_main_random_metric": 5487.48388671875
}