{
	"best_train_main_metric": 4216.7001953125,
	"best_valid_main_acc": 0.6497252583503723,
	"best_valid_main_smin_acc": 0.36653387546539307,
	"best_valid_main_pdelta": 0.25521084666252136,
	"best_train_main_random_metric": 9047.0830078125
}