{
	"best_train_main_metric": 3838.057373046875,
	"best_valid_main_acc": 0.639194130897522,
	"best_valid_main_smin_acc": 0.4169986844062805,
	"best_valid_main_pdelta": 0.25423434376716614,
	"best_train_main_random_metric": 10001.7373046875
}