{
	"best_train_main_metric": 1500.375,
	"best_valid_main_acc": 0.7555739283561707,
	"best_valid_main_smin_acc": 0.41525423526763916,
	"best_valid_main_pdelta": 0.33927294611930847,
	"best_train_main_random_metric": 1530.0511474609375
}