{
	"best_train_main_metric": 8.987242698669434,
	"best_valid_main_acc": 0.7367072105407715,
	"best_valid_main_smin_acc": 0.5701943635940552,
	"best_valid_main_pdelta": 0.4371703267097473,
	"best_train_main_random_metric": 35302.45703125
}