{
	"best_train_main_metric": 26080.16796875,
	"best_valid_main_acc": 0.5270146727561951,
	"best_valid_main_smin_acc": 0.5465328693389893,
	"best_valid_main_pdelta": 0.4479585289955139,
	"best_train_main_random_metric": 206.67445373535156
}