{
	"best_train_main_metric": 23739.01171875,
	"best_valid_main_acc": 0.5072727203369141,
	"best_valid_main_smin_acc": 0.6363636255264282,
	"best_valid_main_pdelta": 0.5114650130271912,
	"best_train_main_random_metric": 9.016000747680664
}