{
	"best_train_main_metric": 24738.814453125,
	"best_valid_main_acc": 0.48363634943962097,
	"best_valid_main_smin_acc": 0.800000011920929,
	"best_valid_main_pdelta": 0.45719707012176514,
	"best_train_main_random_metric": 5.682337760925293
}