{
	"best_train_main_metric": 16998.12109375,
	"best_valid_main_acc": 0.5081818103790283,
	"best_valid_main_smin_acc": 0.6000000238418579,
	"best_valid_main_pdelta": 0.4615929126739502,
	"best_train_main_random_metric": 13.986230850219727
}