{
	"erm_best_valid_prob_dict": {
		"0": [
			[
				0.7080397605895996,
				0.2919602394104004
			],
			[
				0.6227487921714783,
				0.37725117802619934
			],
			[
				0.4720923602581024,
				0.5279076099395752
			],
			[
				0.38164520263671875,
				0.6183547377586365
			],
			[
				0.6488513350486755,
				0.35114869475364685
			],
			[
				0.692636251449585,
				0.30736371874809265
			],
			[
				0.6865126490592957,
				0.31348735094070435
			]
		],
		"1": [
			[
				0.6267293095588684,
				0.3732706904411316
			],
			[
				0.7929919362068176,
				0.20700809359550476
			],
			[
				0.551593542098999,
				0.448406457901001
			],
			[
				0.7791966795921326,
				0.22080332040786743
			],
			[
				0.7311776280403137,
				0.2688223123550415
			],
			[
				0.7360005378723145,
				0.26399949193000793
			],
			[
				0.37551191449165344,
				0.624488115310669
			]
		],
		"2": [
			[
				0.6252147555351257,
				0.3747851848602295
			],
			[
				0.28264549374580383,
				0.7173544764518738
			],
			[
				0.7990823984146118,
				0.20091763138771057
			],
			[
				0.29871097207069397,
				0.7012889981269836
			],
			[
				0.6817790865898132,
				0.31822091341018677
			],
			[
				0.7087356448173523,
				0.2912643551826477
			],
			[
				0.7335869073867798,
				0.2664130926132202
			]
		]
	},
	"cad_best_valid_prob_dict": {
		"0": [
			[
				0.4336870610713959,
				0.5663129687309265
			],
			[
				0.43301233649253845,
				0.5669876933097839
			],
			[
				0.3009726405143738,
				0.6990273594856262
			],
			[
				0.27582108974456787,
				0.7241789698600769
			],
			[
				0.3786678910255432,
				0.621332049369812
			],
			[
				0.5668355226516724,
				0.43316444754600525
			],
			[
				0.4618871808052063,
				0.5381128191947937
			]
		],
		"1": [
			[
				0.5992944836616516,
				0.4007055461406708
			],
			[
				0.43968209624290466,
				0.5603179335594177
			],
			[
				0.4182277023792267,
				0.5817723274230957
			],
			[
				0.38534364104270935,
				0.6146563291549683
			],
			[
				0.42822209000587463,
				0.571777880191803
			],
			[
				0.5648633241653442,
				0.4351366460323334
			],
			[
				0.29556429386138916,
				0.7044357061386108
			]
		],
		"2": [
			[
				0.40714627504348755,
				0.5928537845611572
			],
			[
				0.27552032470703125,
				0.7244796752929688
			],
			[
				0.5839592814445496,
				0.41604065895080566
			],
			[
				0.24973441660404205,
				0.7502655982971191
			],
			[
				0.2612723410129547,
				0.7387276887893677
			],
			[
				0.4038515090942383,
				0.5961484909057617
			],
			[
				0.35679706931114197,
				0.6432029604911804
			]
		]
	},
	"tv_val": 0.21024386584758759
}