{
	"best_train_main_metric": 29.09579849243164,
	"best_valid_main_acc": 0.7318681478500366,
	"best_valid_main_smin_acc": 0.6587412357330322,
	"best_valid_main_pdelta": 0.4646175503730774,
	"best_train_main_random_metric": 29291.0
}