{
	"best_train_main_metric": 1.555869460105896,
	"best_valid_main_acc": 0.8736363649368286,
	"best_valid_main_smin_acc": 0.23076923191547394,
	"best_valid_main_pdelta": 0.46787029504776,
	"best_train_main_random_metric": 24029.75390625
}