{
	"best_train_main_metric": 504.19122314453125,
	"best_valid_main_acc": 0.599078357219696,
	"best_valid_main_smin_acc": 0.6036036014556885,
	"best_valid_main_pdelta": 0.021608516573905945,
	"best_train_main_random_metric": 557.5203247070312
}