{
	"best_train_main_metric": 498.0650939941406,
	"best_valid_main_acc": 0.5529953837394714,
	"best_valid_main_smin_acc": 0.5333333611488342,
	"best_valid_main_pdelta": 0.04863765835762024,
	"best_train_main_random_metric": 534.9004516601562
}