{
	"best_train_main_metric": 5418.1416015625,
	"best_valid_main_acc": 0.4922161102294922,
	"best_valid_main_smin_acc": 0.4839506149291992,
	"best_valid_main_pdelta": 1.0894758815993555e-05,
	"best_train_main_random_metric": 5418.375
}