{
	"best_train_main_metric": 4690.54296875,
	"best_valid_main_acc": 0.6602563858032227,
	"best_valid_main_smin_acc": 0.42592594027519226,
	"best_valid_main_pdelta": 0.1249304786324501,
	"best_train_main_random_metric": 5410.1669921875
}