{
	"best_train_main_metric": 4072.38330078125,
	"best_valid_main_acc": 0.6410256624221802,
	"best_valid_main_smin_acc": 0.3288888931274414,
	"best_valid_main_pdelta": 0.2791643738746643,
	"best_train_main_random_metric": 7509.77490234375
}