{
	"best_train_main_metric": 886.7117919921875,
	"best_valid_main_acc": 0.6840659379959106,
	"best_valid_main_smin_acc": 0.7084745764732361,
	"best_valid_main_pdelta": 0.011966165155172348,
	"best_train_main_random_metric": 886.7757568359375
}