{
	"best_train_main_metric": 4316.44921875,
	"best_valid_main_acc": 0.7303113341331482,
	"best_valid_main_smin_acc": 0.5687568783760071,
	"best_valid_main_pdelta": 0.03521100431680679,
	"best_train_main_random_metric": 6177.11865234375
}