{
	"best_train_main_metric": 34017.86328125,
	"best_valid_main_acc": 0.5265567898750305,
	"best_valid_main_smin_acc": 0.5542168617248535,
	"best_valid_main_pdelta": 0.4415993392467499,
	"best_train_main_random_metric": 72.56197357177734
}