{
	"best_train_main_metric": 3851.4189453125,
	"best_valid_main_acc": 0.6936812996864319,
	"best_valid_main_smin_acc": 0.7229241728782654,
	"best_valid_main_pdelta": 0.18950270116329193,
	"best_train_main_random_metric": 8175.95751953125
}