{
	"best_train_main_metric": 4219.91845703125,
	"best_valid_main_acc": 0.7069597244262695,
	"best_valid_main_smin_acc": 0.7175090312957764,
	"best_valid_main_pdelta": 0.15749146044254303,
	"best_train_main_random_metric": 7402.60009765625
}