{
	"best_train_main_metric": 2749.5166015625,
	"best_valid_main_acc": 0.6217948794364929,
	"best_valid_main_smin_acc": 0.5866788029670715,
	"best_valid_main_pdelta": 0.16050589084625244,
	"best_train_main_random_metric": 2795.739013671875
}