{
	"best_train_main_metric": 519.1192016601562,
	"best_valid_main_acc": 0.5622119903564453,
	"best_valid_main_smin_acc": 0.939393937587738,
	"best_valid_main_pdelta": 0.0006962654297240078,
	"best_train_main_random_metric": 549.8333740234375
}