{
	"best_train_main_metric": 1.4220101833343506,
	"best_valid_main_acc": 0.8173785209655762,
	"best_valid_main_smin_acc": 0.5921052694320679,
	"best_valid_main_pdelta": 0.04199003055691719,
	"best_train_main_random_metric": 13554.8095703125
}