{
	"best_train_main_metric": 0.030982162803411484,
	"best_valid_main_acc": 0.9216758012771606,
	"best_valid_main_smin_acc": 0.20000000298023224,
	"best_valid_main_pdelta": 0.13952717185020447,
	"best_train_main_random_metric": 11629.5380859375
}