{
	"best_train_main_metric": 23977.24609375,
	"best_valid_main_acc": 0.5136363506317139,
	"best_valid_main_smin_acc": 0.4166666567325592,
	"best_valid_main_pdelta": 0.46376723051071167,
	"best_train_main_random_metric": 8.039803504943848
}