{
	"best_train_main_metric": 529.8159790039062,
	"best_valid_main_acc": 0.8866212964057922,
	"best_valid_main_smin_acc": 0.800000011920929,
	"best_valid_main_pdelta": 0.03402899205684662,
	"best_train_main_random_metric": 531.6813354492188
}