{
	"best_train_main_metric": 3.3857035636901855,
	"best_valid_main_acc": 0.7885714173316956,
	"best_valid_main_smin_acc": 0.7990867495536804,
	"best_valid_main_pdelta": 0.016028093174099922,
	"best_train_main_random_metric": 19887.8046875
}