{
	"best_train_main_metric": 477.0960998535156,
	"best_valid_main_acc": 0.557603657245636,
	"best_valid_main_smin_acc": 0.46666666865348816,
	"best_valid_main_pdelta": 0.17428094148635864,
	"best_train_main_random_metric": 627.3346557617188
}