{
	"best_train_main_metric": 72.28041076660156,
	"best_valid_main_acc": 0.6991758346557617,
	"best_valid_main_smin_acc": 0.675527036190033,
	"best_valid_main_pdelta": 0.4393812417984009,
	"best_train_main_random_metric": 36788.890625
}