{
	"best_train_main_metric": 767.6785888671875,
	"best_valid_main_acc": 0.6998394727706909,
	"best_valid_main_smin_acc": 0.6298342347145081,
	"best_valid_main_pdelta": 0.01571655459702015,
	"best_train_main_random_metric": 770.0953369140625
}