{
	"best_train_main_metric": 10274.5439453125,
	"best_valid_main_acc": 0.49275362491607666,
	"best_valid_main_smin_acc": 0.5,
	"best_valid_main_pdelta": 0.041998688131570816,
	"best_train_main_random_metric": 0.03606591001152992
}