{
	"best_train_main_metric": 9907.734375,
	"best_valid_main_acc": 0.48240166902542114,
	"best_valid_main_smin_acc": 0.5,
	"best_valid_main_pdelta": 0.03949614241719246,
	"best_train_main_random_metric": 0.049662139266729355
}