{
	"best_train_main_metric": 11171.32421875,
	"best_valid_main_acc": 0.43897995352745056,
	"best_valid_main_smin_acc": 0.6666666865348816,
	"best_valid_main_pdelta": 0.04103652015328407,
	"best_train_main_random_metric": 5.693092346191406
}