{
	"best_train_main_metric": 1379.0240478515625,
	"best_valid_main_acc": 0.6556776762008667,
	"best_valid_main_smin_acc": 0.663701057434082,
	"best_valid_main_pdelta": 0.01717408560216427,
	"best_train_main_random_metric": 1392.5303955078125
}