{
	"best_train_main_metric": 1113.4727783203125,
	"best_valid_main_acc": 0.7747252583503723,
	"best_valid_main_smin_acc": 0.7989323735237122,
	"best_valid_main_pdelta": 0.016965528950095177,
	"best_train_main_random_metric": 4745.2626953125
}