{
	"best_train_main_metric": 13600.1416015625,
	"best_valid_main_acc": 0.5289575457572937,
	"best_valid_main_smin_acc": 0.5708154439926147,
	"best_valid_main_pdelta": 0.0588797852396965,
	"best_train_main_random_metric": 1.6701186895370483
}