{
	"best_train_main_metric": 13590.7607421875,
	"best_valid_main_acc": 0.5444015264511108,
	"best_valid_main_smin_acc": 0.5321888327598572,
	"best_valid_main_pdelta": 0.07261529564857483,
	"best_train_main_random_metric": 1.6414343118667603
}