{
	"best_train_main_metric": 0.0162578783929348,
	"best_valid_main_acc": 0.7989010810852051,
	"best_valid_main_smin_acc": 0.7291666865348816,
	"best_valid_main_pdelta": 0.017802786082029343,
	"best_train_main_random_metric": 20641.462890625
}