{
	"best_train_main_metric": 1144.7252197265625,
	"best_valid_main_acc": 0.708791196346283,
	"best_valid_main_smin_acc": 0.6666666865348816,
	"best_valid_main_pdelta": 0.02682415395975113,
	"best_train_main_random_metric": 1146.6204833984375
}