{
	"best_train_main_metric": 1195.4051513671875,
	"best_valid_main_acc": 0.7681318521499634,
	"best_valid_main_smin_acc": 0.7863247990608215,
	"best_valid_main_pdelta": 0.005210429430007935,
	"best_train_main_random_metric": 3235.24462890625
}