{
	"best_train_main_metric": 17014.728515625,
	"best_valid_main_acc": 0.4494505524635315,
	"best_valid_main_smin_acc": 0.4518716633319855,
	"best_valid_main_pdelta": 0.06738319993019104,
	"best_train_main_random_metric": 3.0435776710510254
}