{
	"best_train_main_metric": 388.6553649902344,
	"best_valid_main_acc": 0.6682027578353882,
	"best_valid_main_smin_acc": 0.45205479860305786,
	"best_valid_main_pdelta": 0.27483564615249634,
	"best_train_main_random_metric": 426.1521301269531
}