{
	"best_train_main_metric": 327.9604797363281,
	"best_valid_main_acc": 0.599078357219696,
	"best_valid_main_smin_acc": 0.4794520437717438,
	"best_valid_main_pdelta": 0.3313034176826477,
	"best_train_main_random_metric": 319.26348876953125
}