{
	"best_train_main_metric": 1.4214129447937012,
	"best_valid_main_acc": 0.80694979429245,
	"best_valid_main_smin_acc": 0.7254098653793335,
	"best_valid_main_pdelta": 0.03419657424092293,
	"best_train_main_random_metric": 17055.59375
}