{
	"best_train_main_metric": 1366.1666259765625,
	"best_valid_main_acc": 0.6895604133605957,
	"best_valid_main_smin_acc": 0.6911196708679199,
	"best_valid_main_pdelta": 0.022519713267683983,
	"best_train_main_random_metric": 1371.7034912109375
}