{
	"best_train_main_metric": 954.076416015625,
	"best_valid_main_acc": 0.8278388381004333,
	"best_valid_main_smin_acc": 0.8301158547401428,
	"best_valid_main_pdelta": 0.012521716766059399,
	"best_train_main_random_metric": 4858.400390625
}