{
	"best_train_main_metric": 12146.451171875,
	"best_valid_main_acc": 0.49189984798431396,
	"best_valid_main_smin_acc": 0.5419847369194031,
	"best_valid_main_pdelta": 0.06659149378538132,
	"best_train_main_random_metric": 2.9572536945343018
}