{
	"best_train_main_metric": 2.898024797439575,
	"best_valid_main_acc": 0.7802197933197021,
	"best_valid_main_smin_acc": 0.7828371524810791,
	"best_valid_main_pdelta": 0.035034842789173126,
	"best_train_main_random_metric": 24479.85546875
}