{
	"best_train_main_metric": 10076.373046875,
	"best_valid_main_acc": 0.4826958179473877,
	"best_valid_main_smin_acc": 1.0,
	"best_valid_main_pdelta": 0.036973293870687485,
	"best_train_main_random_metric": 3.00862717628479
}