{
	"best_train_main_metric": 2034.324951171875,
	"best_valid_main_acc": 0.8150289058685303,
	"best_valid_main_smin_acc": 0.4150943458080292,
	"best_valid_main_pdelta": 0.09502024948596954,
	"best_train_main_random_metric": 3230.0419921875
}