{
	"best_train_main_metric": 1505.6832275390625,
	"best_valid_main_acc": 0.730800986289978,
	"best_valid_main_smin_acc": 0.46226415038108826,
	"best_valid_main_pdelta": 0.2372635006904602,
	"best_train_main_random_metric": 1522.0076904296875
}