{
	"best_train_main_metric": 30.810819625854492,
	"best_valid_main_acc": 0.7520819902420044,
	"best_valid_main_smin_acc": 0.5578703880310059,
	"best_valid_main_pdelta": 0.4871477782726288,
	"best_train_main_random_metric": 23683.90234375
}