{
	"best_train_main_metric": 18.24094009399414,
	"best_valid_main_acc": 0.7450352311134338,
	"best_valid_main_smin_acc": 0.5532407164573669,
	"best_valid_main_pdelta": 0.486309677362442,
	"best_train_main_random_metric": 28308.671875
}