{
	"best_train_main_metric": 1366.80224609375,
	"best_valid_main_acc": 0.8163636326789856,
	"best_valid_main_smin_acc": 0.1111111119389534,
	"best_valid_main_pdelta": 0.20257121324539185,
	"best_train_main_random_metric": 1370.758056640625
}