{
	"best_train_main_metric": 590.78125,
	"best_valid_main_acc": 0.8385093212127686,
	"best_valid_main_smin_acc": 0.45614033937454224,
	"best_valid_main_pdelta": 0.026310209184885025,
	"best_train_main_random_metric": 593.7255859375
}