{
	"best_train_main_metric": 410.92254638671875,
	"best_valid_main_acc": 0.6682027578353882,
	"best_valid_main_smin_acc": 0.7209302186965942,
	"best_valid_main_pdelta": 0.21235336363315582,
	"best_train_main_random_metric": 598.2697143554688
}