{
	"best_train_main_metric": 442.46380615234375,
	"best_valid_main_acc": 0.6497696042060852,
	"best_valid_main_smin_acc": 0.3658536672592163,
	"best_valid_main_pdelta": 0.15926215052604675,
	"best_train_main_random_metric": 570.0477294921875
}