{
	"best_train_main_metric": 21186.271484375,
	"best_valid_main_acc": 0.5470852255821228,
	"best_valid_main_smin_acc": 0.4734693765640259,
	"best_valid_main_pdelta": 0.45734041929244995,
	"best_train_main_random_metric": 122.18766021728516
}