{
	"best_train_main_metric": 660.2069091796875,
	"best_valid_main_acc": 0.732600748538971,
	"best_valid_main_smin_acc": 0.470085471868515,
	"best_valid_main_pdelta": 0.019578779116272926,
	"best_train_main_random_metric": 667.7433471679688
}