{
	"best_train_main_metric": 1.4191701412200928,
	"best_valid_main_acc": 0.8131868243217468,
	"best_valid_main_smin_acc": 0.8274021148681641,
	"best_valid_main_pdelta": 0.015599295496940613,
	"best_train_main_random_metric": 24472.474609375
}