{
	"best_train_main_metric": 1.4503940343856812,
	"best_valid_main_acc": 0.803113579750061,
	"best_valid_main_smin_acc": 0.8024911284446716,
	"best_valid_main_pdelta": 0.015314562246203423,
	"best_train_main_random_metric": 25138.568359375
}