{
	"best_train_main_metric": 20770.8125,
	"best_valid_main_acc": 0.48571428656578064,
	"best_valid_main_smin_acc": 0.45644599199295044,
	"best_valid_main_pdelta": 0.45572033524513245,
	"best_train_main_random_metric": 30.265472412109375
}