{
	"best_train_main_metric": 981.0139770507812,
	"best_valid_main_acc": 0.7181467413902283,
	"best_valid_main_smin_acc": 0.6017315983772278,
	"best_valid_main_pdelta": 0.02571772038936615,
	"best_train_main_random_metric": 978.9130859375
}