{
	"best_train_main_metric": 983.0065307617188,
	"best_valid_main_acc": 0.7039896845817566,
	"best_valid_main_smin_acc": 0.6060606241226196,
	"best_valid_main_pdelta": 0.025761839002370834,
	"best_train_main_random_metric": 979.3496704101562
}