{
	"best_train_main_metric": 4921.87109375,
	"best_valid_main_acc": 0.648809552192688,
	"best_valid_main_smin_acc": 0.48030635714530945,
	"best_valid_main_pdelta": 0.08392798900604248,
	"best_train_main_random_metric": 5314.15966796875
}