{
	"best_train_main_metric": 501.0289001464844,
	"best_valid_main_acc": 0.5714285969734192,
	"best_valid_main_smin_acc": 0.6233766078948975,
	"best_valid_main_pdelta": 0.08254234492778778,
	"best_train_main_random_metric": 562.8096313476562
}