{
	"best_train_main_metric": 686.3220825195312,
	"best_valid_main_acc": 0.8852459192276001,
	"best_valid_main_smin_acc": 0.3333333432674408,
	"best_valid_main_pdelta": 0.059737466275691986,
	"best_train_main_random_metric": 688.4381713867188
}