{
	"best_train_main_metric": 2770.223876953125,
	"best_valid_main_acc": 0.5668498277664185,
	"best_valid_main_smin_acc": 0.5529196858406067,
	"best_valid_main_pdelta": 0.18920548260211945,
	"best_train_main_random_metric": 2841.8359375
}