{
	"best_train_main_metric": 1.4560987949371338,
	"best_valid_main_acc": 0.8070692420005798,
	"best_valid_main_smin_acc": 0.572519063949585,
	"best_valid_main_pdelta": 0.08816689252853394,
	"best_train_main_random_metric": 13661.1904296875
}