{
	"best_train_main_metric": 16858.716796875,
	"best_valid_main_acc": 0.4942084848880768,
	"best_valid_main_smin_acc": 0.4502164423465729,
	"best_valid_main_pdelta": 0.045322708785533905,
	"best_train_main_random_metric": 2.8322534561157227
}