{
	"best_train_main_metric": 513.9193115234375,
	"best_valid_main_acc": 0.5760368704795837,
	"best_valid_main_smin_acc": 0.649350643157959,
	"best_valid_main_pdelta": 0.023891855031251907,
	"best_train_main_random_metric": 556.8684692382812
}