{
	"best_train_main_metric": 1.544288158416748,
	"best_valid_main_acc": 0.8232694864273071,
	"best_valid_main_smin_acc": 0.580152690410614,
	"best_valid_main_pdelta": 0.05826878920197487,
	"best_train_main_random_metric": 13855.5546875
}