{
	"best_train_main_metric": 0.01180106122046709,
	"best_valid_main_acc": 0.8687707781791687,
	"best_valid_main_smin_acc": 0.4285714328289032,
	"best_valid_main_pdelta": 0.12473519146442413,
	"best_train_main_random_metric": 14918.8232421875
}