{
	"best_train_main_metric": 12572.9755859375,
	"best_valid_main_acc": 0.5280898809432983,
	"best_valid_main_smin_acc": 0.528205156326294,
	"best_valid_main_pdelta": 0.03137418255209923,
	"best_train_main_random_metric": 0.0540967620909214
}