{
	"best_train_main_metric": 1.4028290510177612,
	"best_valid_main_acc": 0.8058608174324036,
	"best_valid_main_smin_acc": 0.8042704463005066,
	"best_valid_main_pdelta": 0.01948421448469162,
	"best_train_main_random_metric": 26366.630859375
}