{
	"best_train_main_metric": 4851.33349609375,
	"best_valid_main_acc": 0.6936812996864319,
	"best_valid_main_smin_acc": 0.46590909361839294,
	"best_valid_main_pdelta": 0.001687294221483171,
	"best_train_main_random_metric": 5735.275390625
}