{
	"best_train_main_metric": 10479.560546875,
	"best_valid_main_acc": 0.47723132371902466,
	"best_valid_main_smin_acc": 0.0,
	"best_valid_main_pdelta": 0.058350250124931335,
	"best_train_main_random_metric": 0.09835615754127502
}