{
	"best_train_main_metric": 445.05938720703125,
	"best_valid_main_acc": 0.7004608511924744,
	"best_valid_main_smin_acc": 0.5249999761581421,
	"best_valid_main_pdelta": 0.15446031093597412,
	"best_train_main_random_metric": 574.55908203125
}