{
	"best_train_main_metric": 3973.376220703125,
	"best_valid_main_acc": 0.6611721515655518,
	"best_valid_main_smin_acc": 0.4000000059604645,
	"best_valid_main_pdelta": 0.2613903880119324,
	"best_train_main_random_metric": 10627.8984375
}