{
	"best_train_main_metric": 4188.99462890625,
	"best_valid_main_acc": 0.6932234168052673,
	"best_valid_main_smin_acc": 0.4037266969680786,
	"best_valid_main_pdelta": 0.16447152197360992,
	"best_train_main_random_metric": 8147.50146484375
}