{
	"best_train_main_metric": 27792.99609375,
	"best_valid_main_acc": 0.5,
	"best_valid_main_smin_acc": 0.5441310405731201,
	"best_valid_main_pdelta": 0.4627167284488678,
	"best_train_main_random_metric": 147.53224182128906
}