{
	"best_train_main_metric": 4351.3037109375,
	"best_valid_main_acc": 0.7019230723381042,
	"best_valid_main_smin_acc": 0.6995391845703125,
	"best_valid_main_pdelta": 0.11309360712766647,
	"best_train_main_random_metric": 6551.681640625
}