{
	"best_train_main_metric": 4132.47314453125,
	"best_valid_main_acc": 0.642399251461029,
	"best_valid_main_smin_acc": 0.644239604473114,
	"best_valid_main_pdelta": 0.24190562963485718,
	"best_train_main_random_metric": 8810.265625
}