{
	"best_train_main_metric": 789.689208984375,
	"best_valid_main_acc": 0.8421927094459534,
	"best_valid_main_smin_acc": 0.4285714328289032,
	"best_valid_main_pdelta": 0.05378570035099983,
	"best_train_main_random_metric": 792.1792602539062
}