{
	"best_train_main_metric": 52.06402587890625,
	"best_valid_main_acc": 0.7060439586639404,
	"best_valid_main_smin_acc": 0.587837815284729,
	"best_valid_main_pdelta": 0.4175032079219818,
	"best_train_main_random_metric": 36384.9609375
}