{
	"best_train_main_metric": 25492.5859375,
	"best_valid_main_acc": 0.47252747416496277,
	"best_valid_main_smin_acc": 0.47330960631370544,
	"best_valid_main_pdelta": 0.057634055614471436,
	"best_train_main_random_metric": 2.8112409114837646
}