{
	"best_train_main_metric": 58.842552185058594,
	"best_valid_main_acc": 0.6936812996864319,
	"best_valid_main_smin_acc": 0.6315323114395142,
	"best_valid_main_pdelta": 0.4397412836551666,
	"best_train_main_random_metric": 35592.81640625
}