{
	"best_train_main_metric": 5416.49462890625,
	"best_valid_main_acc": 0.5050366520881653,
	"best_valid_main_smin_acc": 0.49067598581314087,
	"best_valid_main_pdelta": 9.162031346932054e-07,
	"best_train_main_random_metric": 5416.49365234375
}