{
	"best_train_main_metric": 4902.3671875,
	"best_valid_main_acc": 0.6671245694160461,
	"best_valid_main_smin_acc": 0.4965035021305084,
	"best_valid_main_pdelta": 0.08139771223068237,
	"best_train_main_random_metric": 5409.53955078125
}