{
	"best_train_main_metric": 2242.443115234375,
	"best_valid_main_acc": 0.651098906993866,
	"best_valid_main_smin_acc": 0.5860139727592468,
	"best_valid_main_pdelta": 0.16284988820552826,
	"best_train_main_random_metric": 2326.304931640625
}