{
	"best_train_main_metric": 2307.261474609375,
	"best_valid_main_acc": 0.6554945111274719,
	"best_valid_main_smin_acc": 0.5693135857582092,
	"best_valid_main_pdelta": 0.18383459746837616,
	"best_train_main_random_metric": 2390.700927734375
}