{
	"best_train_main_metric": 31607.658203125,
	"best_valid_main_acc": 0.5186813473701477,
	"best_valid_main_smin_acc": 0.45390069484710693,
	"best_valid_main_pdelta": 0.4487607181072235,
	"best_train_main_random_metric": 16.316444396972656
}