{
	"best_train_main_metric": 5252.220703125,
	"best_valid_main_acc": 0.5,
	"best_valid_main_smin_acc": 0.5172092914581299,
	"best_valid_main_pdelta": 0.002252335660159588,
	"best_train_main_random_metric": 5752.83935546875
}