{
	"best_train_main_metric": 2310.654296875,
	"best_valid_main_acc": 0.9839743375778198,
	"best_train_main_random_metric": 6645.66650390625
}