{
	"best_train_main_metric": 1107.4786376953125,
	"best_valid_main_acc": 0.7394285798072815,
	"best_valid_main_smin_acc": 0.7442922592163086,
	"best_valid_main_pdelta": 0.010006627067923546,
	"best_train_main_random_metric": 1107.69921875
}