{
	"best_train_main_metric": 4593.00341796875,
	"best_valid_main_acc": 0.6735348105430603,
	"best_valid_main_smin_acc": 0.38385093212127686,
	"best_valid_main_pdelta": 0.12624333798885345,
	"best_train_main_random_metric": 5449.1123046875
}