{
	"best_train_main_metric": 3861.0673828125,
	"best_valid_main_acc": 0.4913516938686371,
	"best_valid_main_smin_acc": 0.5226781964302063,
	"best_valid_main_pdelta": 0.0008377645281143486,
	"best_train_main_random_metric": 3869.608154296875
}