{
	"best_train_main_metric": 1943.43310546875,
	"best_valid_main_acc": 0.6470211148262024,
	"best_valid_main_smin_acc": 0.5334773063659668,
	"best_valid_main_pdelta": 0.3204331398010254,
	"best_train_main_random_metric": 1964.908935546875
}