{
	"best_train_main_metric": 11711.498046875,
	"best_valid_main_acc": 0.4624447822570801,
	"best_valid_main_smin_acc": 0.572519063949585,
	"best_valid_main_pdelta": 0.08686196804046631,
	"best_train_main_random_metric": 3.407602071762085
}