{
	"best_train_main_metric": 4058.85009765625,
	"best_valid_main_acc": 0.6913919448852539,
	"best_valid_main_smin_acc": 0.6301096677780151,
	"best_valid_main_pdelta": 0.1904454529285431,
	"best_train_main_random_metric": 8092.28955078125
}