{
	"best_train_main_metric": 4047.9404296875,
	"best_valid_main_acc": 0.6694139242172241,
	"best_valid_main_smin_acc": 0.6291126608848572,
	"best_valid_main_pdelta": 0.23613734543323517,
	"best_train_main_random_metric": 10183.005859375
}