{
	"best_train_main_metric": 1037.110107421875,
	"best_valid_main_acc": 0.7201767563819885,
	"best_valid_main_smin_acc": 0.6447368264198303,
	"best_valid_main_pdelta": 0.002547190058976412,
	"best_train_main_random_metric": 1863.178955078125
}