{
	"best_train_main_metric": 816.580322265625,
	"best_valid_main_acc": 0.7702503800392151,
	"best_valid_main_smin_acc": 0.4934210479259491,
	"best_valid_main_pdelta": 0.03723227605223656,
	"best_train_main_random_metric": 817.8921508789062
}