{
	"best_train_main_metric": 886.0364990234375,
	"best_valid_main_acc": 0.808236837387085,
	"best_valid_main_smin_acc": 0.7532467246055603,
	"best_valid_main_pdelta": 0.012395942583680153,
	"best_train_main_random_metric": 2686.847900390625
}