{
	"best_train_main_metric": 979.4410400390625,
	"best_valid_main_acc": 0.7734877467155457,
	"best_valid_main_smin_acc": 0.701298713684082,
	"best_valid_main_pdelta": 0.02138565480709076,
	"best_train_main_random_metric": 979.187255859375
}