{
	"best_train_main_metric": 0.1050020158290863,
	"best_valid_main_acc": 0.8736363649368286,
	"best_valid_main_smin_acc": 0.2222222238779068,
	"best_valid_main_pdelta": 0.5221087336540222,
	"best_train_main_random_metric": 21737.603515625
}