{
	"best_train_main_metric": 22570.01953125,
	"best_valid_main_acc": 0.5100732445716858,
	"best_valid_main_smin_acc": 0.4786476790904999,
	"best_valid_main_pdelta": 0.044964760541915894,
	"best_train_main_random_metric": 5.679338455200195
}