{
	"best_train_main_metric": 1376.6796875,
	"best_valid_main_acc": 0.7683150172233582,
	"best_valid_main_smin_acc": 0.7793594598770142,
	"best_valid_main_pdelta": 0.005266475956887007,
	"best_train_main_random_metric": 3770.080322265625
}