{
	"best_train_main_metric": 1375.0662841796875,
	"best_valid_main_acc": 0.7133699655532837,
	"best_valid_main_smin_acc": 0.7313167452812195,
	"best_valid_main_pdelta": 0.019496118649840355,
	"best_train_main_random_metric": 1379.39306640625
}