{
	"best_train_main_metric": 502.94989013671875,
	"best_valid_main_acc": 0.5622119903564453,
	"best_valid_main_smin_acc": 0.5913978219032288,
	"best_valid_main_pdelta": 0.05314874276518822,
	"best_train_main_random_metric": 568.4072265625
}