{
	"best_train_main_metric": 2.8759102821350098,
	"best_valid_main_acc": 0.7828571200370789,
	"best_valid_main_smin_acc": 0.8072562217712402,
	"best_valid_main_pdelta": 0.0166409183293581,
	"best_train_main_random_metric": 18596.78515625
}