{
	"best_train_main_metric": 2.944631338119507,
	"best_valid_main_acc": 0.7919999957084656,
	"best_valid_main_smin_acc": 0.839002251625061,
	"best_valid_main_pdelta": 0.012643853202462196,
	"best_train_main_random_metric": 18442.984375
}