{
	"best_train_main_metric": 414.2039489746094,
	"best_valid_main_acc": 0.6589861512184143,
	"best_valid_main_smin_acc": 0.13333334028720856,
	"best_valid_main_pdelta": 0.4278920888900757,
	"best_train_main_random_metric": 716.2901611328125
}