{
	"best_train_main_metric": 4070.54833984375,
	"best_valid_main_acc": 0.6913919448852539,
	"best_valid_main_smin_acc": 0.21903322637081146,
	"best_valid_main_pdelta": 0.23994360864162445,
	"best_train_main_random_metric": 8163.84033203125
}