{
	"best_train_main_metric": 17587.384765625,
	"best_valid_main_acc": 0.5060439705848694,
	"best_valid_main_smin_acc": 0.5088919401168823,
	"best_valid_main_pdelta": 0.39801231026649475,
	"best_train_main_random_metric": 201.23312377929688
}