{
	"best_train_main_metric": 3867.083251953125,
	"best_valid_main_acc": 0.6460622549057007,
	"best_valid_main_smin_acc": 0.2696296274662018,
	"best_valid_main_pdelta": 0.2958521842956543,
	"best_train_main_random_metric": 9091.2783203125
}