{
	"best_train_main_metric": 3938.69287109375,
	"best_valid_main_acc": 0.6529303789138794,
	"best_valid_main_smin_acc": 0.256296306848526,
	"best_valid_main_pdelta": 0.32885080575942993,
	"best_train_main_random_metric": 10025.232421875
}