{
	"best_train_main_metric": 20.459386825561523,
	"best_valid_main_acc": 0.7846153974533081,
	"best_valid_main_smin_acc": 0.5082644820213318,
	"best_valid_main_pdelta": 0.4993056356906891,
	"best_train_main_random_metric": 25932.119140625
}