{
	"best_train_main_metric": 481.3128356933594,
	"best_valid_main_acc": 0.6036866307258606,
	"best_valid_main_smin_acc": 0.36486485600471497,
	"best_valid_main_pdelta": 0.13289813697338104,
	"best_train_main_random_metric": 541.0488891601562
}