{
	"best_train_main_metric": 484.2861022949219,
	"best_valid_main_acc": 0.6543778777122498,
	"best_valid_main_smin_acc": 0.37837839126586914,
	"best_valid_main_pdelta": 0.1289604753255844,
	"best_train_main_random_metric": 552.5466918945312
}