{
	"best_train_main_metric": 340.2626953125,
	"best_valid_main_acc": 0.7695852518081665,
	"best_valid_main_smin_acc": 0.6619718074798584,
	"best_valid_main_pdelta": 0.04506354033946991,
	"best_train_main_random_metric": 587.3580322265625
}