{
	"best_train_main_metric": 4812.23388671875,
	"best_valid_main_acc": 0.6794871687889099,
	"best_valid_main_smin_acc": 0.3625498116016388,
	"best_valid_main_pdelta": 0.08335880190134048,
	"best_train_main_random_metric": 5399.7880859375
}