{
	"best_train_main_metric": 4652.0634765625,
	"best_valid_main_acc": 0.6927655935287476,
	"best_valid_main_smin_acc": 0.4158163368701935,
	"best_valid_main_pdelta": 0.007555586285889149,
	"best_train_main_random_metric": 5872.173828125
}