{
	"best_train_main_metric": 4037.534912109375,
	"best_valid_main_acc": 0.694597065448761,
	"best_valid_main_smin_acc": 0.10309278219938278,
	"best_valid_main_pdelta": 0.2576759457588196,
	"best_train_main_random_metric": 7534.93408203125
}