{
	"best_train_main_metric": 947.6732177734375,
	"best_valid_main_acc": 0.7207207083702087,
	"best_valid_main_smin_acc": 0.6437768340110779,
	"best_valid_main_pdelta": 0.025059344246983528,
	"best_train_main_random_metric": 952.1111450195312
}