{
	"best_train_main_metric": 1319.311279296875,
	"best_valid_main_acc": 0.7284427285194397,
	"best_valid_main_smin_acc": 0.5965664982795715,
	"best_valid_main_pdelta": 0.0036493660882115364,
	"best_train_main_random_metric": 2134.308837890625
}