{
	"best_train_main_metric": 489.3609924316406,
	"best_valid_main_acc": 0.6036866307258606,
	"best_valid_main_smin_acc": 0.4895833432674408,
	"best_valid_main_pdelta": 0.08126991242170334,
	"best_train_main_random_metric": 542.5535888671875
}