{
	"best_train_main_metric": 488.8221435546875,
	"best_valid_main_acc": 0.5898617506027222,
	"best_valid_main_smin_acc": 0.46875,
	"best_valid_main_pdelta": 0.08930791914463043,
	"best_train_main_random_metric": 524.1243286132812
}