{
	"best_train_main_metric": 1.9412362575531006,
	"best_valid_main_acc": 0.8186812996864319,
	"best_valid_main_smin_acc": 0.5486725568771362,
	"best_valid_main_pdelta": 0.060949116945266724,
	"best_train_main_random_metric": 11343.8837890625
}