{
	"best_train_main_metric": 26434.427734375,
	"best_valid_main_acc": 0.5483516454696655,
	"best_valid_main_smin_acc": 0.5048950910568237,
	"best_valid_main_pdelta": 0.5850340723991394,
	"best_train_main_random_metric": 115.08265686035156
}