{
	"best_train_main_metric": 2763.32421875,
	"best_valid_main_acc": 0.6282051205635071,
	"best_valid_main_smin_acc": 0.599452555179596,
	"best_valid_main_pdelta": 0.17882049083709717,
	"best_train_main_random_metric": 2829.044189453125
}