{
	"best_train_main_metric": 329.18414306640625,
	"best_valid_main_acc": 0.5529953837394714,
	"best_valid_main_smin_acc": 0.4047619104385376,
	"best_valid_main_pdelta": 0.3773234486579895,
	"best_train_main_random_metric": 309.02392578125
}