{
	"best_train_main_metric": 392.6315002441406,
	"best_valid_main_acc": 0.5852534770965576,
	"best_valid_main_smin_acc": 0.380952388048172,
	"best_valid_main_pdelta": 0.24449142813682556,
	"best_train_main_random_metric": 490.9197998046875
}