{
	"best_train_main_metric": 673.44873046875,
	"best_valid_main_acc": 0.7600732445716858,
	"best_valid_main_smin_acc": 0.5398229956626892,
	"best_valid_main_pdelta": 0.025174304842948914,
	"best_train_main_random_metric": 673.7138061523438
}