{
	"best_train_main_metric": 1514.210205078125,
	"best_valid_main_acc": 0.746490478515625,
	"best_valid_main_smin_acc": 0.4661017060279846,
	"best_valid_main_pdelta": 0.3203595280647278,
	"best_train_main_random_metric": 1513.0347900390625
}