{
	"best_train_main_metric": 1479.2313232421875,
	"best_valid_main_acc": 0.7477477192878723,
	"best_valid_main_smin_acc": 0.6967213153839111,
	"best_valid_main_pdelta": 0.0026267243083566427,
	"best_train_main_random_metric": 2099.91015625
}