{
	"best_train_main_metric": 986.1755981445312,
	"best_valid_main_acc": 0.7361647486686707,
	"best_valid_main_smin_acc": 0.6557376980781555,
	"best_valid_main_pdelta": 0.022793810814619064,
	"best_train_main_random_metric": 986.4639892578125
}