{
	"best_train_main_metric": 9.295059204101562,
	"best_valid_main_acc": 0.7941392064094543,
	"best_valid_main_smin_acc": 0.5576208233833313,
	"best_valid_main_pdelta": 0.4563423693180084,
	"best_train_main_random_metric": 31969.455078125
}