{
	"best_train_main_metric": 1618.471923828125,
	"best_valid_main_acc": 0.7890110015869141,
	"best_valid_main_smin_acc": 0.4767025113105774,
	"best_valid_main_pdelta": 0.22825820744037628,
	"best_train_main_random_metric": 4526.0234375
}