{
	"best_train_main_metric": 1668.2901611328125,
	"best_valid_main_acc": 0.6652014851570129,
	"best_valid_main_smin_acc": 0.5053763389587402,
	"best_valid_main_pdelta": 0.21913446485996246,
	"best_train_main_random_metric": 1712.5953369140625
}