{
	"best_train_main_metric": 15693.734375,
	"best_valid_main_acc": 0.4871794879436493,
	"best_valid_main_smin_acc": 0.4644128084182739,
	"best_valid_main_pdelta": 0.05865590274333954,
	"best_train_main_random_metric": 10.624910354614258
}