{
	"best_train_main_metric": 1919.124267578125,
	"best_valid_main_acc": 0.6726457476615906,
	"best_valid_main_smin_acc": 0.5670329928398132,
	"best_valid_main_pdelta": 0.19945351779460907,
	"best_train_main_random_metric": 1941.11181640625
}