{
	"best_train_main_metric": 4559.1728515625,
	"best_valid_main_acc": 0.7307692170143127,
	"best_valid_main_smin_acc": 0.09424083679914474,
	"best_valid_main_pdelta": 0.0194302536547184,
	"best_train_main_random_metric": 6182.46923828125
}