{
	"best_train_main_metric": 5418.15673828125,
	"best_valid_main_acc": 0.4922161102294922,
	"best_valid_main_smin_acc": 0.4839506149291992,
	"best_valid_main_pdelta": 1.3905022910876141e-08,
	"best_train_main_random_metric": 5418.41552734375
}