{
	"best_train_main_metric": 4719.8720703125,
	"best_valid_main_acc": 0.622710645198822,
	"best_valid_main_smin_acc": 0.4345678985118866,
	"best_valid_main_pdelta": 0.19911189377307892,
	"best_train_main_random_metric": 5373.84716796875
}