{
	"best_train_main_metric": 8.694355964660645,
	"best_valid_main_acc": 0.8232865333557129,
	"best_valid_main_smin_acc": 0.3962264060974121,
	"best_valid_main_pdelta": 0.4874502122402191,
	"best_train_main_random_metric": 19070.78515625
}