{
	"best_train_main_metric": 1204.0465087890625,
	"best_valid_main_acc": 0.7773487567901611,
	"best_valid_main_smin_acc": 0.7377049326896667,
	"best_valid_main_pdelta": 0.003762422828003764,
	"best_train_main_random_metric": 2303.24462890625
}