{
	"best_train_main_metric": 985.9283447265625,
	"best_valid_main_acc": 0.7528957724571228,
	"best_valid_main_smin_acc": 0.6598360538482666,
	"best_valid_main_pdelta": 0.026484379544854164,
	"best_train_main_random_metric": 986.5994873046875
}