{
	"best_train_main_metric": 19292.865234375,
	"best_valid_main_acc": 0.48914286494255066,
	"best_valid_main_smin_acc": 0.5159817337989807,
	"best_valid_main_pdelta": 0.027581950649619102,
	"best_train_main_random_metric": 1.9495811462402344
}