{
	"best_train_main_metric": 0.0272885300219059,
	"best_valid_main_acc": 0.807692289352417,
	"best_valid_main_smin_acc": 0.5897436141967773,
	"best_valid_main_pdelta": 0.039262592792510986,
	"best_train_main_random_metric": 10999.869140625
}