{
	"best_train_main_metric": 0.02928297035396099,
	"best_valid_main_acc": 0.8150182962417603,
	"best_valid_main_smin_acc": 0.5726495981216431,
	"best_valid_main_pdelta": 0.04347619041800499,
	"best_train_main_random_metric": 11051.4404296875
}