{
	"best_train_main_metric": 9.282062530517578,
	"best_valid_main_acc": 0.7758241891860962,
	"best_valid_main_smin_acc": 0.48327139019966125,
	"best_valid_main_pdelta": 0.4297860264778137,
	"best_train_main_random_metric": 30933.591796875
}