{
	"best_train_main_metric": 3.344142198562622,
	"best_valid_main_acc": 0.8080000281333923,
	"best_valid_main_smin_acc": 0.835616409778595,
	"best_valid_main_pdelta": 0.011682339943945408,
	"best_train_main_random_metric": 19831.142578125
}