{
	"best_train_main_metric": 29649.873046875,
	"best_valid_main_acc": 0.4879120886325836,
	"best_valid_main_smin_acc": 0.4972972869873047,
	"best_valid_main_pdelta": 0.4492010772228241,
	"best_train_main_random_metric": 84.30206298828125
}