{
	"best_train_main_metric": 26.739477157592773,
	"best_valid_main_acc": 0.742472767829895,
	"best_valid_main_smin_acc": 0.5809935331344604,
	"best_valid_main_pdelta": 0.46116918325424194,
	"best_train_main_random_metric": 26440.7578125
}