{
	"best_train_main_metric": 8780.8896484375,
	"best_valid_main_acc": 0.5072463750839233,
	"best_valid_main_smin_acc": 0.6491228342056274,
	"best_valid_main_pdelta": 0.025448817759752274,
	"best_train_main_random_metric": 1.5002628564834595
}