{
	"best_train_main_metric": 1.4135315418243408,
	"best_valid_main_acc": 0.8159587979316711,
	"best_valid_main_smin_acc": 0.7049180269241333,
	"best_valid_main_pdelta": 0.03775818273425102,
	"best_train_main_random_metric": 17784.064453125
}