{
	"best_train_main_metric": 1163.7607421875,
	"best_valid_main_acc": 0.6494505405426025,
	"best_valid_main_smin_acc": 0.5828877091407776,
	"best_valid_main_pdelta": 0.015848830342292786,
	"best_train_main_random_metric": 1163.719970703125
}