{
	"best_train_main_metric": 24858.208984375,
	"best_valid_main_acc": 0.514194130897522,
	"best_valid_main_smin_acc": 0.5135378837585449,
	"best_valid_main_pdelta": 0.4452766478061676,
	"best_train_main_random_metric": 129.9636688232422
}