{
	"best_train_main_metric": 3647.21533203125,
	"best_valid_main_acc": 0.6593406796455383,
	"best_valid_main_smin_acc": 0.3185185194015503,
	"best_valid_main_pdelta": 0.284659743309021,
	"best_train_main_random_metric": 8386.576171875
}