{
	"best_train_main_metric": 3777.677490234375,
	"best_valid_main_acc": 0.653388261795044,
	"best_valid_main_smin_acc": 0.33037036657333374,
	"best_valid_main_pdelta": 0.28993186354637146,
	"best_train_main_random_metric": 9664.1591796875
}