{
	"best_train_main_metric": 10935.0087890625,
	"best_valid_main_acc": 0.49267399311065674,
	"best_valid_main_smin_acc": 0.5370370149612427,
	"best_valid_main_pdelta": 0.024724066257476807,
	"best_train_main_random_metric": 2.0192606449127197
}