{
	"best_train_main_metric": 10856.5478515625,
	"best_valid_main_acc": 0.5109890103340149,
	"best_valid_main_smin_acc": 0.5593220591545105,
	"best_valid_main_pdelta": 0.029940929263830185,
	"best_train_main_random_metric": 3.8839457035064697
}