{
	"best_train_main_metric": 986.760009765625,
	"best_valid_main_acc": 0.7714285850524902,
	"best_valid_main_smin_acc": 0.7379679083824158,
	"best_valid_main_pdelta": 0.005955175496637821,
	"best_train_main_random_metric": 3438.67236328125
}