{
	"best_train_main_metric": 1161.6619873046875,
	"best_valid_main_acc": 0.6571428775787354,
	"best_valid_main_smin_acc": 0.6176470518112183,
	"best_valid_main_pdelta": 0.01833905465900898,
	"best_train_main_random_metric": 1163.3919677734375
}