{
	"best_train_main_metric": 3869.10400390625,
	"best_valid_main_acc": 0.5086482763290405,
	"best_valid_main_smin_acc": 0.4773218035697937,
	"best_valid_main_pdelta": 0.0017311220290139318,
	"best_train_main_random_metric": 3868.429443359375
}