{
	"best_train_main_metric": 454.8157958984375,
	"best_valid_main_acc": 0.5898617506027222,
	"best_valid_main_smin_acc": 0.2602739632129669,
	"best_valid_main_pdelta": 0.30548223853111267,
	"best_train_main_random_metric": 656.4086303710938
}