{
	"best_train_main_metric": 13730.4609375,
	"best_valid_main_acc": 0.5096524953842163,
	"best_valid_main_smin_acc": 0.5793991684913635,
	"best_valid_main_pdelta": 0.030708663165569305,
	"best_train_main_random_metric": 5.636023044586182
}