{
	"best_train_main_metric": 7.9316277503967285,
	"best_valid_main_acc": 0.8232865333557129,
	"best_valid_main_smin_acc": 0.44354838132858276,
	"best_valid_main_pdelta": 0.4604471027851105,
	"best_train_main_random_metric": 22673.837890625
}