{
	"best_train_main_metric": 17285.435546875,
	"best_valid_main_acc": 0.46263736486434937,
	"best_valid_main_smin_acc": 0.4732620418071747,
	"best_valid_main_pdelta": 0.06967151165008545,
	"best_train_main_random_metric": 2.9971673488616943
}