{
	"best_train_main_metric": 0.01942618191242218,
	"best_valid_main_acc": 0.80989009141922,
	"best_valid_main_smin_acc": 0.7440476417541504,
	"best_valid_main_pdelta": 0.024395331740379333,
	"best_train_main_random_metric": 21049.90234375
}