{
	"best_train_main_metric": 0.020281624048948288,
	"best_valid_main_acc": 0.807692289352417,
	"best_valid_main_smin_acc": 0.7172619104385376,
	"best_valid_main_pdelta": 0.023587528616189957,
	"best_train_main_random_metric": 20816.169921875
}