{
	"best_train_main_metric": 11379.609375,
	"best_valid_main_acc": 0.5080077052116394,
	"best_valid_main_smin_acc": 0.5701943635940552,
	"best_valid_main_pdelta": 0.46006664633750916,
	"best_train_main_random_metric": 1705.0113525390625
}