{
	"best_train_main_metric": 5259.7314453125,
	"best_valid_main_acc": 0.5979853272438049,
	"best_valid_main_smin_acc": 0.4592074453830719,
	"best_valid_main_pdelta": 0.0269601009786129,
	"best_train_main_random_metric": 5441.603515625
}