{
	"best_train_main_metric": 8743.712890625,
	"best_valid_main_acc": 0.4625850319862366,
	"best_valid_main_smin_acc": 0.6000000238418579,
	"best_valid_main_pdelta": 0.030395282432436943,
	"best_train_main_random_metric": 1.4550682306289673
}