{
	"best_train_main_metric": 892.9714965820312,
	"best_valid_main_acc": 0.7390109896659851,
	"best_valid_main_smin_acc": 0.7424749135971069,
	"best_valid_main_pdelta": 0.014712776988744736,
	"best_train_main_random_metric": 892.298583984375
}