{
	"best_train_main_metric": 3082.126953125,
	"best_valid_main_acc": 0.7076923251152039,
	"best_valid_main_smin_acc": 0.6002691984176636,
	"best_valid_main_pdelta": 0.10379718244075775,
	"best_train_main_random_metric": 4873.9658203125
}