{
	"best_train_main_metric": 25257.5859375,
	"best_valid_main_acc": 0.4936363697052002,
	"best_valid_main_smin_acc": 0.4166666567325592,
	"best_valid_main_pdelta": 0.4817488491535187,
	"best_train_main_random_metric": 8.039711952209473
}