{
	"best_train_main_metric": 24020.482421875,
	"best_valid_main_acc": 0.49909090995788574,
	"best_valid_main_smin_acc": 0.20000000298023224,
	"best_valid_main_pdelta": 0.460765540599823,
	"best_train_main_random_metric": 7.946051120758057
}