{
	"best_train_main_metric": 4402.43408203125,
	"best_valid_main_acc": 0.6694139242172241,
	"best_valid_main_smin_acc": 0.5935613512992859,
	"best_valid_main_pdelta": 0.17156970500946045,
	"best_train_main_random_metric": 7118.30029296875
}