{
	"best_train_main_metric": 439.11444091796875,
	"best_valid_main_acc": 0.8189368844032288,
	"best_valid_main_smin_acc": 0.5,
	"best_valid_main_pdelta": 0.015375747345387936,
	"best_train_main_random_metric": 2988.308837890625
}