{
	"best_train_main_metric": 790.7937622070312,
	"best_valid_main_acc": 0.8355481624603271,
	"best_valid_main_smin_acc": 0.3214285671710968,
	"best_valid_main_pdelta": 0.0556243471801281,
	"best_train_main_random_metric": 788.5328369140625
}