{
	"best_train_main_metric": 4565.83349609375,
	"best_valid_main_acc": 0.6762820482254028,
	"best_valid_main_smin_acc": 0.11855670064687729,
	"best_valid_main_pdelta": 0.17683100700378418,
	"best_train_main_random_metric": 5405.47412109375
}