{
	"best_train_main_metric": 5417.439453125,
	"best_valid_main_acc": 0.514194130897522,
	"best_valid_main_smin_acc": 0.5325112342834473,
	"best_valid_main_pdelta": 3.8038565435272176e-06,
	"best_train_main_random_metric": 5417.33447265625
}