{
	"best_train_main_metric": 4742.79833984375,
	"best_valid_main_acc": 0.6978021860122681,
	"best_valid_main_smin_acc": 0.5381165742874146,
	"best_valid_main_pdelta": 0.0709536224603653,
	"best_train_main_random_metric": 5481.89111328125
}