{
	"best_train_main_metric": 588.767333984375,
	"best_valid_main_acc": 0.41013824939727783,
	"best_valid_main_smin_acc": 0.5151515007019043,
	"best_valid_main_pdelta": 0.13237866759300232,
	"best_train_main_random_metric": 471.88458251953125
}