{
	"best_train_main_metric": 607.5565185546875,
	"best_valid_main_acc": 0.8033125996589661,
	"best_valid_main_smin_acc": 0.2750000059604645,
	"best_valid_main_pdelta": 0.037460457533597946,
	"best_train_main_random_metric": 608.34130859375
}