{
	"best_train_main_metric": 1.4680598974227905,
	"best_valid_main_acc": 0.8188512325286865,
	"best_valid_main_smin_acc": 0.5114504098892212,
	"best_valid_main_pdelta": 0.1041800007224083,
	"best_train_main_random_metric": 13711.478515625
}