{
	"best_train_main_metric": 2.844151258468628,
	"best_valid_main_acc": 0.7659340500831604,
	"best_valid_main_smin_acc": 0.6978609561920166,
	"best_valid_main_pdelta": 0.06581015139818192,
	"best_train_main_random_metric": 20114.685546875
}