{
	"best_train_main_metric": 670.5098876953125,
	"best_valid_main_acc": 0.7607973217964172,
	"best_valid_main_smin_acc": 0.5357142686843872,
	"best_valid_main_pdelta": 0.0047108787111938,
	"best_train_main_random_metric": 2607.669677734375
}