{
	"best_train_main_metric": 786.3792724609375,
	"best_valid_main_acc": 0.8172757625579834,
	"best_valid_main_smin_acc": 0.3214285671710968,
	"best_valid_main_pdelta": 0.0632210522890091,
	"best_train_main_random_metric": 795.427490234375
}