{
	"best_train_main_metric": 22866.578125,
	"best_valid_main_acc": 0.5073260068893433,
	"best_valid_main_smin_acc": 0.5078809261322021,
	"best_valid_main_pdelta": 0.03871658071875572,
	"best_train_main_random_metric": 5.892127513885498
}