{
	"best_train_main_metric": 16881.693359375,
	"best_valid_main_acc": 0.5122265219688416,
	"best_valid_main_smin_acc": 0.48917749524116516,
	"best_valid_main_pdelta": 0.049423620104789734,
	"best_train_main_random_metric": 0.04020411893725395
}