{
	"best_train_main_metric": 45.94023132324219,
	"best_valid_main_acc": 0.6817765831947327,
	"best_valid_main_smin_acc": 0.6450729966163635,
	"best_valid_main_pdelta": 0.434298038482666,
	"best_train_main_random_metric": 36649.76171875
}