{
	"best_train_main_metric": 4177.1455078125,
	"best_valid_main_acc": 0.6739926934242249,
	"best_valid_main_smin_acc": 0.6663594245910645,
	"best_valid_main_pdelta": 0.18568769097328186,
	"best_train_main_random_metric": 7404.2783203125
}