{
	"best_train_main_metric": 4405.85400390625,
	"best_valid_main_acc": 0.6849817037582397,
	"best_valid_main_smin_acc": 0.6903225779533386,
	"best_valid_main_pdelta": 0.13062968850135803,
	"best_train_main_random_metric": 6642.28369140625
}