{
	"best_train_main_metric": 4660.48193359375,
	"best_valid_main_acc": 0.6794871687889099,
	"best_valid_main_smin_acc": 0.15463916957378387,
	"best_valid_main_pdelta": 0.19338665902614594,
	"best_train_main_random_metric": 5319.57666015625
}