{
	"best_train_main_metric": 3005.377685546875,
	"best_valid_main_acc": 0.5194054245948792,
	"best_valid_main_smin_acc": 0.5508474707603455,
	"best_valid_main_pdelta": 0.05306441709399223,
	"best_train_main_random_metric": 2944.45068359375
}