{
	"best_train_main_metric": 4663.95068359375,
	"best_valid_main_acc": 0.7165750861167908,
	"best_valid_main_smin_acc": 0.12390924990177155,
	"best_valid_main_pdelta": 0.006210568826645613,
	"best_train_main_random_metric": 6194.73779296875
}