{
	"best_train_main_metric": 18.140941619873047,
	"best_valid_main_acc": 0.7728937864303589,
	"best_valid_main_smin_acc": 0.4712643623352051,
	"best_valid_main_pdelta": 0.4816390872001648,
	"best_train_main_random_metric": 21998.2890625
}