{
	"best_train_main_metric": 1.3989403247833252,
	"best_valid_main_acc": 0.9471766948699951,
	"best_valid_main_smin_acc": 0.25,
	"best_valid_main_pdelta": 0.2094113826751709,
	"best_train_main_random_metric": 12778.8623046875
}