{
	"best_train_main_metric": 1.3989182710647583,
	"best_valid_main_acc": 0.9508196711540222,
	"best_valid_main_smin_acc": 0.25,
	"best_valid_main_pdelta": 0.19101199507713318,
	"best_train_main_random_metric": 12792.13671875
}