{
	"best_train_main_metric": 21274.466796875,
	"best_valid_main_acc": 0.4652014672756195,
	"best_valid_main_smin_acc": 0.45534151792526245,
	"best_valid_main_pdelta": 0.035633236169815063,
	"best_train_main_random_metric": 5.723608493804932
}