{
	"best_train_main_metric": 3.216830015182495,
	"best_valid_main_acc": 0.8185328245162964,
	"best_valid_main_smin_acc": 0.7254098653793335,
	"best_valid_main_pdelta": 0.08207732439041138,
	"best_train_main_random_metric": 15279.8701171875
}