{
	"best_train_main_metric": 4325.49951171875,
	"best_valid_main_acc": 0.6872710585594177,
	"best_valid_main_smin_acc": 0.2220543771982193,
	"best_valid_main_pdelta": 0.23262381553649902,
	"best_train_main_random_metric": 7853.94677734375
}