{
	"best_train_main_metric": 3935.23291015625,
	"best_valid_main_acc": 0.6648351550102234,
	"best_valid_main_smin_acc": 0.25679758191108704,
	"best_valid_main_pdelta": 0.28476443886756897,
	"best_train_main_random_metric": 11799.251953125
}