{
	"best_train_main_metric": 817.3450317382812,
	"best_valid_main_acc": 0.7599411010742188,
	"best_valid_main_smin_acc": 0.5131579041481018,
	"best_valid_main_pdelta": 0.04312850534915924,
	"best_train_main_random_metric": 816.6288452148438
}