{
	"best_train_main_metric": 655.120361328125,
	"best_valid_main_acc": 0.8291605114936829,
	"best_valid_main_smin_acc": 0.5657894611358643,
	"best_valid_main_pdelta": 0.044711578637361526,
	"best_train_main_random_metric": 2634.318359375
}