{
	"best_train_main_metric": 985.900146484375,
	"best_valid_main_acc": 0.7400257587432861,
	"best_valid_main_smin_acc": 0.6721311211585999,
	"best_valid_main_pdelta": 0.016515104100108147,
	"best_train_main_random_metric": 985.327392578125
}