{
	"best_train_main_metric": 985.4117431640625,
	"best_valid_main_acc": 0.7451737523078918,
	"best_valid_main_smin_acc": 0.631147563457489,
	"best_valid_main_pdelta": 0.016137883067131042,
	"best_train_main_random_metric": 985.8173217773438
}