{
	"best_train_main_metric": 1.971054196357727,
	"best_valid_main_acc": 0.8388278484344482,
	"best_valid_main_smin_acc": 0.6111111044883728,
	"best_valid_main_pdelta": 0.05441033095121384,
	"best_train_main_random_metric": 11624.29296875
}