{
	"best_train_main_metric": 4613.76904296875,
	"best_valid_main_acc": 0.6712453961372375,
	"best_valid_main_smin_acc": 0.4565456509590149,
	"best_valid_main_pdelta": 0.11633843928575516,
	"best_train_main_random_metric": 5711.8408203125
}