{
	"best_train_main_metric": 4726.69189453125,
	"best_valid_main_acc": 0.6978021860122681,
	"best_valid_main_smin_acc": 0.4532453119754791,
	"best_valid_main_pdelta": 0.07346948981285095,
	"best_train_main_random_metric": 5757.916015625
}