{
	"best_train_main_metric": 2.8475143909454346,
	"best_valid_main_acc": 0.7953668236732483,
	"best_valid_main_smin_acc": 0.688524603843689,
	"best_valid_main_pdelta": 0.07066801935434341,
	"best_train_main_random_metric": 17217.685546875
}