{
	"best_train_main_metric": 10372.9638671875,
	"best_valid_main_acc": 0.46997928619384766,
	"best_valid_main_smin_acc": 0.6000000238418579,
	"best_valid_main_pdelta": 0.04328750818967819,
	"best_train_main_random_metric": 0.039392419159412384
}