{
	"best_train_main_metric": 965.0232543945312,
	"best_valid_main_acc": 0.7780219912528992,
	"best_valid_main_smin_acc": 0.7023809552192688,
	"best_valid_main_pdelta": 0.029521161690354347,
	"best_train_main_random_metric": 3813.055419921875
}