{
	"best_train_main_metric": 1127.6954345703125,
	"best_valid_main_acc": 0.7109889984130859,
	"best_valid_main_smin_acc": 0.663690447807312,
	"best_valid_main_pdelta": 0.02669541910290718,
	"best_train_main_random_metric": 1129.137939453125
}