{
	"best_train_main_metric": 3883.48681640625,
	"best_valid_main_acc": 0.6433150172233582,
	"best_valid_main_smin_acc": 0.5021882057189941,
	"best_valid_main_pdelta": 0.2388087809085846,
	"best_train_main_random_metric": 8101.22900390625
}