{
	"best_train_main_metric": 4054.763671875,
	"best_valid_main_acc": 0.6639193892478943,
	"best_valid_main_smin_acc": 0.4792122542858124,
	"best_valid_main_pdelta": 0.22054770588874817,
	"best_train_main_random_metric": 8528.626953125
}