{
	"best_train_main_metric": 985.8311157226562,
	"best_valid_main_acc": 0.7065637111663818,
	"best_valid_main_smin_acc": 0.5737704634666443,
	"best_valid_main_pdelta": 0.025979720056056976,
	"best_train_main_random_metric": 986.782470703125
}