{
	"best_train_main_metric": 1447.1676025390625,
	"best_valid_main_acc": 0.760617733001709,
	"best_valid_main_smin_acc": 0.7049180269241333,
	"best_valid_main_pdelta": 0.0017879792721942067,
	"best_train_main_random_metric": 2094.809326171875
}