{
	"best_train_main_metric": 4546.5849609375,
	"best_valid_main_acc": 0.7284798622131348,
	"best_valid_main_smin_acc": 0.6413043737411499,
	"best_valid_main_pdelta": 0.020612899214029312,
	"best_train_main_random_metric": 6248.47216796875
}