{
	"best_train_main_metric": 21.03719711303711,
	"best_valid_main_acc": 0.7431133985519409,
	"best_valid_main_smin_acc": 0.5978022217750549,
	"best_valid_main_pdelta": 0.44605860114097595,
	"best_train_main_random_metric": 25303.685546875
}