{
	"best_train_main_metric": 519.4722290039062,
	"best_valid_main_acc": 0.557603657245636,
	"best_valid_main_smin_acc": 0.5555555820465088,
	"best_valid_main_pdelta": 0.0007511719013564289,
	"best_train_main_random_metric": 549.593505859375
}