{
	"best_train_main_metric": 23347.40625,
	"best_valid_main_acc": 0.4928571283817291,
	"best_valid_main_smin_acc": 0.5014326572418213,
	"best_valid_main_pdelta": 0.45957791805267334,
	"best_train_main_random_metric": 84.56884765625
}