{
	"best_train_main_metric": 4273.37890625,
	"best_valid_main_acc": 0.7847985625267029,
	"best_train_main_random_metric": 5889.6005859375
}