{
	"best_train_main_metric": 8.087810516357422,
	"best_valid_main_acc": 0.7699633836746216,
	"best_valid_main_smin_acc": 0.46236559748649597,
	"best_valid_main_pdelta": 0.4325352907180786,
	"best_train_main_random_metric": 30276.423828125
}