{
	"best_train_main_metric": 23188.3203125,
	"best_valid_main_acc": 0.4761904776096344,
	"best_valid_main_smin_acc": 0.5495867729187012,
	"best_valid_main_pdelta": 0.46788233518600464,
	"best_train_main_random_metric": 17.01470947265625
}