{
	"best_train_main_metric": 1532.703369140625,
	"best_valid_main_acc": 0.5747316479682922,
	"best_valid_main_smin_acc": 0.3720930218696594,
	"best_valid_main_pdelta": 0.1787051111459732,
	"best_train_main_random_metric": 1530.6112060546875
}