{
	"best_train_main_metric": 28958.60546875,
	"best_valid_main_acc": 0.48937729001045227,
	"best_valid_main_smin_acc": 0.49814125895500183,
	"best_valid_main_pdelta": 0.4378313422203064,
	"best_train_main_random_metric": 13.167769432067871
}