{
	"best_train_main_metric": 11502.201171875,
	"best_valid_main_acc": 0.5136436820030212,
	"best_valid_main_smin_acc": 0.41436463594436646,
	"best_valid_main_pdelta": 0.032406166195869446,
	"best_train_main_random_metric": 2.060716390609741
}