{
	"best_train_main_metric": 4441.1044921875,
	"best_valid_main_acc": 0.651098906993866,
	"best_valid_main_smin_acc": 0.17636683583259583,
	"best_valid_main_pdelta": 0.21711108088493347,
	"best_train_main_random_metric": 5339.58447265625
}