{
	"best_train_main_metric": 3901.91748046875,
	"best_valid_main_acc": 0.6698718070983887,
	"best_valid_main_smin_acc": 0.41118013858795166,
	"best_valid_main_pdelta": 0.2912483811378479,
	"best_train_main_random_metric": 11000.7109375
}