{
	"best_train_main_metric": 3847.58837890625,
	"best_valid_main_acc": 0.680402934551239,
	"best_valid_main_smin_acc": 0.42360249161720276,
	"best_valid_main_pdelta": 0.21942706406116486,
	"best_train_main_random_metric": 9099.875
}