{
	"best_train_main_metric": 3374.34912109375,
	"best_valid_main_acc": 0.6791208982467651,
	"best_valid_main_smin_acc": 0.4712643623352051,
	"best_valid_main_pdelta": 0.0011069310130551457,
	"best_train_main_random_metric": 3384.630126953125
}