{
	"best_train_main_metric": 4945.10693359375,
	"best_valid_main_acc": 0.6680402755737305,
	"best_valid_main_smin_acc": 0.6133603453636169,
	"best_valid_main_pdelta": 0.005918055772781372,
	"best_train_main_random_metric": 5599.73828125
}