{
	"best_train_main_metric": 4296.48291015625,
	"best_valid_main_acc": 0.6794871687889099,
	"best_valid_main_smin_acc": 0.5662147998809814,
	"best_valid_main_pdelta": 0.2416730523109436,
	"best_train_main_random_metric": 8578.6357421875
}