{
	"best_train_main_metric": 4053.501708984375,
	"best_valid_main_acc": 0.6607142686843872,
	"best_valid_main_smin_acc": 0.5954118967056274,
	"best_valid_main_pdelta": 0.25615909695625305,
	"best_train_main_random_metric": 10495.78515625
}