{
	"best_train_main_metric": 1160.326171875,
	"best_valid_main_acc": 0.7208791375160217,
	"best_valid_main_smin_acc": 0.6657754182815552,
	"best_valid_main_pdelta": 0.01732579991221428,
	"best_train_main_random_metric": 1164.4876708984375
}