{
	"best_train_main_metric": 1161.671630859375,
	"best_valid_main_acc": 0.7230769395828247,
	"best_valid_main_smin_acc": 0.6684492230415344,
	"best_valid_main_pdelta": 0.020609665662050247,
	"best_train_main_random_metric": 1163.159912109375
}