{
	"best_train_main_metric": 705.4722900390625,
	"best_valid_main_acc": 0.868852436542511,
	"best_valid_main_smin_acc": 0.4000000059604645,
	"best_valid_main_pdelta": 0.08691449463367462,
	"best_train_main_random_metric": 712.1486206054688
}