{
	"best_train_main_metric": 599.5142211914062,
	"best_valid_main_acc": 0.817850649356842,
	"best_valid_main_smin_acc": 0.4000000059604645,
	"best_valid_main_pdelta": 0.007894480600953102,
	"best_train_main_random_metric": 2501.83056640625
}