{
	"best_train_main_metric": 505.56097412109375,
	"best_valid_main_acc": 0.5622119903564453,
	"best_valid_main_smin_acc": 0.939393937587738,
	"best_valid_main_pdelta": 0.00654591666534543,
	"best_train_main_random_metric": 560.5475463867188
}