{
	"best_train_main_metric": 2733.75537109375,
	"best_valid_main_acc": 0.5181818008422852,
	"best_valid_main_smin_acc": 0.6666666865348816,
	"best_valid_main_pdelta": 0.0013361898018047214,
	"best_train_main_random_metric": 2737.554931640625
}