{
	"best_train_main_metric": 1365.755126953125,
	"best_valid_main_acc": 0.7827273011207581,
	"best_valid_main_smin_acc": 0.2222222238779068,
	"best_valid_main_pdelta": 0.18602794408798218,
	"best_train_main_random_metric": 1369.2393798828125
}