{
	"best_train_main_metric": 19.639787673950195,
	"best_valid_main_acc": 0.7540038228034973,
	"best_valid_main_smin_acc": 0.5846154093742371,
	"best_valid_main_pdelta": 0.4420795738697052,
	"best_train_main_random_metric": 30158.728515625
}