{
	"best_train_main_metric": 583.495849609375,
	"best_valid_main_acc": 0.43317973613739014,
	"best_valid_main_smin_acc": 0.5333333611488342,
	"best_valid_main_pdelta": 0.13887915015220642,
	"best_train_main_random_metric": 494.054931640625
}