{
	"best_train_main_metric": 985.5877075195312,
	"best_valid_main_acc": 0.7400257587432861,
	"best_valid_main_smin_acc": 0.6434426307678223,
	"best_valid_main_pdelta": 0.016313355416059494,
	"best_train_main_random_metric": 985.6355590820312
}