{
	"best_train_main_metric": 1248.096435546875,
	"best_valid_main_acc": 0.761904776096344,
	"best_valid_main_smin_acc": 0.688524603843689,
	"best_valid_main_pdelta": 0.00489673251286149,
	"best_train_main_random_metric": 2224.192138671875
}