{
	"best_train_main_metric": 4248.6748046875,
	"best_valid_main_acc": 0.6987179517745972,
	"best_valid_main_smin_acc": 0.2526315748691559,
	"best_valid_main_pdelta": 0.19543488323688507,
	"best_train_main_random_metric": 7578.51513671875
}