{
	"best_train_main_metric": 4192.36865234375,
	"best_valid_main_acc": 0.6863552927970886,
	"best_valid_main_smin_acc": 0.272180438041687,
	"best_valid_main_pdelta": 0.18744875490665436,
	"best_train_main_random_metric": 7369.62548828125
}