{
	"best_train_main_metric": 3971.549072265625,
	"best_valid_main_acc": 0.6744505763053894,
	"best_valid_main_smin_acc": 0.21903322637081146,
	"best_valid_main_pdelta": 0.3331449329853058,
	"best_train_main_random_metric": 11407.380859375
}