{
	"best_train_main_metric": 3834.727294921875,
	"best_valid_main_acc": 0.6698718070983887,
	"best_valid_main_smin_acc": 0.22356495261192322,
	"best_valid_main_pdelta": 0.26758214831352234,
	"best_train_main_random_metric": 10546.8359375
}