{
	"best_train_main_metric": 2.8803775310516357,
	"best_valid_main_acc": 0.8282411098480225,
	"best_valid_main_smin_acc": 0.43396225571632385,
	"best_valid_main_pdelta": 0.5193056464195251,
	"best_train_main_random_metric": 25760.970703125
}