{
	"best_train_main_metric": 1.4042257070541382,
	"best_valid_main_acc": 0.9453551769256592,
	"best_valid_main_smin_acc": 0.25,
	"best_valid_main_pdelta": 0.19962748885154724,
	"best_train_main_random_metric": 12299.7080078125
}