{
	"best_train_main_metric": 32.58830642700195,
	"best_valid_main_acc": 0.7049450278282166,
	"best_valid_main_smin_acc": 0.5948855876922607,
	"best_valid_main_pdelta": 0.37986379861831665,
	"best_train_main_random_metric": 29590.67578125
}