{
	"best_train_main_metric": 735.4055786132812,
	"best_valid_main_acc": 0.8272425532341003,
	"best_valid_main_smin_acc": 0.38333332538604736,
	"best_valid_main_pdelta": 0.05915223807096481,
	"best_train_main_random_metric": 738.385498046875
}