{
	"best_train_main_metric": 736.4444580078125,
	"best_valid_main_acc": 0.8189368844032288,
	"best_valid_main_smin_acc": 0.4166666567325592,
	"best_valid_main_pdelta": 0.07032470405101776,
	"best_train_main_random_metric": 737.678466796875
}