{
	"best_train_main_metric": 4040.591796875,
	"best_valid_main_acc": 0.6611721515655518,
	"best_valid_main_smin_acc": 0.39259257912635803,
	"best_valid_main_pdelta": 0.2829701602458954,
	"best_train_main_random_metric": 10399.7880859375
}