{
	"best_train_main_metric": 32714.498046875,
	"best_valid_main_acc": 0.5036630034446716,
	"best_valid_main_smin_acc": 0.5257249474525452,
	"best_valid_main_pdelta": 0.49291306734085083,
	"best_train_main_random_metric": 117.61619567871094
}