{
	"best_train_main_metric": 0.013771233148872852,
	"best_valid_main_acc": 0.8799999952316284,
	"best_valid_main_smin_acc": 0.2222222238779068,
	"best_valid_main_pdelta": 0.5169574618339539,
	"best_train_main_random_metric": 27076.501953125
}