{
	"best_train_main_metric": 26558.515625,
	"best_valid_main_acc": 0.49963369965553284,
	"best_valid_main_smin_acc": 0.5304659605026245,
	"best_valid_main_pdelta": 0.45869672298431396,
	"best_train_main_random_metric": 13.138136863708496
}