{
	"best_train_main_metric": 5416.6220703125,
	"best_valid_main_acc": 0.4922161102294922,
	"best_valid_main_smin_acc": 0.4922657012939453,
	"best_valid_main_pdelta": 0.0006149090477265418,
	"best_train_main_random_metric": 5426.64892578125
}