{
	"best_train_main_metric": 607.501708984375,
	"best_valid_main_acc": 0.8115941882133484,
	"best_valid_main_smin_acc": 0.42500001192092896,
	"best_valid_main_pdelta": 0.035809945315122604,
	"best_train_main_random_metric": 608.7099609375
}