{
	"best_train_main_metric": 866.6390380859375,
	"best_valid_main_acc": 0.7599411010742188,
	"best_valid_main_smin_acc": 0.5555555820465088,
	"best_valid_main_pdelta": 0.027476759627461433,
	"best_train_main_random_metric": 866.0694580078125
}