{
	"best_train_main_metric": 539.0194091796875,
	"best_valid_main_acc": 0.8247422575950623,
	"best_valid_main_smin_acc": 0.5902777910232544,
	"best_valid_main_pdelta": 0.03751140460371971,
	"best_train_main_random_metric": 2750.272216796875
}