{
	"best_train_main_metric": 23757.154296875,
	"best_valid_main_acc": 0.4844322204589844,
	"best_valid_main_smin_acc": 0.4956217110157013,
	"best_valid_main_pdelta": 0.042545076459646225,
	"best_train_main_random_metric": 5.6673264503479
}