{
	"best_train_main_metric": 4809.61083984375,
	"best_valid_main_acc": 0.6149267554283142,
	"best_valid_main_smin_acc": 0.5142232179641724,
	"best_valid_main_pdelta": 0.17003580927848816,
	"best_train_main_random_metric": 5349.9091796875
}