{
	"best_train_main_metric": 5418.12451171875,
	"best_valid_main_acc": 0.4922161102294922,
	"best_valid_main_smin_acc": 0.49343544244766235,
	"best_valid_main_pdelta": 4.385472038848093e-07,
	"best_train_main_random_metric": 5418.37548828125
}