{
	"best_train_main_metric": 526.9197387695312,
	"best_valid_main_acc": 0.5760368704795837,
	"best_valid_main_smin_acc": 0.7166666388511658,
	"best_valid_main_pdelta": 0.0012240142095834017,
	"best_train_main_random_metric": 549.549072265625
}