{
	"best_train_main_metric": 1.4552823305130005,
	"best_valid_main_acc": 0.7953668236732483,
	"best_valid_main_smin_acc": 0.6480686664581299,
	"best_valid_main_pdelta": 0.07402375340461731,
	"best_train_main_random_metric": 15730.916015625
}