{
	"best_train_main_metric": 1490.7337646484375,
	"best_valid_main_acc": 0.6672171950340271,
	"best_valid_main_smin_acc": 0.3613138794898987,
	"best_valid_main_pdelta": 0.16271427273750305,
	"best_train_main_random_metric": 1497.7066650390625
}