{
	"best_train_main_metric": 1368.80224609375,
	"best_valid_main_acc": 0.778181791305542,
	"best_valid_main_smin_acc": 0.23076923191547394,
	"best_valid_main_pdelta": 0.27832311391830444,
	"best_train_main_random_metric": 1376.7073974609375
}