{
	"best_train_main_metric": 616.1587524414062,
	"best_valid_main_acc": 0.7660455703735352,
	"best_valid_main_smin_acc": 0.5614035129547119,
	"best_valid_main_pdelta": 0.019158290699124336,
	"best_train_main_random_metric": 612.9874877929688
}