{
	"best_train_main_metric": 21363.2734375,
	"best_valid_main_acc": 0.48914286494255066,
	"best_valid_main_smin_acc": 0.4895104765892029,
	"best_valid_main_pdelta": 0.02038937248289585,
	"best_train_main_random_metric": 2.045004367828369
}