{
	"best_train_main_metric": 13984.048828125,
	"best_valid_main_acc": 0.43355482816696167,
	"best_valid_main_smin_acc": 0.5714285969734192,
	"best_valid_main_pdelta": 0.0699315145611763,
	"best_train_main_random_metric": 0.04321812093257904
}