{
	"best_train_main_metric": 14332.3193359375,
	"best_valid_main_acc": 0.4435215890407562,
	"best_valid_main_smin_acc": 0.4821428656578064,
	"best_valid_main_pdelta": 0.06311968713998795,
	"best_train_main_random_metric": 0.03617359325289726
}