{
	"best_train_main_metric": 9.753729820251465,
	"best_valid_main_acc": 0.7450549602508545,
	"best_valid_main_smin_acc": 0.4265232980251312,
	"best_valid_main_pdelta": 0.4614233076572418,
	"best_train_main_random_metric": 24761.369140625
}