{
	"best_train_main_metric": 1917.5797119140625,
	"best_valid_main_acc": 0.8190909028053284,
	"best_valid_main_smin_acc": 0.4615384638309479,
	"best_valid_main_pdelta": 0.09192206710577011,
	"best_train_main_random_metric": 2930.6708984375
}