{
	"best_train_main_metric": 4476.6435546875,
	"best_valid_main_acc": 0.7284798622131348,
	"best_valid_main_smin_acc": 0.5438401699066162,
	"best_valid_main_pdelta": 0.05113112926483154,
	"best_train_main_random_metric": 6474.36328125
}