{
	"best_train_main_metric": 17530.806640625,
	"best_valid_main_acc": 0.5241758227348328,
	"best_valid_main_smin_acc": 0.523809552192688,
	"best_valid_main_pdelta": 0.04633320868015289,
	"best_train_main_random_metric": 1.5408772230148315
}