{
	"best_train_main_metric": 19290.55859375,
	"best_valid_main_acc": 0.5230769515037537,
	"best_valid_main_smin_acc": 0.5267857313156128,
	"best_valid_main_pdelta": 0.04574250057339668,
	"best_train_main_random_metric": 1.5028120279312134
}