{
	"best_train_main_metric": 521.9041748046875,
	"best_valid_main_acc": 0.5760368704795837,
	"best_valid_main_smin_acc": 0.649350643157959,
	"best_valid_main_pdelta": 0.005766980815678835,
	"best_train_main_random_metric": 555.3714599609375
}