{
	"best_train_main_metric": 0.023823171854019165,
	"best_valid_main_acc": 0.9234972596168518,
	"best_valid_main_smin_acc": 0.4000000059604645,
	"best_valid_main_pdelta": 0.1264561414718628,
	"best_train_main_random_metric": 12133.71484375
}