{
	"best_train_main_metric": 676.9537353515625,
	"best_valid_main_acc": 0.8925318717956543,
	"best_valid_main_smin_acc": 0.5,
	"best_valid_main_pdelta": 0.060751721262931824,
	"best_train_main_random_metric": 677.566162109375
}