{
	"best_train_main_metric": 1020.7478637695312,
	"best_valid_main_acc": 0.7595628499984741,
	"best_valid_main_smin_acc": 0.625,
	"best_valid_main_pdelta": 0.004834773484617472,
	"best_train_main_random_metric": 1475.61865234375
}