{
	"best_train_main_metric": 1.442267656326294,
	"best_valid_main_acc": 0.819597065448761,
	"best_valid_main_smin_acc": 0.8281853199005127,
	"best_valid_main_pdelta": 0.01858947053551674,
	"best_train_main_random_metric": 23789.9375
}