{
	"best_train_main_metric": 11108.642578125,
	"best_valid_main_acc": 0.5365448594093323,
	"best_valid_main_smin_acc": 0.5833333134651184,
	"best_valid_main_pdelta": 0.051921579986810684,
	"best_train_main_random_metric": 3.024712324142456
}