{
	"best_train_main_metric": 16764.423828125,
	"best_valid_main_acc": 0.4990842342376709,
	"best_valid_main_smin_acc": 0.4961389899253845,
	"best_valid_main_pdelta": 0.06507783383131027,
	"best_train_main_random_metric": 19.988351821899414
}