{
	"best_train_main_metric": 490.0574645996094,
	"best_valid_main_acc": 0.5760368704795837,
	"best_valid_main_smin_acc": 0.970588207244873,
	"best_valid_main_pdelta": 0.04549894481897354,
	"best_train_main_random_metric": 562.3182373046875
}