{
	"best_train_main_metric": 4738.15234375,
	"best_valid_main_acc": 0.6776556968688965,
	"best_valid_main_smin_acc": 0.4037184715270996,
	"best_valid_main_pdelta": 0.1164320707321167,
	"best_train_main_random_metric": 5397.89892578125
}