{
	"best_train_main_metric": 11.500105857849121,
	"best_valid_main_acc": 0.7546444535255432,
	"best_valid_main_smin_acc": 0.5978022217750549,
	"best_valid_main_pdelta": 0.45903000235557556,
	"best_train_main_random_metric": 29083.865234375
}