{
	"best_train_main_metric": 7.0851593017578125,
	"best_valid_main_acc": 0.8026424646377563,
	"best_valid_main_smin_acc": 0.4000000059604645,
	"best_valid_main_pdelta": 0.466597318649292,
	"best_train_main_random_metric": 26063.083984375
}