{
	"best_train_main_metric": 750.3002319335938,
	"best_valid_main_acc": 0.7479935884475708,
	"best_valid_main_smin_acc": 0.6769230961799622,
	"best_valid_main_pdelta": 0.01831233873963356,
	"best_train_main_random_metric": 748.700927734375
}