{
	"best_train_main_metric": 31413.580078125,
	"best_valid_main_acc": 0.47985348105430603,
	"best_valid_main_smin_acc": 0.5031000971794128,
	"best_valid_main_pdelta": 0.4274558424949646,
	"best_train_main_random_metric": 161.84503173828125
}