{
	"best_train_main_metric": 81.60345458984375,
	"best_valid_main_acc": 0.6831501722335815,
	"best_valid_main_smin_acc": 0.6806187629699707,
	"best_valid_main_pdelta": 0.46147775650024414,
	"best_train_main_random_metric": 34699.1953125
}