{
	"best_train_main_metric": 42.29838180541992,
	"best_valid_main_acc": 0.6730769276618958,
	"best_valid_main_smin_acc": 0.6524112820625305,
	"best_valid_main_pdelta": 0.49877768754959106,
	"best_train_main_random_metric": 31099.26171875
}