{
	"best_train_main_metric": 5.770993232727051,
	"best_valid_main_acc": 0.8084228038787842,
	"best_valid_main_smin_acc": 0.4444444477558136,
	"best_valid_main_pdelta": 0.4561225473880768,
	"best_train_main_random_metric": 28144.349609375
}