{
	"best_train_main_metric": 4532.56396484375,
	"best_valid_main_acc": 0.692307710647583,
	"best_valid_main_smin_acc": 0.1358024626970291,
	"best_valid_main_pdelta": 0.16463109850883484,
	"best_train_main_random_metric": 5684.86572265625
}