{
	"best_train_main_metric": 4643.58740234375,
	"best_valid_main_acc": 0.7019230723381042,
	"best_valid_main_smin_acc": 0.10956790298223495,
	"best_valid_main_pdelta": 0.13882507383823395,
	"best_train_main_random_metric": 5765.12451171875
}