{
	"best_train_main_metric": 2.836594820022583,
	"best_valid_main_acc": 0.7902187705039978,
	"best_valid_main_smin_acc": 0.6557376980781555,
	"best_valid_main_pdelta": 0.07531268894672394,
	"best_train_main_random_metric": 17182.572265625
}