{
	"best_train_main_metric": 463.27325439453125,
	"best_valid_main_acc": 0.5437787771224976,
	"best_valid_main_smin_acc": 0.5,
	"best_valid_main_pdelta": 0.12147542834281921,
	"best_train_main_random_metric": 642.0892944335938
}