{
	"best_train_main_metric": 4626.87060546875,
	"best_valid_main_acc": 0.7014651894569397,
	"best_valid_main_smin_acc": 0.1664000004529953,
	"best_valid_main_pdelta": 0.007501328829675913,
	"best_train_main_random_metric": 5812.04736328125
}