{
	"best_train_main_metric": 4700.2763671875,
	"best_valid_main_acc": 0.6927655935287476,
	"best_valid_main_smin_acc": 0.12639999389648438,
	"best_valid_main_pdelta": 0.10904402285814285,
	"best_train_main_random_metric": 5416.3310546875
}