{
	"best_train_main_metric": 10813.88671875,
	"best_valid_main_acc": 0.4972677528858185,
	"best_valid_main_smin_acc": 0.25,
	"best_valid_main_pdelta": 0.038395047187805176,
	"best_train_main_random_metric": 3.0288455486297607
}