{
	"best_train_main_metric": 1080.8260498046875,
	"best_valid_main_acc": 0.7417142987251282,
	"best_valid_main_smin_acc": 0.7575757503509521,
	"best_valid_main_pdelta": 0.016883917152881622,
	"best_train_main_random_metric": 1086.98486328125
}