{
	"best_train_main_metric": 1.4458333253860474,
	"best_valid_main_acc": 0.7889317870140076,
	"best_valid_main_smin_acc": 0.6437768340110779,
	"best_valid_main_pdelta": 0.08180126547813416,
	"best_train_main_random_metric": 16038.2080078125
}