{
	"best_train_main_metric": 4717.8017578125,
	"best_valid_main_acc": 0.654304027557373,
	"best_valid_main_smin_acc": 0.41035857796669006,
	"best_valid_main_pdelta": 0.13077087700366974,
	"best_train_main_random_metric": 5312.56689453125
}