{
	"best_train_main_metric": 716.8245239257812,
	"best_valid_main_acc": 0.8203240036964417,
	"best_valid_main_smin_acc": 0.6030534505844116,
	"best_valid_main_pdelta": 0.07164431363344193,
	"best_train_main_random_metric": 3093.510986328125
}