{
	"best_train_main_metric": 846.3388061523438,
	"best_valid_main_acc": 0.7349042892456055,
	"best_valid_main_smin_acc": 0.47328245639801025,
	"best_valid_main_pdelta": 0.040766164660453796,
	"best_train_main_random_metric": 846.5787353515625
}