{
	"best_train_main_metric": 1943.49658203125,
	"best_valid_main_acc": 0.6015374660491943,
	"best_valid_main_smin_acc": 0.4891696870326996,
	"best_valid_main_pdelta": 0.18753191828727722,
	"best_train_main_random_metric": 1957.5809326171875
}