{
	"best_train_main_metric": 35.14840316772461,
	"best_valid_main_acc": 0.7060439586639404,
	"best_valid_main_smin_acc": 0.614654004573822,
	"best_valid_main_pdelta": 0.4472194015979767,
	"best_train_main_random_metric": 30127.08203125
}