{
	"best_train_main_metric": 1.6488648653030396,
	"best_valid_main_acc": 0.8350515365600586,
	"best_valid_main_smin_acc": 0.6183205842971802,
	"best_valid_main_pdelta": 0.05488858371973038,
	"best_train_main_random_metric": 13829.2431640625
}