{
	"best_train_main_metric": 477.927490234375,
	"best_valid_main_acc": 0.6359447240829468,
	"best_valid_main_smin_acc": 0.17910447716712952,
	"best_valid_main_pdelta": 0.12192416936159134,
	"best_train_main_random_metric": 535.2893676757812
}