{
	"best_train_main_metric": 382.94207763671875,
	"best_valid_main_acc": 0.6082949042320251,
	"best_valid_main_smin_acc": 0.41791045665740967,
	"best_valid_main_pdelta": 0.24057325720787048,
	"best_train_main_random_metric": 434.6333923339844
}