{
	"best_train_main_metric": 18026.751953125,
	"best_valid_main_acc": 0.4681818187236786,
	"best_valid_main_smin_acc": 0.4000000059604645,
	"best_valid_main_pdelta": 0.47462305426597595,
	"best_train_main_random_metric": 16.108549118041992
}