{
	"best_train_main_metric": 1144.534423828125,
	"best_valid_main_acc": 0.7131868004798889,
	"best_valid_main_smin_acc": 0.6752136945724487,
	"best_valid_main_pdelta": 0.022838007658720016,
	"best_train_main_random_metric": 1142.506103515625
}