{
	"best_train_main_metric": 859.04833984375,
	"best_valid_main_acc": 0.7769230604171753,
	"best_valid_main_smin_acc": 0.7663817405700684,
	"best_valid_main_pdelta": 0.009860766120254993,
	"best_train_main_random_metric": 3655.8642578125
}