{
	"best_train_main_metric": 516.5955200195312,
	"best_valid_main_acc": 0.5760368704795837,
	"best_valid_main_smin_acc": 0.6111111044883728,
	"best_valid_main_pdelta": 0.02811294049024582,
	"best_train_main_random_metric": 557.7968139648438
}