{
	"best_train_main_metric": 1.4196277856826782,
	"best_valid_main_acc": 0.8770763874053955,
	"best_valid_main_smin_acc": 0.25999999046325684,
	"best_valid_main_pdelta": 0.1581014096736908,
	"best_train_main_random_metric": 12779.1669921875
}