{
	"best_train_main_metric": 1.4148712158203125,
	"best_valid_main_acc": 0.8754152655601501,
	"best_valid_main_smin_acc": 0.4000000059604645,
	"best_valid_main_pdelta": 0.1572946161031723,
	"best_train_main_random_metric": 13252.9091796875
}