{
	"best_train_main_metric": 979.9142456054688,
	"best_valid_main_acc": 0.7258687019348145,
	"best_valid_main_smin_acc": 0.5844155550003052,
	"best_valid_main_pdelta": 0.021706441417336464,
	"best_train_main_random_metric": 979.718505859375
}