{
	"best_train_main_metric": 894.6325073242188,
	"best_valid_main_acc": 0.6936812996864319,
	"best_valid_main_smin_acc": 0.7056856155395508,
	"best_valid_main_pdelta": 0.011399875394999981,
	"best_train_main_random_metric": 892.2293090820312
}