{
	"best_train_main_metric": 4612.25048828125,
	"best_valid_main_acc": 0.7115384340286255,
	"best_valid_main_smin_acc": 0.1615999937057495,
	"best_valid_main_pdelta": 0.03353426977992058,
	"best_train_main_random_metric": 5829.85595703125
}