{
	"best_train_main_metric": 880.6583251953125,
	"best_valid_main_acc": 0.7657657861709595,
	"best_valid_main_smin_acc": 0.7835497856140137,
	"best_valid_main_pdelta": 0.00455061811953783,
	"best_train_main_random_metric": 2649.506591796875
}