{
	"best_train_main_metric": 979.5458984375,
	"best_valid_main_acc": 0.7297297120094299,
	"best_valid_main_smin_acc": 0.5800865888595581,
	"best_valid_main_pdelta": 0.020631764084100723,
	"best_train_main_random_metric": 980.021728515625
}