{
	"best_train_main_metric": 21.00473976135254,
	"best_valid_main_acc": 0.7148351669311523,
	"best_valid_main_smin_acc": 0.6234482526779175,
	"best_valid_main_pdelta": 0.43972882628440857,
	"best_train_main_random_metric": 32259.986328125
}