{
	"best_train_main_metric": 23259.564453125,
	"best_valid_main_acc": 0.5050366520881653,
	"best_valid_main_smin_acc": 0.5209854245185852,
	"best_valid_main_pdelta": 0.4626210629940033,
	"best_train_main_random_metric": 119.83157348632812
}