{
	"best_train_main_metric": 750.2518920898438,
	"best_valid_main_acc": 0.7640449404716492,
	"best_valid_main_smin_acc": 0.728205144405365,
	"best_valid_main_pdelta": 0.016473542898893356,
	"best_train_main_random_metric": 748.405517578125
}