{
	"best_train_main_metric": 20050.337890625,
	"best_valid_main_acc": 0.4780219793319702,
	"best_valid_main_smin_acc": 0.4864864945411682,
	"best_valid_main_pdelta": 0.04154621437191963,
	"best_train_main_random_metric": 5.474941730499268
}