{
	"best_train_main_metric": 664.2803344726562,
	"best_valid_main_acc": 0.6941391825675964,
	"best_valid_main_smin_acc": 0.5726495981216431,
	"best_valid_main_pdelta": 0.025676202028989792,
	"best_train_main_random_metric": 662.15478515625
}