{
	"best_train_main_metric": 18.01917839050293,
	"best_valid_main_acc": 0.7758241891860962,
	"best_valid_main_smin_acc": 0.4597701132297516,
	"best_valid_main_pdelta": 0.4756253659725189,
	"best_train_main_random_metric": 24968.42578125
}