{
	"best_train_main_metric": 902.8297729492188,
	"best_valid_main_acc": 0.7266483306884766,
	"best_valid_main_smin_acc": 0.6612377762794495,
	"best_valid_main_pdelta": 0.013251522555947304,
	"best_train_main_random_metric": 901.7780151367188
}