{
	"best_train_main_metric": 11666.6162109375,
	"best_valid_main_acc": 0.4972677528858185,
	"best_valid_main_smin_acc": 0.625,
	"best_valid_main_pdelta": 0.06547987461090088,
	"best_train_main_random_metric": 0.04741929471492767
}