{
	"best_train_main_metric": 4585.3115234375,
	"best_valid_main_acc": 0.682692289352417,
	"best_valid_main_smin_acc": 0.4081115424633026,
	"best_valid_main_pdelta": 0.15500444173812866,
	"best_train_main_random_metric": 5433.85400390625
}