{
	"best_train_main_metric": 4740.8955078125,
	"best_valid_main_acc": 0.7156593203544617,
	"best_valid_main_smin_acc": 0.4055766761302948,
	"best_valid_main_pdelta": 0.08206549286842346,
	"best_train_main_random_metric": 5664.27099609375
}