{
	"best_train_main_metric": 4795.78564453125,
	"best_valid_main_acc": 0.7161172032356262,
	"best_valid_main_smin_acc": 0.6984127163887024,
	"best_valid_main_pdelta": 0.054831363260746,
	"best_train_main_random_metric": 5619.681640625
}