{
	"best_train_main_metric": 4628.89013671875,
	"best_valid_main_acc": 0.6785714030265808,
	"best_valid_main_smin_acc": 0.6358024477958679,
	"best_valid_main_pdelta": 0.10900985449552536,
	"best_train_main_random_metric": 5521.90283203125
}