{
	"best_train_main_metric": 737.698974609375,
	"best_valid_main_acc": 0.7192690968513489,
	"best_valid_main_smin_acc": 0.4333333373069763,
	"best_valid_main_pdelta": 0.043919578194618225,
	"best_train_main_random_metric": 737.4881591796875
}