{
	"best_train_main_metric": 544.3731689453125,
	"best_valid_main_acc": 0.7973421812057495,
	"best_valid_main_smin_acc": 0.6333333253860474,
	"best_valid_main_pdelta": 0.015403063036501408,
	"best_train_main_random_metric": 2482.4375
}