{
	"best_train_main_metric": 4600.4404296875,
	"best_valid_main_acc": 0.7179487347602844,
	"best_valid_main_smin_acc": 0.5460599064826965,
	"best_valid_main_pdelta": 0.01679198630154133,
	"best_train_main_random_metric": 6281.87158203125
}