{
	"best_train_main_metric": 613.2338256835938,
	"best_valid_main_acc": 0.7370600700378418,
	"best_valid_main_smin_acc": 0.45614033937454224,
	"best_valid_main_pdelta": 0.020273758098483086,
	"best_train_main_random_metric": 612.279052734375
}