{
	"best_train_main_metric": 10153.216796875,
	"best_valid_main_acc": 0.4863387942314148,
	"best_valid_main_smin_acc": 0.8333333134651184,
	"best_valid_main_pdelta": 0.04784877225756645,
	"best_train_main_random_metric": 2.8845021724700928
}