{
	"best_train_main_metric": 370.79931640625,
	"best_valid_main_acc": 0.8852459192276001,
	"best_valid_main_smin_acc": 0.6000000238418579,
	"best_valid_main_pdelta": 0.030231870710849762,
	"best_train_main_random_metric": 2646.87109375
}