{
	"best_train_main_metric": 704.0258178710938,
	"best_valid_main_acc": 0.8469945192337036,
	"best_valid_main_smin_acc": 0.20000000298023224,
	"best_valid_main_pdelta": 0.06368684768676758,
	"best_train_main_random_metric": 704.9508056640625
}