{
	"best_train_main_metric": 4102.55615234375,
	"best_valid_main_acc": 0.6913919448852539,
	"best_valid_main_smin_acc": 0.10405644029378891,
	"best_valid_main_pdelta": 0.3286711871623993,
	"best_train_main_random_metric": 10145.4453125
}