{
	"best_train_main_metric": 4182.62060546875,
	"best_valid_main_acc": 0.7179487347602844,
	"best_valid_main_smin_acc": 0.0634920671582222,
	"best_valid_main_pdelta": 0.31299957633018494,
	"best_train_main_random_metric": 7824.23681640625
}