{
	"best_train_main_metric": 12920.4521484375,
	"best_valid_main_acc": 0.420265793800354,
	"best_valid_main_smin_acc": 0.5178571343421936,
	"best_valid_main_pdelta": 0.06412963569164276,
	"best_train_main_random_metric": 0.054361917078495026
}