{
	"best_train_main_metric": 686.7635498046875,
	"best_valid_main_acc": 0.8579235076904297,
	"best_valid_main_smin_acc": 0.1666666716337204,
	"best_valid_main_pdelta": 0.05344422161579132,
	"best_train_main_random_metric": 687.702880859375
}