{
	"best_train_main_metric": 8842.2119140625,
	"best_valid_main_acc": 0.48072561621665955,
	"best_valid_main_smin_acc": 0.4000000059604645,
	"best_valid_main_pdelta": 0.02858210727572441,
	"best_train_main_random_metric": 1.4606784582138062
}