{
	"best_train_main_metric": 35.12230682373047,
	"best_valid_main_acc": 0.7082417607307434,
	"best_valid_main_smin_acc": 0.6237761974334717,
	"best_valid_main_pdelta": 0.41775691509246826,
	"best_train_main_random_metric": 33288.9609375
}