{
	"best_train_main_metric": 4442.3916015625,
	"best_valid_main_acc": 0.718406617641449,
	"best_valid_main_smin_acc": 0.5448430776596069,
	"best_valid_main_pdelta": 0.11348102986812592,
	"best_train_main_random_metric": 7242.58154296875
}