{
	"best_train_main_metric": 4257.12939453125,
	"best_valid_main_acc": 0.7014651894569397,
	"best_valid_main_smin_acc": 0.5336322784423828,
	"best_valid_main_pdelta": 0.15260577201843262,
	"best_train_main_random_metric": 7212.7802734375
}