{
	"best_train_main_metric": 0.023489531129598618,
	"best_valid_main_acc": 0.8663636445999146,
	"best_valid_main_smin_acc": 0.2222222238779068,
	"best_valid_main_pdelta": 0.5121583938598633,
	"best_train_main_random_metric": 25558.396484375
}