{
	"best_train_main_metric": 0.04393330216407776,
	"best_valid_main_acc": 0.9478458166122437,
	"best_valid_main_smin_acc": 0.1666666716337204,
	"best_valid_main_pdelta": 0.09456921368837357,
	"best_train_main_random_metric": 8860.2724609375
}