{
	"best_train_main_metric": 4779.42578125,
	"best_valid_main_acc": 0.6515567898750305,
	"best_valid_main_smin_acc": 0.47757846117019653,
	"best_valid_main_pdelta": 0.11923263221979141,
	"best_train_main_random_metric": 5439.3154296875
}