{
	"best_train_main_metric": 5417.3408203125,
	"best_valid_main_acc": 0.514194130897522,
	"best_valid_main_smin_acc": 0.5325112342834473,
	"best_valid_main_pdelta": 1.8080621444482858e-09,
	"best_train_main_random_metric": 5417.19287109375
}