{
	"best_train_main_metric": 817.4205322265625,
	"best_valid_main_acc": 0.7864506840705872,
	"best_valid_main_smin_acc": 0.46052631735801697,
	"best_valid_main_pdelta": 0.04025828838348389,
	"best_train_main_random_metric": 816.7705078125
}