{
	"best_train_main_metric": 818.4483642578125,
	"best_valid_main_acc": 0.7511045932769775,
	"best_valid_main_smin_acc": 0.5328947305679321,
	"best_valid_main_pdelta": 0.026857919991016388,
	"best_train_main_random_metric": 816.8233642578125
}