{
	"best_train_main_metric": 524.3068237304688,
	"best_valid_main_acc": 0.5760368704795837,
	"best_valid_main_smin_acc": 0.7166666388511658,
	"best_valid_main_pdelta": 0.004183685407042503,
	"best_train_main_random_metric": 554.382568359375
}