{
	"best_train_main_metric": 73.82504272460938,
	"best_valid_main_acc": 0.7051281929016113,
	"best_valid_main_smin_acc": 0.690192461013794,
	"best_valid_main_pdelta": 0.47502401471138,
	"best_train_main_random_metric": 36805.296875
}