{
	"best_train_main_metric": 737.3364868164062,
	"best_valid_main_acc": 0.7674418687820435,
	"best_valid_main_smin_acc": 0.38333332538604736,
	"best_valid_main_pdelta": 0.04840966686606407,
	"best_train_main_random_metric": 737.00732421875
}