{
	"best_train_main_metric": 2379.159912109375,
	"best_valid_main_acc": 0.9839743375778198,
	"best_train_main_random_metric": 6684.8974609375
}