{
	"best_train_main_metric": 112.55379486083984,
	"best_valid_main_acc": 0.6671245694160461,
	"best_valid_main_smin_acc": 0.6441605687141418,
	"best_valid_main_pdelta": 0.4243756830692291,
	"best_train_main_random_metric": 30505.90625
}