{
	"best_train_main_metric": 1001.9180297851562,
	"best_valid_main_acc": 0.8012820482254028,
	"best_valid_main_smin_acc": 0.7740805745124817,
	"best_valid_main_pdelta": 0.013739741407334805,
	"best_train_main_random_metric": 4557.84814453125
}