{
	"best_train_main_metric": 1323.72265625,
	"best_valid_main_acc": 0.7234432101249695,
	"best_valid_main_smin_acc": 0.725043773651123,
	"best_valid_main_pdelta": 0.02435469627380371,
	"best_train_main_random_metric": 1327.3780517578125
}