{
	"best_train_main_metric": 11434.6328125,
	"best_valid_main_acc": 0.5421245694160461,
	"best_valid_main_smin_acc": 0.39823007583618164,
	"best_valid_main_pdelta": 0.032902419567108154,
	"best_train_main_random_metric": 1.429770588874817
}