{
	"best_train_main_metric": 893.9015502929688,
	"best_valid_main_acc": 0.7156593203544617,
	"best_valid_main_smin_acc": 0.7224080562591553,
	"best_valid_main_pdelta": 0.008949107490479946,
	"best_train_main_random_metric": 892.3277587890625
}