{
	"best_train_main_metric": 895.9552612304688,
	"best_valid_main_acc": 0.723901093006134,
	"best_valid_main_smin_acc": 0.7290970087051392,
	"best_valid_main_pdelta": 0.013184931129217148,
	"best_train_main_random_metric": 892.0787963867188
}