{
	"best_train_main_metric": 0.017300046980381012,
	"best_valid_main_acc": 0.9216758012771606,
	"best_valid_main_smin_acc": 0.1666666716337204,
	"best_valid_main_pdelta": 0.13383182883262634,
	"best_train_main_random_metric": 12610.0
}