{
	"best_train_main_metric": 0.011767779476940632,
	"best_valid_main_acc": 0.9162113070487976,
	"best_valid_main_smin_acc": 0.0,
	"best_valid_main_pdelta": 0.12991882860660553,
	"best_train_main_random_metric": 12659.046875
}