{
	"best_train_main_metric": 847.4140625,
	"best_valid_main_acc": 0.7010309100151062,
	"best_valid_main_smin_acc": 0.5267175436019897,
	"best_valid_main_pdelta": 0.033775102347135544,
	"best_train_main_random_metric": 845.5775146484375
}