{
	"best_train_main_metric": 1130.957275390625,
	"best_valid_main_acc": 0.7790868878364563,
	"best_valid_main_smin_acc": 0.6641221642494202,
	"best_valid_main_pdelta": 0.0030070943757891655,
	"best_train_main_random_metric": 1883.323486328125
}