{
	"best_train_main_metric": 590.0426025390625,
	"best_valid_main_acc": 0.8385093212127686,
	"best_valid_main_smin_acc": 0.3333333432674408,
	"best_valid_main_pdelta": 0.02277723327279091,
	"best_train_main_random_metric": 594.533447265625
}