{
	"best_train_main_metric": 1.9402713775634766,
	"best_valid_main_acc": 0.8021978139877319,
	"best_valid_main_smin_acc": 0.48672565817832947,
	"best_valid_main_pdelta": 0.06554930657148361,
	"best_train_main_random_metric": 11616.345703125
}