{
	"best_train_main_metric": 13584.443359375,
	"best_valid_main_acc": 0.5164835453033447,
	"best_valid_main_smin_acc": 0.5932203531265259,
	"best_valid_main_pdelta": 0.03488726541399956,
	"best_train_main_random_metric": 0.09160657227039337
}