{
	"best_train_main_metric": 2452.938232421875,
	"best_valid_main_acc": 0.5393772721290588,
	"best_valid_main_smin_acc": 0.5193049907684326,
	"best_valid_main_pdelta": 0.004993868060410023,
	"best_train_main_random_metric": 2944.07763671875
}