{
	"best_train_main_metric": 1380.935546875,
	"best_valid_main_acc": 0.6245421171188354,
	"best_valid_main_smin_acc": 0.6023166179656982,
	"best_valid_main_pdelta": 0.014292609877884388,
	"best_train_main_random_metric": 1370.88818359375
}