{
	"best_train_main_metric": 2309.66259765625,
	"best_valid_main_acc": 0.6302197575569153,
	"best_valid_main_smin_acc": 0.5720053911209106,
	"best_valid_main_pdelta": 0.1801861822605133,
	"best_train_main_random_metric": 2349.20654296875
}