{
	"best_train_main_metric": 11499.7724609375,
	"best_valid_main_acc": 0.5549450516700745,
	"best_valid_main_smin_acc": 0.5221238732337952,
	"best_valid_main_pdelta": 0.02906060218811035,
	"best_train_main_random_metric": 1.4273418188095093
}