{
	"best_train_main_metric": 2.8402369022369385,
	"best_valid_main_acc": 0.7758241891860962,
	"best_valid_main_smin_acc": 0.7219251394271851,
	"best_valid_main_pdelta": 0.04616253077983856,
	"best_train_main_random_metric": 19769.60546875
}