{
	"best_train_main_metric": 2436.601318359375,
	"best_valid_main_acc": 0.9679487347602844,
	"best_train_main_random_metric": 6633.9140625
}