{
	"best_train_main_metric": 461.9210510253906,
	"best_valid_main_acc": 0.8504983186721802,
	"best_valid_main_smin_acc": 0.7321428656578064,
	"best_valid_main_pdelta": 0.018003936856985092,
	"best_train_main_random_metric": 3124.385009765625
}