{
	"best_train_main_metric": 789.9589233398438,
	"best_valid_main_acc": 0.7774086594581604,
	"best_valid_main_smin_acc": 0.5178571343421936,
	"best_valid_main_pdelta": 0.03455978259444237,
	"best_train_main_random_metric": 788.4766235351562
}