{
	"best_train_main_metric": 2259.32568359375,
	"best_valid_main_acc": 0.648901104927063,
	"best_valid_main_smin_acc": 0.5745553970336914,
	"best_valid_main_pdelta": 0.15944302082061768,
	"best_train_main_random_metric": 2297.872802734375
}