{
	"best_train_main_metric": 4326.79345703125,
	"best_valid_main_acc": 0.6648351550102234,
	"best_valid_main_smin_acc": 0.5581395626068115,
	"best_valid_main_pdelta": 0.010565197095274925,
	"best_train_main_random_metric": 4514.9521484375
}