{
	"best_train_main_metric": 3385.00048828125,
	"best_valid_main_acc": 0.5128205418586731,
	"best_valid_main_smin_acc": 0.519713282585144,
	"best_valid_main_pdelta": 5.087479075882584e-05,
	"best_train_main_random_metric": 3384.645263671875
}