{
	"best_train_main_metric": 1165.1846923828125,
	"best_valid_main_acc": 0.6956043839454651,
	"best_valid_main_smin_acc": 0.6577540040016174,
	"best_valid_main_pdelta": 0.01618294045329094,
	"best_train_main_random_metric": 1162.3824462890625
}