{
	"best_train_main_metric": 1368.0413818359375,
	"best_valid_main_acc": 0.7054945230484009,
	"best_valid_main_smin_acc": 0.7780748605728149,
	"best_valid_main_pdelta": 0.0077579994685947895,
	"best_train_main_random_metric": 3665.634765625
}