{
	"best_train_main_metric": 5.608856678009033,
	"best_valid_main_acc": 0.833195686340332,
	"best_valid_main_smin_acc": 0.42500001192092896,
	"best_valid_main_pdelta": 0.4655410647392273,
	"best_train_main_random_metric": 26906.859375
}