{
	"best_train_main_metric": 14764.7607421875,
	"best_valid_main_acc": 0.4800664484500885,
	"best_valid_main_smin_acc": 0.5714285969734192,
	"best_valid_main_pdelta": 0.07246779650449753,
	"best_train_main_random_metric": 0.01945372484624386
}