{
	"best_train_main_metric": 3842.58935546875,
	"best_valid_main_acc": 0.6552197933197021,
	"best_valid_main_smin_acc": 0.36918991804122925,
	"best_valid_main_pdelta": 0.2813177704811096,
	"best_train_main_random_metric": 9792.015625
}