{
	"best_train_main_metric": 4270.7216796875,
	"best_valid_main_acc": 0.6927655935287476,
	"best_valid_main_smin_acc": 0.3771580457687378,
	"best_valid_main_pdelta": 0.1998887062072754,
	"best_train_main_random_metric": 7731.87548828125
}