{
	"best_train_main_metric": 15589.5576171875,
	"best_valid_main_acc": 0.4923076927661896,
	"best_valid_main_smin_acc": 0.478723406791687,
	"best_valid_main_pdelta": 0.4332447052001953,
	"best_train_main_random_metric": 155.2504119873047
}