{
	"best_train_main_metric": 747.0628051757812,
	"best_valid_main_acc": 0.8255813717842102,
	"best_valid_main_smin_acc": 0.30000001192092896,
	"best_valid_main_pdelta": 0.055229153484106064,
	"best_train_main_random_metric": 748.295654296875
}