{
	"best_train_main_metric": 519.0252685546875,
	"best_valid_main_acc": 0.8272425532341003,
	"best_valid_main_smin_acc": 0.4000000059604645,
	"best_valid_main_pdelta": 0.012852887623012066,
	"best_train_main_random_metric": 2577.305908203125
}