{
	"best_train_main_metric": 751.5963134765625,
	"best_valid_main_acc": 0.7142857313156128,
	"best_valid_main_smin_acc": 0.6353591084480286,
	"best_valid_main_pdelta": 0.013163835741579533,
	"best_train_main_random_metric": 749.8577270507812
}