{
	"best_train_main_metric": 4601.7392578125,
	"best_valid_main_acc": 0.6588827967643738,
	"best_valid_main_smin_acc": 0.6741877198219299,
	"best_valid_main_pdelta": 0.1659940779209137,
	"best_train_main_random_metric": 5297.18212890625
}