{
	"best_train_main_metric": 42.60334396362305,
	"best_valid_main_acc": 0.7115384340286255,
	"best_valid_main_smin_acc": 0.5974212288856506,
	"best_valid_main_pdelta": 0.43382322788238525,
	"best_train_main_random_metric": 29740.951171875
}