{
	"best_train_main_metric": 8924.7265625,
	"best_valid_main_acc": 0.43271222710609436,
	"best_valid_main_smin_acc": 0.5438596606254578,
	"best_valid_main_pdelta": 0.027134841307997704,
	"best_train_main_random_metric": 1.496944546699524
}