{
	"best_train_main_metric": 845.7713012695312,
	"best_valid_main_acc": 0.7731958627700806,
	"best_valid_main_smin_acc": 0.48091602325439453,
	"best_valid_main_pdelta": 0.041140198707580566,
	"best_train_main_random_metric": 848.2559204101562
}