{
	"best_train_main_metric": 916.9654541015625,
	"best_valid_main_acc": 0.7054491639137268,
	"best_valid_main_smin_acc": 0.5572519302368164,
	"best_valid_main_pdelta": 0.003101989161223173,
	"best_train_main_random_metric": 1989.7113037109375
}