{
	"best_train_main_metric": 867.3786010742188,
	"best_valid_main_acc": 0.7452135682106018,
	"best_valid_main_smin_acc": 0.5277777910232544,
	"best_valid_main_pdelta": 0.027798131108283997,
	"best_train_main_random_metric": 866.6929931640625
}