{
	"best_train_main_metric": 31.634593963623047,
	"best_valid_main_acc": 0.70659339427948,
	"best_valid_main_smin_acc": 0.595075249671936,
	"best_valid_main_pdelta": 0.4221898317337036,
	"best_train_main_random_metric": 35007.7265625
}