{
	"best_train_main_metric": 1.4362001419067383,
	"best_valid_main_acc": 0.8153846263885498,
	"best_valid_main_smin_acc": 0.7948718070983887,
	"best_valid_main_pdelta": 0.024160806089639664,
	"best_train_main_random_metric": 20794.443359375
}