{
	"best_train_main_metric": 4388.79736328125,
	"best_valid_main_acc": 0.7055860757827759,
	"best_valid_main_smin_acc": 0.7193140983581543,
	"best_valid_main_pdelta": 0.13289625942707062,
	"best_train_main_random_metric": 7336.19921875
}