{
	"best_train_main_metric": 3997.457275390625,
	"best_valid_main_acc": 0.678113579750061,
	"best_valid_main_smin_acc": 0.6904332041740417,
	"best_valid_main_pdelta": 0.22807762026786804,
	"best_train_main_random_metric": 9389.2197265625
}