{
	"best_train_main_metric": 1.9321563243865967,
	"best_valid_main_acc": 0.8424908518791199,
	"best_valid_main_smin_acc": 0.5833333134651184,
	"best_valid_main_pdelta": 0.05414579436182976,
	"best_train_main_random_metric": 12225.5166015625
}