{
	"best_train_main_metric": 1143.16455078125,
	"best_valid_main_acc": 0.6857143044471741,
	"best_valid_main_smin_acc": 0.6182336211204529,
	"best_valid_main_pdelta": 0.022403737530112267,
	"best_train_main_random_metric": 1145.915283203125
}