{
	"best_train_main_metric": 777.7011108398438,
	"best_valid_main_acc": 0.7807309031486511,
	"best_valid_main_smin_acc": 0.5,
	"best_valid_main_pdelta": 0.0037564451340585947,
	"best_train_main_random_metric": 1850.0645751953125
}