{
	"best_train_main_metric": 747.4132690429688,
	"best_valid_main_acc": 0.840531587600708,
	"best_valid_main_smin_acc": 0.3199999928474426,
	"best_valid_main_pdelta": 0.05230851471424103,
	"best_train_main_random_metric": 747.6197509765625
}