{
	"best_train_main_metric": 21199.884765625,
	"best_valid_main_acc": 0.5148351788520813,
	"best_valid_main_smin_acc": 0.5102599263191223,
	"best_valid_main_pdelta": 0.476605623960495,
	"best_train_main_random_metric": 114.39689636230469
}