{
	"best_train_main_metric": 13760.427734375,
	"best_valid_main_acc": 0.5243004560470581,
	"best_valid_main_smin_acc": 0.4375,
	"best_valid_main_pdelta": 0.03756618872284889,
	"best_train_main_random_metric": 2.820268392562866
}