{
	"best_train_main_metric": 1071.5479736328125,
	"best_valid_main_acc": 0.7120000123977661,
	"best_valid_main_smin_acc": 0.7346938848495483,
	"best_valid_main_pdelta": 0.012732066214084625,
	"best_train_main_random_metric": 1078.343017578125
}