{
	"best_train_main_metric": 22700.51171875,
	"best_valid_main_acc": 0.46857142448425293,
	"best_valid_main_smin_acc": 0.4335664212703705,
	"best_valid_main_pdelta": 0.024492843076586723,
	"best_train_main_random_metric": 1.9871716499328613
}