{
	"best_train_main_metric": 20447.65625,
	"best_valid_main_acc": 0.4708571434020996,
	"best_valid_main_smin_acc": 0.4871794879436493,
	"best_valid_main_pdelta": 0.024158615618944168,
	"best_train_main_random_metric": 1.999491572380066
}