{
	"best_train_main_metric": 1408.18017578125,
	"best_valid_main_acc": 0.7875458002090454,
	"best_valid_main_smin_acc": 0.8126094341278076,
	"best_valid_main_pdelta": 0.007051367778331041,
	"best_train_main_random_metric": 3610.489990234375
}