{
	"best_train_main_metric": 1332.313720703125,
	"best_valid_main_acc": 0.6831501722335815,
	"best_valid_main_smin_acc": 0.6742556691169739,
	"best_valid_main_pdelta": 0.016337180510163307,
	"best_train_main_random_metric": 1330.6531982421875
}