{
	"best_train_main_metric": 4253.94091796875,
	"best_valid_main_acc": 0.7037546038627625,
	"best_valid_main_smin_acc": 0.49533799290657043,
	"best_valid_main_pdelta": 0.15285393595695496,
	"best_train_main_random_metric": 7078.31494140625
}