{
	"best_train_main_metric": 4084.9248046875,
	"best_valid_main_acc": 0.6698718070983887,
	"best_valid_main_smin_acc": 0.5454545617103577,
	"best_valid_main_pdelta": 0.2525809705257416,
	"best_train_main_random_metric": 10483.55078125
}