{
	"best_train_main_metric": 3782.085693359375,
	"best_valid_main_acc": 0.6813187003135681,
	"best_valid_main_smin_acc": 0.501165509223938,
	"best_valid_main_pdelta": 0.2305668294429779,
	"best_train_main_random_metric": 8842.3818359375
}