{
	"best_train_main_metric": 5.743415355682373,
	"best_valid_main_acc": 0.8084228038787842,
	"best_valid_main_smin_acc": 0.3888888955116272,
	"best_valid_main_pdelta": 0.4837717115879059,
	"best_train_main_random_metric": 27489.361328125
}