{
	"best_train_main_metric": 548.1085815429688,
	"best_valid_main_acc": 0.8888888955116272,
	"best_valid_main_smin_acc": 0.0,
	"best_valid_main_pdelta": 0.036723531782627106,
	"best_train_main_random_metric": 549.7383422851562
}