{
	"best_train_main_metric": 3943.965576171875,
	"best_valid_main_acc": 0.6886447072029114,
	"best_valid_main_smin_acc": 0.6360917091369629,
	"best_valid_main_pdelta": 0.2075362354516983,
	"best_train_main_random_metric": 8433.3720703125
}