{
	"best_train_main_metric": 4031.34130859375,
	"best_valid_main_acc": 0.653388261795044,
	"best_valid_main_smin_acc": 0.5852442383766174,
	"best_valid_main_pdelta": 0.21313609182834625,
	"best_train_main_random_metric": 8575.7177734375
}