{
	"best_train_main_metric": 25877.830078125,
	"best_valid_main_acc": 0.5040293335914612,
	"best_valid_main_smin_acc": 0.4674329459667206,
	"best_valid_main_pdelta": 0.4601520895957947,
	"best_train_main_random_metric": 15.932967185974121
}