{
	"best_train_main_metric": 13983.8232421875,
	"best_valid_main_acc": 0.4993565082550049,
	"best_valid_main_smin_acc": 0.4849785268306732,
	"best_valid_main_pdelta": 0.04561880975961685,
	"best_train_main_random_metric": 1.7885825634002686
}