{
	"best_train_main_metric": 8.052473068237305,
	"best_valid_main_acc": 0.7787545919418335,
	"best_valid_main_smin_acc": 0.4597701132297516,
	"best_valid_main_pdelta": 0.4822533130645752,
	"best_train_main_random_metric": 28480.2734375
}