{
	"best_train_main_metric": 1368.6043701171875,
	"best_valid_main_acc": 0.7252747416496277,
	"best_valid_main_smin_acc": 0.7490347623825073,
	"best_valid_main_pdelta": 0.023530179634690285,
	"best_train_main_random_metric": 1395.533935546875
}