{
	"best_train_main_metric": 336.17926025390625,
	"best_valid_main_acc": 0.8202764987945557,
	"best_valid_main_smin_acc": 0.20000000298023224,
	"best_valid_main_pdelta": 0.36928215622901917,
	"best_train_main_random_metric": 561.4169921875
}