{
	"best_train_main_metric": 337.4897766113281,
	"best_valid_main_acc": 0.8202764987945557,
	"best_valid_main_smin_acc": 0.125,
	"best_valid_main_pdelta": 0.37933745980262756,
	"best_train_main_random_metric": 587.7509155273438
}