{
	"best_train_main_metric": 3723.647705078125,
	"best_valid_main_acc": 0.6259157657623291,
	"best_valid_main_smin_acc": 0.25042301416397095,
	"best_valid_main_pdelta": 0.33095574378967285,
	"best_train_main_random_metric": 8969.455078125
}