{
	"best_train_main_metric": 3826.432861328125,
	"best_valid_main_acc": 0.6231684684753418,
	"best_valid_main_smin_acc": 0.2131979763507843,
	"best_valid_main_pdelta": 0.35170015692710876,
	"best_train_main_random_metric": 8950.2021484375
}