{
	"best_train_main_metric": 3576.878173828125,
	"best_valid_main_acc": 0.47179487347602844,
	"best_valid_main_smin_acc": 0.4795539081096649,
	"best_valid_main_pdelta": 0.06150300055742264,
	"best_train_main_random_metric": 3348.41845703125
}