{
	"best_train_main_metric": 3787.7021484375,
	"best_valid_main_acc": 0.6808608174324036,
	"best_valid_main_smin_acc": 0.2537764310836792,
	"best_valid_main_pdelta": 0.2837502062320709,
	"best_train_main_random_metric": 9938.0244140625
}