{
	"best_train_main_metric": 4157.240234375,
	"best_valid_main_acc": 0.6744505763053894,
	"best_valid_main_smin_acc": 0.2371601164340973,
	"best_valid_main_pdelta": 0.29754483699798584,
	"best_train_main_random_metric": 12881.4970703125
}