{
	"best_train_main_metric": 503.35302734375,
	"best_valid_main_acc": 0.599078357219696,
	"best_valid_main_smin_acc": 0.6708860993385315,
	"best_valid_main_pdelta": 0.006405343767255545,
	"best_train_main_random_metric": 560.6050415039062
}