{
	"best_train_main_metric": 23426.53125,
	"best_valid_main_acc": 0.5240230560302734,
	"best_valid_main_smin_acc": 0.4703296720981598,
	"best_valid_main_pdelta": 0.42674899101257324,
	"best_train_main_random_metric": 83.06912994384766
}