{
	"best_train_main_metric": 5.71852445602417,
	"best_valid_main_acc": 0.8125516176223755,
	"best_valid_main_smin_acc": 0.4444444477558136,
	"best_valid_main_pdelta": 0.4637475311756134,
	"best_train_main_random_metric": 29127.63671875
}