{
	"best_train_main_metric": 1464.8896484375,
	"best_valid_main_acc": 0.6857143044471741,
	"best_valid_main_smin_acc": 0.7486631274223328,
	"best_valid_main_pdelta": 0.003246653126552701,
	"best_train_main_random_metric": 3336.2275390625
}