{
	"best_train_main_metric": 1167.2059326171875,
	"best_valid_main_acc": 0.6769230961799622,
	"best_valid_main_smin_acc": 0.625668466091156,
	"best_valid_main_pdelta": 0.019315706565976143,
	"best_train_main_random_metric": 1174.798828125
}