{
	"best_train_main_metric": 25332.388671875,
	"best_valid_main_acc": 0.49862638115882874,
	"best_valid_main_smin_acc": 0.499541699886322,
	"best_valid_main_pdelta": 0.4445309638977051,
	"best_train_main_random_metric": 161.0269012451172
}