{
	"best_train_main_metric": 5.660888195037842,
	"best_valid_main_acc": 0.798513650894165,
	"best_valid_main_smin_acc": 0.4027777910232544,
	"best_valid_main_pdelta": 0.43649744987487793,
	"best_train_main_random_metric": 29820.9375
}