{
	"best_train_main_metric": 29183.931640625,
	"best_valid_main_acc": 0.5040293335914612,
	"best_valid_main_smin_acc": 0.5495867729187012,
	"best_valid_main_pdelta": 0.4622083902359009,
	"best_train_main_random_metric": 13.542115211486816
}