{
	"best_train_main_metric": 1695.2701416015625,
	"best_valid_main_acc": 0.5154638886451721,
	"best_valid_main_smin_acc": 0.5263158082962036,
	"best_valid_main_pdelta": 0.0001651553757255897,
	"best_train_main_random_metric": 1692.9656982421875
}