{
	"best_train_main_metric": 78.58037567138672,
	"best_valid_main_acc": 0.6987179517745972,
	"best_valid_main_smin_acc": 0.6929422616958618,
	"best_valid_main_pdelta": 0.450337678194046,
	"best_train_main_random_metric": 32587.974609375
}