{
	"best_train_main_metric": 48.91407012939453,
	"best_valid_main_acc": 0.6991758346557617,
	"best_valid_main_smin_acc": 0.670944094657898,
	"best_valid_main_pdelta": 0.4754502773284912,
	"best_train_main_random_metric": 34033.0078125
}