{
	"best_train_main_metric": 4696.6748046875,
	"best_valid_main_acc": 0.7124541997909546,
	"best_valid_main_smin_acc": 0.08732876926660538,
	"best_valid_main_pdelta": 0.020562781020998955,
	"best_train_main_random_metric": 5833.7958984375
}