{
	"best_train_main_metric": 4523.58935546875,
	"best_valid_main_acc": 0.7197802066802979,
	"best_valid_main_smin_acc": 0.05076142027974129,
	"best_valid_main_pdelta": 0.05205356702208519,
	"best_train_main_random_metric": 5902.77197265625
}