{
	"best_train_main_metric": 2.805732250213623,
	"best_valid_main_acc": 0.8041236996650696,
	"best_valid_main_smin_acc": 0.5197368264198303,
	"best_valid_main_pdelta": 0.11595335602760315,
	"best_train_main_random_metric": 14684.486328125
}