{
	"best_train_main_metric": 2.8020081520080566,
	"best_valid_main_acc": 0.7967599630355835,
	"best_valid_main_smin_acc": 0.5592105388641357,
	"best_valid_main_pdelta": 0.11652740836143494,
	"best_train_main_random_metric": 14643.1728515625
}