{
	"best_train_main_metric": 1.5875853300094604,
	"best_valid_main_acc": 0.8700000047683716,
	"best_valid_main_smin_acc": 0.23076923191547394,
	"best_valid_main_pdelta": 0.4989834129810333,
	"best_train_main_random_metric": 23689.125
}