{
	"best_train_main_metric": 2283.29296875,
	"best_valid_main_acc": 0.5450549721717834,
	"best_valid_main_smin_acc": 0.4914841949939728,
	"best_valid_main_pdelta": 0.12240567803382874,
	"best_train_main_random_metric": 2282.379638671875
}