{
	"best_train_main_metric": 3868.987548828125,
	"best_valid_main_acc": 0.500320315361023,
	"best_valid_main_smin_acc": 0.48148149251937866,
	"best_valid_main_pdelta": 8.852300652506528e-07,
	"best_train_main_random_metric": 3869.397216796875
}