{
	"best_train_main_metric": 10374.1357421875,
	"best_valid_main_acc": 0.4444444477558136,
	"best_valid_main_smin_acc": 0.20000000298023224,
	"best_valid_main_pdelta": 0.0674368366599083,
	"best_train_main_random_metric": 0.132632315158844
}