{
	"best_train_main_metric": 7.131261348724365,
	"best_valid_main_acc": 0.8150289058685303,
	"best_valid_main_smin_acc": 0.38167938590049744,
	"best_valid_main_pdelta": 0.47264859080314636,
	"best_train_main_random_metric": 27488.89453125
}