{
	"best_train_main_metric": 77.6707992553711,
	"best_valid_main_acc": 0.6891025900840759,
	"best_valid_main_smin_acc": 0.6405823230743408,
	"best_valid_main_pdelta": 0.4797883629798889,
	"best_train_main_random_metric": 35812.234375
}