{
	"best_train_main_metric": 10143.87890625,
	"best_valid_main_acc": 0.47358834743499756,
	"best_valid_main_smin_acc": 0.800000011920929,
	"best_valid_main_pdelta": 0.05424036458134651,
	"best_train_main_random_metric": 2.9614758491516113
}