{
	"best_train_main_metric": 1.41023588180542,
	"best_valid_main_acc": 0.8262548446655273,
	"best_valid_main_smin_acc": 0.7445887327194214,
	"best_valid_main_pdelta": 0.03623529523611069,
	"best_train_main_random_metric": 17622.35546875
}