{
	"best_train_main_metric": 986.5738525390625,
	"best_valid_main_acc": 0.7245817184448242,
	"best_valid_main_smin_acc": 0.631147563457489,
	"best_valid_main_pdelta": 0.028567703440785408,
	"best_train_main_random_metric": 986.2531127929688
}