{
	"best_train_main_metric": 904.685546875,
	"best_valid_main_acc": 0.7863577604293823,
	"best_valid_main_smin_acc": 0.6967213153839111,
	"best_valid_main_pdelta": 0.04367971047759056,
	"best_train_main_random_metric": 2990.919921875
}