{
	"best_train_main_metric": 9508.6875,
	"best_valid_main_acc": 0.529304027557373,
	"best_valid_main_smin_acc": 0.4273504316806793,
	"best_valid_main_pdelta": 0.03192727267742157,
	"best_train_main_random_metric": 0.12291701138019562
}