{
	"best_train_main_metric": 9343.00390625,
	"best_valid_main_acc": 0.5274725556373596,
	"best_valid_main_smin_acc": 0.470085471868515,
	"best_valid_main_pdelta": 0.025699010118842125,
	"best_train_main_random_metric": 0.3267614245414734
}