{
	"best_train_main_metric": 0.01762266643345356,
	"best_valid_main_acc": 0.8770763874053955,
	"best_valid_main_smin_acc": 0.5714285969734192,
	"best_valid_main_pdelta": 0.08001374453306198,
	"best_train_main_random_metric": 14528.806640625
}