{
	"best_train_main_metric": 20.111780166625977,
	"best_valid_main_acc": 0.7392696738243103,
	"best_valid_main_smin_acc": 0.5680345296859741,
	"best_valid_main_pdelta": 0.45607611536979675,
	"best_train_main_random_metric": 27518.458984375
}