{
	"best_train_main_metric": 5419.12255859375,
	"best_valid_main_acc": 0.485805869102478,
	"best_valid_main_smin_acc": 0.47258225083351135,
	"best_valid_main_pdelta": 0.0,
	"best_train_main_random_metric": 5419.59814453125
}