{
	"best_train_main_metric": 529.4974365234375,
	"best_valid_main_acc": 0.9047619104385376,
	"best_valid_main_smin_acc": 0.4000000059604645,
	"best_valid_main_pdelta": 0.03819954767823219,
	"best_train_main_random_metric": 532.0332641601562
}