{
	"best_train_main_metric": 0.028971444815397263,
	"best_valid_main_acc": 0.8049450516700745,
	"best_valid_main_smin_acc": 0.7796609997749329,
	"best_valid_main_pdelta": 0.02277098409831524,
	"best_train_main_random_metric": 15179.4482421875
}