{
	"best_train_main_metric": 4463.93017578125,
	"best_valid_main_acc": 0.7179487347602844,
	"best_valid_main_smin_acc": 0.14399999380111694,
	"best_valid_main_pdelta": 0.01984678953886032,
	"best_train_main_random_metric": 5960.6728515625
}