{
	"best_train_main_metric": 17737.90625,
	"best_valid_main_acc": 0.5540875196456909,
	"best_valid_main_smin_acc": 0.48148149251937866,
	"best_valid_main_pdelta": 0.4512763023376465,
	"best_train_main_random_metric": 22.33586311340332
}