{
	"best_train_main_metric": 6.764965057373047,
	"best_valid_main_acc": 0.8029304146766663,
	"best_valid_main_smin_acc": 0.4834710657596588,
	"best_valid_main_pdelta": 0.46463990211486816,
	"best_train_main_random_metric": 26332.046875
}