{
	"best_train_main_metric": 0.019559312611818314,
	"best_valid_main_acc": 0.9398906826972961,
	"best_valid_main_smin_acc": 0.4000000059604645,
	"best_valid_main_pdelta": 0.10970234125852585,
	"best_train_main_random_metric": 12142.333984375
}