{
	"best_train_main_metric": 0.021044312044978142,
	"best_valid_main_acc": 0.9234972596168518,
	"best_valid_main_smin_acc": 0.20000000298023224,
	"best_valid_main_pdelta": 0.14867258071899414,
	"best_train_main_random_metric": 12186.521484375
}