{
	"best_train_main_metric": 845.0619506835938,
	"best_valid_main_acc": 0.7113401889801025,
	"best_valid_main_smin_acc": 0.5419847369194031,
	"best_valid_main_pdelta": 0.03478069603443146,
	"best_train_main_random_metric": 845.0331420898438
}