{
	"best_train_main_metric": 11837.4248046875,
	"best_valid_main_acc": 0.5022091269493103,
	"best_valid_main_smin_acc": 0.5419847369194031,
	"best_valid_main_pdelta": 0.08831067383289337,
	"best_train_main_random_metric": 3.495452880859375
}