{
	"best_train_main_metric": 558.595947265625,
	"best_valid_main_acc": 0.8548752665519714,
	"best_valid_main_smin_acc": 0.1666666716337204,
	"best_valid_main_pdelta": 0.034189578145742416,
	"best_train_main_random_metric": 566.912841796875
}