{
	"best_train_main_metric": 430.8819274902344,
	"best_valid_main_acc": 0.8737541437149048,
	"best_valid_main_smin_acc": 0.41999998688697815,
	"best_valid_main_pdelta": 0.058232590556144714,
	"best_train_main_random_metric": 2773.4501953125
}