{
	"best_train_main_metric": 747.3372192382812,
	"best_valid_main_acc": 0.8056478500366211,
	"best_valid_main_smin_acc": 0.4399999976158142,
	"best_valid_main_pdelta": 0.04656383767724037,
	"best_train_main_random_metric": 746.2766723632812
}