{
	"best_train_main_metric": 2084.39013671875,
	"best_valid_main_acc": 0.6516483426094055,
	"best_valid_main_smin_acc": 0.6122994422912598,
	"best_valid_main_pdelta": 0.001953416271135211,
	"best_train_main_random_metric": 2281.64453125
}