{
	"best_train_main_metric": 1165.36279296875,
	"best_valid_main_acc": 0.6758241653442383,
	"best_valid_main_smin_acc": 0.644385039806366,
	"best_valid_main_pdelta": 0.018277380615472794,
	"best_train_main_random_metric": 1163.2152099609375
}