{
	"best_train_main_metric": 352.9259338378906,
	"best_valid_main_acc": 0.8156682252883911,
	"best_valid_main_smin_acc": 0.4166666567325592,
	"best_valid_main_pdelta": 0.045889586210250854,
	"best_train_main_random_metric": 590.1428833007812
}