{
	"best_train_main_metric": 590.1084594726562,
	"best_valid_main_acc": 0.8571428656578064,
	"best_valid_main_smin_acc": 0.4385964870452881,
	"best_valid_main_pdelta": 0.026021648198366165,
	"best_train_main_random_metric": 594.3610229492188
}