{
	"best_train_main_metric": 612.6121215820312,
	"best_valid_main_acc": 0.7743270993232727,
	"best_valid_main_smin_acc": 0.4912280738353729,
	"best_valid_main_pdelta": 0.018437057733535767,
	"best_train_main_random_metric": 613.0977172851562
}