{
	"best_train_main_metric": 789.4376831054688,
	"best_valid_main_acc": 0.8106312155723572,
	"best_valid_main_smin_acc": 0.5892857313156128,
	"best_valid_main_pdelta": 0.04361092299222946,
	"best_train_main_random_metric": 788.4563598632812
}