{
	"best_train_main_metric": 525.8568725585938,
	"best_valid_main_acc": 0.5760368704795837,
	"best_valid_main_smin_acc": 0.5794392228126526,
	"best_valid_main_pdelta": 0.0013169519370421767,
	"best_train_main_random_metric": 550.7465209960938
}