{
	"best_train_main_metric": 510.9966735839844,
	"best_valid_main_acc": 0.5622119903564453,
	"best_valid_main_smin_acc": 0.5913978219032288,
	"best_valid_main_pdelta": 0.009635576978325844,
	"best_train_main_random_metric": 556.4324340820312
}