{
	"best_train_main_metric": 493.88623046875,
	"best_valid_main_acc": 0.539170503616333,
	"best_valid_main_smin_acc": 0.47422680258750916,
	"best_valid_main_pdelta": 0.04817412048578262,
	"best_train_main_random_metric": 546.4634399414062
}