{
	"best_train_main_metric": 4619.421875,
	"best_valid_main_acc": 0.6547619104385376,
	"best_valid_main_smin_acc": 0.666064977645874,
	"best_valid_main_pdelta": 0.15161004662513733,
	"best_train_main_random_metric": 5421.9404296875
}