{
	"best_train_main_metric": 3908.29638671875,
	"best_valid_main_acc": 0.5144138336181641,
	"best_valid_main_smin_acc": 0.42417582869529724,
	"best_valid_main_pdelta": 0.10841912776231766,
	"best_train_main_random_metric": 3773.124267578125
}