{
	"best_train_main_metric": 491.6174621582031,
	"best_valid_main_acc": 0.5437787771224976,
	"best_valid_main_smin_acc": 0.46666666865348816,
	"best_valid_main_pdelta": 0.08776265382766724,
	"best_train_main_random_metric": 538.916015625
}