{
	"best_train_main_metric": 504.3530578613281,
	"best_valid_main_acc": 0.599078357219696,
	"best_valid_main_smin_acc": 0.625,
	"best_valid_main_pdelta": 0.008835392072796822,
	"best_train_main_random_metric": 557.837890625
}