{
	"best_train_main_metric": 1.4305143356323242,
	"best_valid_main_acc": 0.8186812996864319,
	"best_valid_main_smin_acc": 0.8050193190574646,
	"best_valid_main_pdelta": 0.02137554995715618,
	"best_train_main_random_metric": 24502.087890625
}