{
	"best_train_main_metric": 1374.358642578125,
	"best_valid_main_acc": 0.7518315315246582,
	"best_valid_main_smin_acc": 0.7402135133743286,
	"best_valid_main_pdelta": 0.0192975252866745,
	"best_train_main_random_metric": 1377.4609375
}