{
	"best_train_main_metric": 2.839806079864502,
	"best_valid_main_acc": 0.792792797088623,
	"best_valid_main_smin_acc": 0.688524603843689,
	"best_valid_main_pdelta": 0.07479773461818695,
	"best_train_main_random_metric": 17128.2109375
}