{
	"best_train_main_metric": 816.1359252929688,
	"best_valid_main_acc": 0.7776141166687012,
	"best_valid_main_smin_acc": 0.5460526347160339,
	"best_valid_main_pdelta": 0.04030673950910568,
	"best_train_main_random_metric": 817.7097778320312
}