{
	"best_train_main_metric": 887.3505859375,
	"best_valid_main_acc": 0.784977912902832,
	"best_valid_main_smin_acc": 0.6513158082962036,
	"best_valid_main_pdelta": 0.0047217742539942265,
	"best_train_main_random_metric": 2291.6396484375
}