{
	"best_train_main_metric": 1379.197998046875,
	"best_valid_main_acc": 0.6363636255264282,
	"best_valid_main_smin_acc": 0.34319525957107544,
	"best_valid_main_pdelta": 0.17922277748584747,
	"best_train_main_random_metric": 1385.7890625
}