{
	"best_train_main_metric": 581.2508544921875,
	"best_valid_main_acc": 0.45622119307518005,
	"best_valid_main_smin_acc": 0.5333333611488342,
	"best_valid_main_pdelta": 0.12704432010650635,
	"best_train_main_random_metric": 489.1332092285156
}