{
	"best_train_main_metric": 17352.349609375,
	"best_valid_main_acc": 0.4673823416233063,
	"best_valid_main_smin_acc": 0.52173912525177,
	"best_valid_main_pdelta": 0.4458721876144409,
	"best_train_main_random_metric": 28.313983917236328
}