{
	"best_train_main_metric": 4786.1650390625,
	"best_valid_main_acc": 0.6918498277664185,
	"best_valid_main_smin_acc": 0.17443609237670898,
	"best_valid_main_pdelta": 0.09415531903505325,
	"best_train_main_random_metric": 5457.0615234375
}