{
	"best_train_main_metric": 15839.37890625,
	"best_valid_main_acc": 0.5315315127372742,
	"best_valid_main_smin_acc": 0.5879828333854675,
	"best_valid_main_pdelta": 0.0295395664870739,
	"best_train_main_random_metric": 5.41792106628418
}