{
	"best_train_main_metric": 4648.51611328125,
	"best_valid_main_acc": 0.6891025900840759,
	"best_valid_main_smin_acc": 0.22054380178451538,
	"best_valid_main_pdelta": 0.12533117830753326,
	"best_train_main_random_metric": 5492.15234375
}