{
	"best_train_main_metric": 5417.43896484375,
	"best_valid_main_acc": 0.514194130897522,
	"best_valid_main_smin_acc": 0.5211480259895325,
	"best_valid_main_pdelta": 0.0,
	"best_train_main_random_metric": 5417.34423828125
}