{
	"best_train_main_metric": 10765.0634765625,
	"best_valid_main_acc": 0.4608379006385803,
	"best_valid_main_smin_acc": 0.6000000238418579,
	"best_valid_main_pdelta": 0.060503892600536346,
	"best_train_main_random_metric": 2.9215688705444336
}