{
	"best_train_main_metric": 24920.0390625,
	"best_valid_main_acc": 0.5233824253082275,
	"best_valid_main_smin_acc": 0.5140388607978821,
	"best_valid_main_pdelta": 0.5201373100280762,
	"best_train_main_random_metric": 36.330081939697266
}