{
	"best_train_main_metric": 347.4173889160156,
	"best_valid_main_acc": 0.7926267385482788,
	"best_valid_main_smin_acc": 0.17142857611179352,
	"best_valid_main_pdelta": 0.35597607493400574,
	"best_train_main_random_metric": 575.5910034179688
}