{
	"best_train_main_metric": 352.6986999511719,
	"best_valid_main_acc": 0.8248847723007202,
	"best_valid_main_smin_acc": 0.1428571492433548,
	"best_valid_main_pdelta": 0.35167285799980164,
	"best_train_main_random_metric": 593.33447265625
}