{
	"best_train_main_metric": 677.2451782226562,
	"best_valid_main_acc": 0.9089252948760986,
	"best_valid_main_smin_acc": 0.375,
	"best_valid_main_pdelta": 0.06541582196950912,
	"best_train_main_random_metric": 677.2681884765625
}