{
	"best_train_main_metric": 1888.9554443359375,
	"best_valid_main_acc": 0.857272744178772,
	"best_valid_main_smin_acc": 0.2222222238779068,
	"best_valid_main_pdelta": 0.10114596039056778,
	"best_train_main_random_metric": 2963.034912109375
}