{
	"best_train_main_metric": 4602.236328125,
	"best_valid_main_acc": 0.6666666865348816,
	"best_valid_main_smin_acc": 0.6151545643806458,
	"best_valid_main_pdelta": 0.13750621676445007,
	"best_train_main_random_metric": 5414.44921875
}