{
	"best_train_main_metric": 5417.48046875,
	"best_valid_main_acc": 0.514194130897522,
	"best_valid_main_smin_acc": 0.5274177193641663,
	"best_valid_main_pdelta": 3.6200915928930044e-05,
	"best_train_main_random_metric": 5417.31298828125
}