{
	"best_train_main_metric": 2860.982177734375,
	"best_valid_main_acc": 0.573905885219574,
	"best_valid_main_smin_acc": 0.5208333134651184,
	"best_valid_main_pdelta": 0.021443556994199753,
	"best_train_main_random_metric": 3028.969482421875
}