{
	"best_train_main_metric": 1526.1444091796875,
	"best_valid_main_acc": 0.7341040372848511,
	"best_valid_main_smin_acc": 0.4236111044883728,
	"best_valid_main_pdelta": 0.20920121669769287,
	"best_train_main_random_metric": 1535.4833984375
}