{
	"best_train_main_metric": 30306.69921875,
	"best_valid_main_acc": 0.4926329255104065,
	"best_valid_main_smin_acc": 0.50971919298172,
	"best_valid_main_pdelta": 0.4760201871395111,
	"best_train_main_random_metric": 18.335039138793945
}