{
	"best_train_main_metric": 1046.0772705078125,
	"best_valid_main_acc": 0.7723132967948914,
	"best_valid_main_smin_acc": 0.6000000238418579,
	"best_valid_main_pdelta": 0.003441255772486329,
	"best_train_main_random_metric": 1458.3958740234375
}