{
	"best_train_main_metric": 705.6539306640625,
	"best_valid_main_acc": 0.7194899916648865,
	"best_valid_main_smin_acc": 0.20000000298023224,
	"best_valid_main_pdelta": 0.04881742596626282,
	"best_train_main_random_metric": 705.3640747070312
}