{
	"best_train_main_metric": 41.56379699707031,
	"best_valid_main_acc": 0.7010989189147949,
	"best_valid_main_smin_acc": 0.6029609441757202,
	"best_valid_main_pdelta": 0.4820956885814667,
	"best_train_main_random_metric": 30003.666015625
}