{
	"best_train_main_metric": 5418.1728515625,
	"best_valid_main_acc": 0.4922161102294922,
	"best_valid_main_smin_acc": 0.5050301551818848,
	"best_valid_main_pdelta": 2.046862956905926e-10,
	"best_train_main_random_metric": 5418.431640625
}