{
	"best_train_main_metric": 1368.8804931640625,
	"best_valid_main_acc": 0.7014651894569397,
	"best_valid_main_smin_acc": 0.6988416910171509,
	"best_valid_main_pdelta": 0.017600135877728462,
	"best_train_main_random_metric": 1370.7030029296875
}