{
	"best_train_main_metric": 5416.4873046875,
	"best_valid_main_acc": 0.5050366520881653,
	"best_valid_main_smin_acc": 0.4984358847141266,
	"best_valid_main_pdelta": 1.3101282547722803e-07,
	"best_train_main_random_metric": 5416.486328125
}