{
	"best_train_main_metric": 5416.29150390625,
	"best_valid_main_acc": 0.5050366520881653,
	"best_valid_main_smin_acc": 0.4984358847141266,
	"best_valid_main_pdelta": 0.0,
	"best_train_main_random_metric": 5416.29296875
}