{
	"best_train_main_metric": 9.611879348754883,
	"best_valid_main_acc": 0.7456758618354797,
	"best_valid_main_smin_acc": 0.6021978259086609,
	"best_valid_main_pdelta": 0.44380393624305725,
	"best_train_main_random_metric": 33666.83984375
}