{
	"best_train_main_metric": 15.835349082946777,
	"best_valid_main_acc": 0.8208092451095581,
	"best_valid_main_smin_acc": 0.3695652186870575,
	"best_valid_main_pdelta": 0.4572550654411316,
	"best_train_main_random_metric": 20711.587890625
}