{
	"best_train_main_metric": 1.412829875946045,
	"best_valid_main_acc": 0.8690909147262573,
	"best_valid_main_smin_acc": 0.25,
	"best_valid_main_pdelta": 0.5015706419944763,
	"best_train_main_random_metric": 25418.611328125
}