{
	"best_train_main_metric": 10.345386505126953,
	"best_valid_main_acc": 0.7875458002090454,
	"best_valid_main_smin_acc": 0.5082644820213318,
	"best_valid_main_pdelta": 0.4281608462333679,
	"best_train_main_random_metric": 25014.3203125
}