{
	"best_train_main_metric": 560.970703125,
	"best_valid_main_acc": 0.8344671130180359,
	"best_valid_main_smin_acc": 0.1666666716337204,
	"best_valid_main_pdelta": 0.03407333046197891,
	"best_train_main_random_metric": 564.114013671875
}