{
	"best_train_main_metric": 4456.3837890625,
	"best_valid_main_acc": 0.7399267554283142,
	"best_valid_main_smin_acc": 0.08376963436603546,
	"best_valid_main_pdelta": 0.04697053134441376,
	"best_train_main_random_metric": 6222.50341796875
}