{
	"best_train_main_metric": 22908.771484375,
	"best_valid_main_acc": 0.5154545307159424,
	"best_valid_main_smin_acc": 0.5454545617103577,
	"best_valid_main_pdelta": 0.47148141264915466,
	"best_train_main_random_metric": 9.04631233215332
}