{
	"best_train_main_metric": 747.3697509765625,
	"best_valid_main_acc": 0.8255813717842102,
	"best_valid_main_smin_acc": 0.2800000011920929,
	"best_valid_main_pdelta": 0.04984661191701889,
	"best_train_main_random_metric": 747.7089233398438
}