{
	"best_train_main_metric": 588.9957275390625,
	"best_valid_main_acc": 0.4516128897666931,
	"best_valid_main_smin_acc": 0.3644859790802002,
	"best_valid_main_pdelta": 0.1428784281015396,
	"best_train_main_random_metric": 476.31610107421875
}