{
	"best_train_main_metric": 548.0595703125,
	"best_valid_main_acc": 0.8956916332244873,
	"best_valid_main_smin_acc": 0.0,
	"best_valid_main_pdelta": 0.039077822118997574,
	"best_train_main_random_metric": 549.6469116210938
}