{
	"best_train_main_metric": 4281.8427734375,
	"best_valid_main_acc": 0.7820512652397156,
	"best_train_main_random_metric": 5870.73095703125
}