{
	"best_train_main_metric": 20991.595703125,
	"best_valid_main_acc": 0.5254545211791992,
	"best_valid_main_smin_acc": 0.5384615659713745,
	"best_valid_main_pdelta": 0.47124746441841125,
	"best_train_main_random_metric": 6.7313761711120605
}