{
	"best_train_main_metric": 13440.6708984375,
	"best_valid_main_acc": 0.5169366598129272,
	"best_valid_main_smin_acc": 0.5131579041481018,
	"best_valid_main_pdelta": 0.05169002711772919,
	"best_train_main_random_metric": 2.8587486743927
}