{
	"best_train_main_metric": 740.6888427734375,
	"best_valid_main_acc": 0.80989009141922,
	"best_valid_main_smin_acc": 0.7727272510528564,
	"best_valid_main_pdelta": 0.018976906314492226,
	"best_train_main_random_metric": 4572.341796875
}