{
	"best_train_main_metric": 1161.771728515625,
	"best_valid_main_acc": 0.7362637519836426,
	"best_valid_main_smin_acc": 0.6737967729568481,
	"best_valid_main_pdelta": 0.018849145621061325,
	"best_train_main_random_metric": 1162.85791015625
}