{
	"best_train_main_metric": 985.2308349609375,
	"best_valid_main_acc": 0.6975547075271606,
	"best_valid_main_smin_acc": 0.6024590134620667,
	"best_valid_main_pdelta": 0.02696203626692295,
	"best_train_main_random_metric": 987.482177734375
}