{
	"best_train_main_metric": 8.112802505493164,
	"best_valid_main_acc": 0.7626373767852783,
	"best_valid_main_smin_acc": 0.4659498333930969,
	"best_valid_main_pdelta": 0.49305713176727295,
	"best_train_main_random_metric": 29951.78125
}