{
	"best_train_main_metric": 1179.696044921875,
	"best_valid_main_acc": 0.7393225431442261,
	"best_valid_main_smin_acc": 0.6527777910232544,
	"best_valid_main_pdelta": 0.002263427944853902,
	"best_train_main_random_metric": 1829.062255859375
}