{
	"best_train_main_metric": 866.383544921875,
	"best_valid_main_acc": 0.7525773048400879,
	"best_valid_main_smin_acc": 0.4930555522441864,
	"best_valid_main_pdelta": 0.025146814063191414,
	"best_train_main_random_metric": 866.482177734375
}