{
	"best_train_main_metric": 2.9092979431152344,
	"best_valid_main_acc": 0.7817142605781555,
	"best_valid_main_smin_acc": 0.8027210831642151,
	"best_valid_main_pdelta": 0.01722778007388115,
	"best_train_main_random_metric": 18458.2109375
}