{
	"best_train_main_metric": 1107.3697509765625,
	"best_valid_main_acc": 0.7542856931686401,
	"best_valid_main_smin_acc": 0.7739726305007935,
	"best_valid_main_pdelta": 0.011285421438515186,
	"best_train_main_random_metric": 1107.7816162109375
}