{
	"best_train_main_metric": 1107.4615478515625,
	"best_valid_main_acc": 0.7348571419715881,
	"best_valid_main_smin_acc": 0.7374429106712341,
	"best_valid_main_pdelta": 0.01295347511768341,
	"best_train_main_random_metric": 1108.22314453125
}