{
	"best_train_main_metric": 517.7037353515625,
	"best_valid_main_acc": 0.5622119903564453,
	"best_valid_main_smin_acc": 0.7599999904632568,
	"best_valid_main_pdelta": 0.0006803269498050213,
	"best_train_main_random_metric": 550.6419067382812
}