{
	"best_train_main_metric": 512.0576171875,
	"best_valid_main_acc": 0.599078357219696,
	"best_valid_main_smin_acc": 0.8235294222831726,
	"best_valid_main_pdelta": 0.0013409315142780542,
	"best_train_main_random_metric": 551.4103393554688
}