{
	"best_train_main_metric": 967.1249389648438,
	"best_valid_main_acc": 0.8287546038627625,
	"best_valid_main_smin_acc": 0.8474903702735901,
	"best_valid_main_pdelta": 0.01051497645676136,
	"best_train_main_random_metric": 4916.16650390625
}