{
	"best_train_main_metric": 1368.144775390625,
	"best_valid_main_acc": 0.6584249138832092,
	"best_valid_main_smin_acc": 0.6486486196517944,
	"best_valid_main_pdelta": 0.017975343391299248,
	"best_train_main_random_metric": 1369.5238037109375
}