{
	"best_train_main_metric": 490.8038635253906,
	"best_valid_main_acc": 0.599078357219696,
	"best_valid_main_smin_acc": 0.6969696879386902,
	"best_valid_main_pdelta": 0.03943849727511406,
	"best_train_main_random_metric": 564.3659057617188
}