{
	"best_train_main_metric": 1.4185601472854614,
	"best_valid_main_acc": 0.8173785209655762,
	"best_valid_main_smin_acc": 0.6052631735801697,
	"best_valid_main_pdelta": 0.03872239589691162,
	"best_train_main_random_metric": 14123.130859375
}