{
	"best_train_main_metric": 886.4467163085938,
	"best_valid_main_acc": 0.7472527623176575,
	"best_valid_main_smin_acc": 0.7050847411155701,
	"best_valid_main_pdelta": 0.01254202239215374,
	"best_train_main_random_metric": 886.7404174804688
}