{
	"best_train_main_metric": 886.5681762695312,
	"best_valid_main_acc": 0.7651098966598511,
	"best_valid_main_smin_acc": 0.7355931997299194,
	"best_valid_main_pdelta": 0.012349261902272701,
	"best_train_main_random_metric": 886.579345703125
}