{
	"best_train_main_metric": 5416.50146484375,
	"best_valid_main_acc": 0.5050366520881653,
	"best_valid_main_smin_acc": 0.5,
	"best_valid_main_pdelta": 0.0,
	"best_train_main_random_metric": 5416.49853515625
}