{
	"best_train_main_metric": 20084.69140625,
	"best_valid_main_acc": 0.48059454560279846,
	"best_valid_main_smin_acc": 0.4166666567325592,
	"best_valid_main_pdelta": 0.4345322847366333,
	"best_train_main_random_metric": 23.865253448486328
}