{
	"best_train_main_metric": 1898.7230224609375,
	"best_valid_main_acc": 0.6732863783836365,
	"best_valid_main_smin_acc": 0.5406593680381775,
	"best_valid_main_pdelta": 0.15030303597450256,
	"best_train_main_random_metric": 1905.279296875
}