{
	"best_train_main_metric": 2441.25732421875,
	"best_valid_main_acc": 0.7655349373817444,
	"best_valid_main_smin_acc": 0.5758242011070251,
	"best_valid_main_pdelta": 0.15258394181728363,
	"best_train_main_random_metric": 4418.68359375
}