{
	"best_train_main_metric": 4014.43896484375,
	"best_valid_main_acc": 0.6790292859077454,
	"best_valid_main_smin_acc": 0.6642335653305054,
	"best_valid_main_pdelta": 0.07452470064163208,
	"best_train_main_random_metric": 5670.54150390625
}