{
	"best_train_main_metric": 530.1080322265625,
	"best_valid_main_acc": 0.8480725884437561,
	"best_valid_main_smin_acc": 0.4000000059604645,
	"best_valid_main_pdelta": 0.04170465096831322,
	"best_train_main_random_metric": 531.4185791015625
}