{
	"best_train_main_metric": 26160.0859375,
	"best_valid_main_acc": 0.5144508481025696,
	"best_valid_main_smin_acc": 0.38983049988746643,
	"best_valid_main_pdelta": 0.44815313816070557,
	"best_train_main_random_metric": 11.387638092041016
}