{
	"best_train_main_metric": 0.023712720721960068,
	"best_valid_main_acc": 0.7725274562835693,
	"best_valid_main_smin_acc": 0.7065526843070984,
	"best_valid_main_pdelta": 0.05523112416267395,
	"best_train_main_random_metric": 20991.9296875
}