{
	"best_train_main_metric": 16905.326171875,
	"best_valid_main_acc": 0.5005714297294617,
	"best_valid_main_smin_acc": 0.4761904776096344,
	"best_valid_main_pdelta": 0.03231645002961159,
	"best_train_main_random_metric": 1.6600420475006104
}