{
	"best_train_main_metric": 4787.373046875,
	"best_valid_main_acc": 0.6350732445716858,
	"best_valid_main_smin_acc": 0.29323309659957886,
	"best_valid_main_pdelta": 0.14473073184490204,
	"best_train_main_random_metric": 5322.716796875
}