{
	"best_train_main_metric": 15174.0908203125,
	"best_valid_main_acc": 0.48914286494255066,
	"best_valid_main_smin_acc": 0.4693877696990967,
	"best_valid_main_pdelta": 0.02861933596432209,
	"best_train_main_random_metric": 2.7791895866394043
}