{
	"best_train_main_metric": 17533.72265625,
	"best_valid_main_acc": 0.4285714328289032,
	"best_valid_main_smin_acc": 0.427807480096817,
	"best_valid_main_pdelta": 0.046914998441934586,
	"best_train_main_random_metric": 1.5492700338363647
}