{
	"best_train_main_metric": 17806.705078125,
	"best_valid_main_acc": 0.46373626589775085,
	"best_valid_main_smin_acc": 0.4625668525695801,
	"best_valid_main_pdelta": 0.05283724516630173,
	"best_train_main_random_metric": 1.569383144378662
}