{
	"best_train_main_metric": 1906.146240234375,
	"best_valid_main_acc": 0.6438180804252625,
	"best_valid_main_smin_acc": 0.4989010989665985,
	"best_valid_main_pdelta": 0.14023016393184662,
	"best_train_main_random_metric": 1910.8455810546875
}