{
	"best_train_main_metric": 4171.669921875,
	"best_valid_main_acc": 0.6868131756782532,
	"best_valid_main_smin_acc": 0.11336717754602432,
	"best_valid_main_pdelta": 0.2506343722343445,
	"best_train_main_random_metric": 6701.263671875
}