{
	"best_train_main_metric": 4136.14453125,
	"best_valid_main_acc": 0.6643772721290588,
	"best_valid_main_smin_acc": 0.1912013590335846,
	"best_valid_main_pdelta": 0.3473944664001465,
	"best_train_main_random_metric": 11080.546875
}