{
	"best_train_main_metric": 0.038892485201358795,
	"best_valid_main_acc": 0.8504983186721802,
	"best_valid_main_smin_acc": 0.4833333194255829,
	"best_valid_main_pdelta": 0.08626285940408707,
	"best_train_main_random_metric": 11999.427734375
}