{
	"best_train_main_metric": 5416.4951171875,
	"best_valid_main_acc": 0.5050366520881653,
	"best_valid_main_smin_acc": 0.49067598581314087,
	"best_valid_main_pdelta": 1.894262027235527e-06,
	"best_train_main_random_metric": 5416.494140625
}