{
	"best_train_main_metric": 5416.2919921875,
	"best_valid_main_acc": 0.5050366520881653,
	"best_valid_main_smin_acc": 0.49067598581314087,
	"best_valid_main_pdelta": 0.0,
	"best_train_main_random_metric": 5416.29296875
}