{
	"best_train_main_metric": 1123.9561767578125,
	"best_valid_main_acc": 0.7483516335487366,
	"best_valid_main_smin_acc": 0.7727272510528564,
	"best_valid_main_pdelta": 0.033054135739803314,
	"best_train_main_random_metric": 4111.9033203125
}