{
	"best_train_main_metric": 1167.5157470703125,
	"best_valid_main_acc": 0.696703314781189,
	"best_valid_main_smin_acc": 0.6818181872367859,
	"best_valid_main_pdelta": 0.0125558627769351,
	"best_train_main_random_metric": 1166.23388671875
}