{
	"best_train_main_metric": 25215.955078125,
	"best_valid_main_acc": 0.4921552538871765,
	"best_valid_main_smin_acc": 0.5677965879440308,
	"best_valid_main_pdelta": 0.46449023485183716,
	"best_train_main_random_metric": 12.154122352600098
}