{
	"best_train_main_metric": 20147.416015625,
	"best_valid_main_acc": 0.5164835453033447,
	"best_valid_main_smin_acc": 0.4928774833679199,
	"best_valid_main_pdelta": 0.05812367424368858,
	"best_train_main_random_metric": 0.053453121334314346
}