{
	"best_train_main_metric": 1.4677400588989258,
	"best_valid_main_acc": 0.7837837934494019,
	"best_valid_main_smin_acc": 0.6480686664581299,
	"best_valid_main_pdelta": 0.0793384537100792,
	"best_train_main_random_metric": 15559.5673828125
}