{
	"best_train_main_metric": 1.444584846496582,
	"best_valid_main_acc": 0.8018018007278442,
	"best_valid_main_smin_acc": 0.6394850015640259,
	"best_valid_main_pdelta": 0.08377497643232346,
	"best_train_main_random_metric": 15963.2060546875
}