{
	"best_train_main_metric": 3826.59423828125,
	"best_valid_main_acc": 0.6588827967643738,
	"best_valid_main_smin_acc": 0.6913357377052307,
	"best_valid_main_pdelta": 0.24402675032615662,
	"best_train_main_random_metric": 9486.9365234375
}