{
	"best_train_main_metric": 4805.5654296875,
	"best_valid_main_acc": 0.6071428656578064,
	"best_valid_main_smin_acc": 0.3807407319545746,
	"best_valid_main_pdelta": 0.1458844393491745,
	"best_train_main_random_metric": 5179.9453125
}