{
	"best_train_main_metric": 1734.5096435546875,
	"best_valid_main_acc": 0.5139911770820618,
	"best_valid_main_smin_acc": 0.5263158082962036,
	"best_valid_main_pdelta": 0.008444555103778839,
	"best_train_main_random_metric": 1476.6246337890625
}