{
	"best_train_main_metric": 13418.74609375,
	"best_valid_main_acc": 0.5419734716415405,
	"best_valid_main_smin_acc": 0.4736842215061188,
	"best_valid_main_pdelta": 0.04638337716460228,
	"best_train_main_random_metric": 4.228765964508057
}