{
	"best_train_main_metric": 504.5456848144531,
	"best_valid_main_acc": 0.5622119903564453,
	"best_valid_main_smin_acc": 0.8684210777282715,
	"best_valid_main_pdelta": 0.0057396660558879375,
	"best_train_main_random_metric": 564.7095947265625
}