{
	"best_train_main_metric": 385.73089599609375,
	"best_valid_main_acc": 0.7603686451911926,
	"best_valid_main_smin_acc": 0.20000000298023224,
	"best_valid_main_pdelta": 0.2938862442970276,
	"best_train_main_random_metric": 581.3272705078125
}