{
	"best_train_main_metric": 979.5261840820312,
	"best_valid_main_acc": 0.7683397531509399,
	"best_valid_main_smin_acc": 0.6926407217979431,
	"best_valid_main_pdelta": 0.02343454584479332,
	"best_train_main_random_metric": 979.373291015625
}