{
	"best_train_main_metric": 519.4368286132812,
	"best_valid_main_acc": 0.557603657245636,
	"best_valid_main_smin_acc": 0.8684210777282715,
	"best_valid_main_pdelta": 0.0005804217071272433,
	"best_train_main_random_metric": 549.6143798828125
}