{
	"best_train_main_metric": 44.1795539855957,
	"best_valid_main_acc": 0.7137362360954285,
	"best_valid_main_smin_acc": 0.6153846383094788,
	"best_valid_main_pdelta": 0.447476327419281,
	"best_train_main_random_metric": 28810.642578125
}