{
	"best_train_main_metric": 360.3675842285156,
	"best_valid_main_acc": 0.7834101319313049,
	"best_valid_main_smin_acc": 0.21212121844291687,
	"best_valid_main_pdelta": 0.33336031436920166,
	"best_train_main_random_metric": 586.1320190429688
}