{
	"best_train_main_metric": 485.68695068359375,
	"best_valid_main_acc": 0.5622119903564453,
	"best_valid_main_smin_acc": 0.939393937587738,
	"best_valid_main_pdelta": 0.03095358982682228,
	"best_train_main_random_metric": 577.4389038085938
}