{
	"best_train_main_metric": 12513.7802734375,
	"best_valid_main_acc": 0.5489566326141357,
	"best_valid_main_smin_acc": 0.541436493396759,
	"best_valid_main_pdelta": 0.024357007816433907,
	"best_train_main_random_metric": 2.0216190814971924
}