{
	"best_train_main_metric": 4298.2373046875,
	"best_valid_main_acc": 0.7870879173278809,
	"best_train_main_random_metric": 5873.4931640625
}