{
	"best_train_main_metric": 814.2542114257812,
	"best_valid_main_acc": 0.7555228471755981,
	"best_valid_main_smin_acc": 0.5657894611358643,
	"best_valid_main_pdelta": 0.0284796841442585,
	"best_train_main_random_metric": 817.3427124023438
}