{
	"best_train_main_metric": 36.145267486572266,
	"best_valid_main_acc": 0.7291208505630493,
	"best_valid_main_smin_acc": 0.6620689630508423,
	"best_valid_main_pdelta": 0.5046349763870239,
	"best_train_main_random_metric": 33300.40625
}