{
	"best_train_main_metric": 3.118046760559082,
	"best_valid_main_acc": 0.778388261795044,
	"best_valid_main_smin_acc": 0.7857142686843872,
	"best_valid_main_pdelta": 0.028279343619942665,
	"best_train_main_random_metric": 23102.5546875
}