{
	"best_train_main_metric": 1941.3865966796875,
	"best_valid_main_acc": 0.6643177270889282,
	"best_valid_main_smin_acc": 0.5439814925193787,
	"best_valid_main_pdelta": 0.12044542282819748,
	"best_train_main_random_metric": 1953.378662109375
}