{
	"best_train_main_metric": 20021.236328125,
	"best_valid_main_acc": 0.5175824165344238,
	"best_valid_main_smin_acc": 0.4867132902145386,
	"best_valid_main_pdelta": 0.43496257066726685,
	"best_train_main_random_metric": 80.25680541992188
}