{
	"best_train_main_metric": 4676.8818359375,
	"best_valid_main_acc": 0.6639193892478943,
	"best_valid_main_smin_acc": 0.5349753499031067,
	"best_valid_main_pdelta": 0.12475307285785675,
	"best_train_main_random_metric": 5530.5439453125
}