{
	"best_train_main_metric": 4672.00634765625,
	"best_valid_main_acc": 0.7010073065757751,
	"best_valid_main_smin_acc": 0.5832512378692627,
	"best_valid_main_pdelta": 0.07777045667171478,
	"best_train_main_random_metric": 5850.92041015625
}