{
	"best_train_main_metric": 14078.5859375,
	"best_valid_main_acc": 0.48906049132347107,
	"best_valid_main_smin_acc": 0.6180257797241211,
	"best_valid_main_pdelta": 0.045968424528837204,
	"best_train_main_random_metric": 6.006490230560303
}