{
	"best_train_main_metric": 886.7650146484375,
	"best_valid_main_acc": 0.6978021860122681,
	"best_valid_main_smin_acc": 0.698305070400238,
	"best_valid_main_pdelta": 0.012028705328702927,
	"best_train_main_random_metric": 887.5474243164062
}