{
	"best_train_main_metric": 1.4088401794433594,
	"best_valid_main_acc": 0.8404118418693542,
	"best_valid_main_smin_acc": 0.7575757503509521,
	"best_valid_main_pdelta": 0.033850882202386856,
	"best_train_main_random_metric": 17629.568359375
}