{
	"best_train_main_metric": 2405.34716796875,
	"best_valid_main_acc": 0.9711538553237915,
	"best_train_main_random_metric": 6661.69873046875
}