{
	"best_train_main_metric": 2510.635009765625,
	"best_valid_main_acc": 0.9583333134651184,
	"best_train_main_random_metric": 6624.6611328125
}