{
	"best_train_main_metric": 981.4668579101562,
	"best_valid_main_acc": 0.769626796245575,
	"best_valid_main_smin_acc": 0.6796537041664124,
	"best_valid_main_pdelta": 0.02264288254082203,
	"best_train_main_random_metric": 977.2799682617188
}