{
	"best_train_main_metric": 980.3052368164062,
	"best_valid_main_acc": 0.7477477192878723,
	"best_valid_main_smin_acc": 0.6277056336402893,
	"best_valid_main_pdelta": 0.02069501020014286,
	"best_train_main_random_metric": 978.1473388671875
}