{
	"best_train_main_metric": 15250.072265625,
	"best_valid_main_acc": 0.5036818981170654,
	"best_valid_main_smin_acc": 0.4583333432674408,
	"best_valid_main_pdelta": 0.04822401702404022,
	"best_train_main_random_metric": 2.846754789352417
}