{
	"best_train_main_metric": 1333.9556884765625,
	"best_valid_main_acc": 0.6959707140922546,
	"best_valid_main_smin_acc": 0.6987740993499756,
	"best_valid_main_pdelta": 0.022312205284833908,
	"best_train_main_random_metric": 1333.1763916015625
}