{
	"best_train_main_metric": 12506.056640625,
	"best_valid_main_acc": 0.5040128231048584,
	"best_valid_main_smin_acc": 0.5230769515037537,
	"best_valid_main_pdelta": 0.024341870099306107,
	"best_train_main_random_metric": 0.053175076842308044
}