{
	"best_train_main_metric": 0.012549742124974728,
	"best_valid_main_acc": 0.9216758012771606,
	"best_valid_main_smin_acc": 0.1666666716337204,
	"best_valid_main_pdelta": 0.15694469213485718,
	"best_train_main_random_metric": 12493.3193359375
}