{
	"best_train_main_metric": 1093.157958984375,
	"best_valid_main_acc": 0.6794171333312988,
	"best_valid_main_smin_acc": 0.1666666716337204,
	"best_valid_main_pdelta": 0.0012449797941371799,
	"best_train_main_random_metric": 1424.0748291015625
}