{
	"best_train_main_metric": 686.994873046875,
	"best_valid_main_acc": 0.8561019897460938,
	"best_valid_main_smin_acc": 0.0,
	"best_valid_main_pdelta": 0.08622204512357712,
	"best_train_main_random_metric": 690.7162475585938
}