{
	"best_train_main_metric": 4745.22119140625,
	"best_valid_main_acc": 0.6973443031311035,
	"best_valid_main_smin_acc": 0.4994606375694275,
	"best_valid_main_pdelta": 0.05043855309486389,
	"best_train_main_random_metric": 5583.876953125
}