{
	"best_train_main_metric": 4440.3076171875,
	"best_valid_main_acc": 0.6359890103340149,
	"best_valid_main_smin_acc": 0.48435813188552856,
	"best_valid_main_pdelta": 0.1644027978181839,
	"best_train_main_random_metric": 5213.25732421875
}