{
	"best_train_main_metric": 1083.3323974609375,
	"best_valid_main_acc": 0.671999990940094,
	"best_valid_main_smin_acc": 0.6961451172828674,
	"best_valid_main_pdelta": 0.01012231595814228,
	"best_train_main_random_metric": 1069.592041015625
}