{
	"best_train_main_metric": 1401.9283447265625,
	"best_valid_main_acc": 0.7409090995788574,
	"best_valid_main_smin_acc": 0.0,
	"best_valid_main_pdelta": 0.36707791686058044,
	"best_train_main_random_metric": 1406.342529296875
}