{
	"best_train_main_metric": 765.905029296875,
	"best_valid_main_acc": 0.8945454359054565,
	"best_valid_main_smin_acc": 0.0,
	"best_valid_main_pdelta": 0.30879002809524536,
	"best_train_main_random_metric": 4673.05517578125
}