{
	"best_train_main_metric": 9.295101165771484,
	"best_valid_main_acc": 0.8249380588531494,
	"best_valid_main_smin_acc": 0.4193548262119293,
	"best_valid_main_pdelta": 0.4648032784461975,
	"best_train_main_random_metric": 21938.7265625
}