{
	"best_train_main_metric": 665.4295654296875,
	"best_valid_main_acc": 0.7509157657623291,
	"best_valid_main_smin_acc": 0.5897436141967773,
	"best_valid_main_pdelta": 0.025068094953894615,
	"best_train_main_random_metric": 657.55712890625
}