{
	"best_train_main_metric": 0.010697226971387863,
	"best_valid_main_acc": 0.9115646481513977,
	"best_valid_main_smin_acc": 0.20000000298023224,
	"best_valid_main_pdelta": 0.09626853466033936,
	"best_train_main_random_metric": 9866.9873046875
}