{
	"best_train_main_metric": 1689.8638916015625,
	"best_valid_main_acc": 0.694505512714386,
	"best_valid_main_smin_acc": 0.44326239824295044,
	"best_valid_main_pdelta": 0.23834961652755737,
	"best_train_main_random_metric": 1685.6424560546875
}