{
	"best_train_main_metric": 1779.0870361328125,
	"best_valid_main_acc": 0.8007326126098633,
	"best_valid_main_smin_acc": 0.5283687710762024,
	"best_valid_main_pdelta": 0.1994200050830841,
	"best_train_main_random_metric": 4262.47607421875
}