{
	"best_train_main_metric": 24.523387908935547,
	"best_valid_main_acc": 0.6849817037582397,
	"best_valid_main_smin_acc": 0.6534296274185181,
	"best_valid_main_pdelta": 0.5308542847633362,
	"best_train_main_random_metric": 41415.94921875
}