{
	"best_train_main_metric": 96.45491790771484,
	"best_valid_main_acc": 0.6909340620040894,
	"best_valid_main_smin_acc": 0.6768953204154968,
	"best_valid_main_pdelta": 0.4813064634799957,
	"best_train_main_random_metric": 36586.3203125
}