{
	"best_train_main_metric": 31290.99609375,
	"best_valid_main_acc": 0.4763736128807068,
	"best_valid_main_smin_acc": 0.5186246633529663,
	"best_valid_main_pdelta": 0.47809815406799316,
	"best_train_main_random_metric": 91.28153228759766
}