{
	"best_train_main_metric": 1.423028826713562,
	"best_valid_main_acc": 0.8571428656578064,
	"best_valid_main_smin_acc": 0.4035087823867798,
	"best_valid_main_pdelta": 0.05532446876168251,
	"best_train_main_random_metric": 9895.0478515625
}