{
	"best_train_main_metric": 400.5815734863281,
	"best_valid_main_acc": 0.6036866307258606,
	"best_valid_main_smin_acc": 0.523809552192688,
	"best_valid_main_pdelta": 0.21721328794956207,
	"best_train_main_random_metric": 454.2960510253906
}