{
	"best_train_main_metric": 474.76898193359375,
	"best_valid_main_acc": 0.6036866307258606,
	"best_valid_main_smin_acc": 0.5142857432365417,
	"best_valid_main_pdelta": 0.08406566828489304,
	"best_train_main_random_metric": 516.7864379882812
}