{
	"best_train_main_metric": 747.50732421875,
	"best_valid_main_acc": 0.8172757625579834,
	"best_valid_main_smin_acc": 0.36000001430511475,
	"best_valid_main_pdelta": 0.04742955043911934,
	"best_train_main_random_metric": 747.4619750976562
}