{
	"best_train_main_metric": 748.6918334960938,
	"best_valid_main_acc": 0.8322259187698364,
	"best_valid_main_smin_acc": 0.3799999952316284,
	"best_valid_main_pdelta": 0.04598318040370941,
	"best_train_main_random_metric": 746.9287109375
}