{
	"best_train_main_metric": 413.2967834472656,
	"best_valid_main_acc": 0.5115207433700562,
	"best_valid_main_smin_acc": 0.47999998927116394,
	"best_valid_main_pdelta": 0.18678748607635498,
	"best_train_main_random_metric": 476.882080078125
}