{
	"best_train_main_metric": 366.65625,
	"best_valid_main_acc": 0.5437787771224976,
	"best_valid_main_smin_acc": 0.550000011920929,
	"best_valid_main_pdelta": 0.302978515625,
	"best_train_main_random_metric": 338.9773254394531
}