{
	"best_train_main_metric": 1370.7825927734375,
	"best_valid_main_acc": 0.7690908908843994,
	"best_valid_main_smin_acc": 0.1111111119389534,
	"best_valid_main_pdelta": 0.19166262447834015,
	"best_train_main_random_metric": 1382.7991943359375
}