{
	"best_train_main_metric": 1054.319091796875,
	"best_valid_main_acc": 0.8736363649368286,
	"best_valid_main_smin_acc": 0.2222222238779068,
	"best_valid_main_pdelta": 0.2693060636520386,
	"best_train_main_random_metric": 4081.969970703125
}