{
	"best_train_main_metric": 999.92431640625,
	"best_valid_main_acc": 0.7979407906532288,
	"best_valid_main_smin_acc": 0.7581967115402222,
	"best_valid_main_pdelta": 0.010014143772423267,
	"best_train_main_random_metric": 2596.361328125
}