{
	"best_train_main_metric": 986.2281494140625,
	"best_valid_main_acc": 0.7129986882209778,
	"best_valid_main_smin_acc": 0.6270492076873779,
	"best_valid_main_pdelta": 0.024927794933319092,
	"best_train_main_random_metric": 986.1567993164062
}