{
	"best_train_main_metric": 1718.888427734375,
	"best_valid_main_acc": 0.7047619223594666,
	"best_valid_main_smin_acc": 0.40613025426864624,
	"best_valid_main_pdelta": 0.18235008418560028,
	"best_train_main_random_metric": 1734.724365234375
}