{
	"best_train_main_metric": 948.3232421875,
	"best_valid_main_acc": 0.7580437660217285,
	"best_valid_main_smin_acc": 0.6866952776908875,
	"best_valid_main_pdelta": 0.026008006185293198,
	"best_train_main_random_metric": 949.7603149414062
}