{
	"best_train_main_metric": 948.7199096679688,
	"best_valid_main_acc": 0.7142857313156128,
	"best_valid_main_smin_acc": 0.6309012770652771,
	"best_valid_main_pdelta": 0.026667313650250435,
	"best_train_main_random_metric": 949.6090087890625
}