{
	"best_train_main_metric": 0.028214210644364357,
	"best_valid_main_acc": 0.8571428656578064,
	"best_valid_main_smin_acc": 0.41999998688697815,
	"best_valid_main_pdelta": 0.09070616215467453,
	"best_train_main_random_metric": 12886.5732421875
}