{
	"best_train_main_metric": 679.2876586914062,
	"best_valid_main_acc": 0.8852459192276001,
	"best_valid_main_smin_acc": 0.25,
	"best_valid_main_pdelta": 0.09578510373830795,
	"best_train_main_random_metric": 681.615478515625
}