{
	"best_train_main_metric": 389.7056579589844,
	"best_valid_main_acc": 0.8797814249992371,
	"best_valid_main_smin_acc": 0.5,
	"best_valid_main_pdelta": 0.021824734285473824,
	"best_train_main_random_metric": 2359.614013671875
}