{
	"best_train_main_metric": 9259.4306640625,
	"best_valid_main_acc": 0.5439560413360596,
	"best_valid_main_smin_acc": 0.4273504316806793,
	"best_valid_main_pdelta": 0.032131750136613846,
	"best_train_main_random_metric": 0.16129614412784576
}