{
	"best_train_main_metric": 16.821224212646484,
	"best_valid_main_acc": 0.7780219912528992,
	"best_valid_main_smin_acc": 0.5,
	"best_valid_main_pdelta": 0.5031659007072449,
	"best_train_main_random_metric": 23141.599609375
}