{
	"best_train_main_metric": 8.04716682434082,
	"best_valid_main_acc": 0.7787545919418335,
	"best_valid_main_smin_acc": 0.521276593208313,
	"best_valid_main_pdelta": 0.448106974363327,
	"best_train_main_random_metric": 23408.3359375
}