{
	"best_train_main_metric": 811.794677734375,
	"best_valid_main_acc": 0.8175824284553528,
	"best_valid_main_smin_acc": 0.8021390438079834,
	"best_valid_main_pdelta": 0.01114351861178875,
	"best_train_main_random_metric": 4105.4580078125
}