{
	"best_train_main_metric": 1161.713134765625,
	"best_valid_main_acc": 0.7032967209815979,
	"best_valid_main_smin_acc": 0.6229946613311768,
	"best_valid_main_pdelta": 0.025190526619553566,
	"best_train_main_random_metric": 1163.02880859375
}