{
	"best_train_main_metric": 467.6335144042969,
	"best_valid_main_acc": 0.5622119903564453,
	"best_valid_main_smin_acc": 0.5794392228126526,
	"best_valid_main_pdelta": 0.07895921170711517,
	"best_train_main_random_metric": 616.6688842773438
}