{
	"best_train_main_metric": 2309.278076171875,
	"best_valid_main_acc": 0.5346153974533081,
	"best_valid_main_smin_acc": 0.4877149760723114,
	"best_valid_main_pdelta": 0.14740870893001556,
	"best_train_main_random_metric": 2324.917236328125
}