{
	"best_train_main_metric": 10926.7431640625,
	"best_valid_main_acc": 0.5315614342689514,
	"best_valid_main_smin_acc": 0.5166666507720947,
	"best_valid_main_pdelta": 0.04292021691799164,
	"best_train_main_random_metric": 2.9320733547210693
}