{
	"best_train_main_metric": 3988.018310546875,
	"best_valid_main_acc": 0.6593406796455383,
	"best_valid_main_smin_acc": 0.6579422354698181,
	"best_valid_main_pdelta": 0.23574863374233246,
	"best_train_main_random_metric": 10247.8505859375
}