{
	"best_train_main_metric": 3695.623046875,
	"best_valid_main_acc": 0.6373626589775085,
	"best_valid_main_smin_acc": 0.6552346348762512,
	"best_valid_main_pdelta": 0.2616516649723053,
	"best_train_main_random_metric": 10326.4833984375
}