{
	"best_train_main_metric": 475.81024169921875,
	"best_valid_main_acc": 0.5806451439857483,
	"best_valid_main_smin_acc": 0.5849056839942932,
	"best_valid_main_pdelta": 0.050589848309755325,
	"best_train_main_random_metric": 603.4464721679688
}