{
	"best_train_main_metric": 512.6156005859375,
	"best_valid_main_acc": 0.599078357219696,
	"best_valid_main_smin_acc": 0.7272727489471436,
	"best_valid_main_pdelta": 0.0016912228893488646,
	"best_train_main_random_metric": 550.8530883789062
}