{
	"best_train_main_metric": 608.2365112304688,
	"best_valid_main_acc": 0.7743270993232727,
	"best_valid_main_smin_acc": 0.3499999940395355,
	"best_valid_main_pdelta": 0.03396846726536751,
	"best_train_main_random_metric": 607.607421875
}