{
	"best_train_main_metric": 4716.5244140625,
	"best_valid_main_acc": 0.7051281929016113,
	"best_valid_main_smin_acc": 0.2940298616886139,
	"best_valid_main_pdelta": 0.007451621349900961,
	"best_train_main_random_metric": 6074.52685546875
}