{
	"best_train_main_metric": 24132.001953125,
	"best_valid_main_acc": 0.49793559312820435,
	"best_valid_main_smin_acc": 0.4528301954269409,
	"best_valid_main_pdelta": 0.45646485686302185,
	"best_train_main_random_metric": 19.794771194458008
}