{
	"best_train_main_metric": 11051.599609375,
	"best_valid_main_acc": 0.5215947031974792,
	"best_valid_main_smin_acc": 0.4000000059604645,
	"best_valid_main_pdelta": 0.06509089469909668,
	"best_train_main_random_metric": 1.5652415752410889
}