{
	"best_train_main_metric": 1.4157109260559082,
	"best_valid_main_acc": 0.815905749797821,
	"best_valid_main_smin_acc": 0.5460526347160339,
	"best_valid_main_pdelta": 0.04675232619047165,
	"best_train_main_random_metric": 14462.525390625
}