{
	"best_train_main_metric": 376.1053161621094,
	"best_valid_main_acc": 0.8853820562362671,
	"best_valid_main_smin_acc": 0.5178571343421936,
	"best_valid_main_pdelta": 0.06958723068237305,
	"best_train_main_random_metric": 3263.81396484375
}