{
	"best_train_main_metric": 790.56640625,
	"best_valid_main_acc": 0.8322259187698364,
	"best_valid_main_smin_acc": 0.5,
	"best_valid_main_pdelta": 0.03934422880411148,
	"best_train_main_random_metric": 787.6409301757812
}