{
	"best_train_main_metric": 513.44091796875,
	"best_valid_main_acc": 0.6036866307258606,
	"best_valid_main_smin_acc": 0.6036036014556885,
	"best_valid_main_pdelta": 0.0013434163993224502,
	"best_train_main_random_metric": 550.7007446289062
}