{
	"best_train_main_metric": 22434.66015625,
	"best_valid_main_acc": 0.4558216333389282,
	"best_valid_main_smin_acc": 0.46226415038108826,
	"best_valid_main_pdelta": 0.47068795561790466,
	"best_train_main_random_metric": 20.696632385253906
}