{
	"best_train_main_metric": 3.441410541534424,
	"best_valid_main_acc": 0.8234350085258484,
	"best_valid_main_smin_acc": 0.7513812184333801,
	"best_valid_main_pdelta": 0.026911785826086998,
	"best_train_main_random_metric": 12590.369140625
}