{
	"best_train_main_metric": 0.009061475284397602,
	"best_valid_main_acc": 0.9198542833328247,
	"best_valid_main_smin_acc": 0.5,
	"best_valid_main_pdelta": 0.12498586624860764,
	"best_train_main_random_metric": 12551.037109375
}