{
	"best_train_main_metric": 2804.48974609375,
	"best_valid_main_acc": 0.5618131756782532,
	"best_valid_main_smin_acc": 0.5623853206634521,
	"best_valid_main_pdelta": 0.19540336728096008,
	"best_train_main_random_metric": 2820.68359375
}