{
	"best_train_main_metric": 800.8832397460938,
	"best_valid_main_acc": 0.8085419535636902,
	"best_valid_main_smin_acc": 0.6907894611358643,
	"best_valid_main_pdelta": 0.0060935718938708305,
	"best_train_main_random_metric": 2423.431884765625
}