{
	"best_train_main_metric": 814.6512451171875,
	"best_valid_main_acc": 0.7422680258750916,
	"best_valid_main_smin_acc": 0.5197368264198303,
	"best_valid_main_pdelta": 0.028061579912900925,
	"best_train_main_random_metric": 816.7308349609375
}