{
	"best_train_main_metric": 4329.5205078125,
	"best_valid_main_acc": 0.6615384817123413,
	"best_valid_main_smin_acc": 0.5895020365715027,
	"best_valid_main_pdelta": 0.015249878168106079,
	"best_train_main_random_metric": 4528.06103515625
}