{
	"best_train_main_metric": 867.45556640625,
	"best_valid_main_acc": 0.7452135682106018,
	"best_valid_main_smin_acc": 0.5486111044883728,
	"best_valid_main_pdelta": 0.02558346837759018,
	"best_train_main_random_metric": 867.292236328125
}