{
	"best_train_main_metric": 620.4509887695312,
	"best_valid_main_acc": 0.7967599630355835,
	"best_valid_main_smin_acc": 0.625,
	"best_valid_main_pdelta": 0.011584931053221226,
	"best_train_main_random_metric": 2588.701904296875
}