{
	"best_train_main_metric": 0.04086480289697647,
	"best_valid_main_acc": 0.9297052025794983,
	"best_valid_main_smin_acc": 0.1666666716337204,
	"best_valid_main_pdelta": 0.09276209026575089,
	"best_train_main_random_metric": 8822.728515625
}