{
	"best_train_main_metric": 4285.89990234375,
	"best_valid_main_acc": 0.781593382358551,
	"best_valid_main_smin_acc": 0.34219858050346375,
	"best_valid_main_pdelta": 0.0,
	"best_train_main_random_metric": 5888.81103515625
}