{
	"best_train_main_metric": 4413.2734375,
	"best_valid_main_acc": 0.7211538553237915,
	"best_valid_main_smin_acc": 0.09075342118740082,
	"best_valid_main_pdelta": 0.08180343359708786,
	"best_train_main_random_metric": 6104.3193359375
}