{
	"best_train_main_metric": 498.6868896484375,
	"best_valid_main_acc": 0.5622119903564453,
	"best_valid_main_smin_acc": 0.625,
	"best_valid_main_pdelta": 0.051780324429273605,
	"best_train_main_random_metric": 562.7023315429688
}