{
	"best_train_main_metric": 10717.6552734375,
	"best_valid_main_acc": 0.5409836173057556,
	"best_valid_main_smin_acc": 0.6666666865348816,
	"best_valid_main_pdelta": 0.048880890011787415,
	"best_train_main_random_metric": 2.85620379447937
}