{
	"best_train_main_metric": 1387.13134765625,
	"best_valid_main_acc": 0.5609090924263,
	"best_valid_main_smin_acc": 0.28478965163230896,
	"best_valid_main_pdelta": 0.19267377257347107,
	"best_train_main_random_metric": 1400.294677734375
}