{
	"best_train_main_metric": 5150.0341796875,
	"best_valid_main_acc": 0.6666666865348816,
	"best_valid_main_smin_acc": 0.2638436555862427,
	"best_valid_main_pdelta": 0.0018201672937721014,
	"best_train_main_random_metric": 5467.33203125
}