{
	"best_train_main_metric": 4711.75537109375,
	"best_valid_main_acc": 0.6955128312110901,
	"best_valid_main_smin_acc": 0.08112874627113342,
	"best_valid_main_pdelta": 0.13128843903541565,
	"best_train_main_random_metric": 5458.31787109375
}