{
	"best_train_main_metric": 1.9742377996444702,
	"best_valid_main_acc": 0.8351648449897766,
	"best_valid_main_smin_acc": 0.6018518805503845,
	"best_valid_main_pdelta": 0.051212482154369354,
	"best_train_main_random_metric": 12067.4169921875
}