{
	"best_train_main_metric": 1.9593530893325806,
	"best_valid_main_acc": 0.8278388381004333,
	"best_valid_main_smin_acc": 0.5370370149612427,
	"best_valid_main_pdelta": 0.05571183189749718,
	"best_train_main_random_metric": 12048.4111328125
}