{
	"best_train_main_metric": 751.409912109375,
	"best_valid_main_acc": 0.7351524829864502,
	"best_valid_main_smin_acc": 0.6298342347145081,
	"best_valid_main_pdelta": 0.018416788429021835,
	"best_train_main_random_metric": 750.8238525390625
}