{
	"best_train_main_metric": 751.798095703125,
	"best_valid_main_acc": 0.7094703316688538,
	"best_valid_main_smin_acc": 0.580110490322113,
	"best_valid_main_pdelta": 0.016142144799232483,
	"best_train_main_random_metric": 750.1489868164062
}