{
	"best_train_main_metric": 58.52919387817383,
	"best_valid_main_acc": 0.6904761791229248,
	"best_valid_main_smin_acc": 0.6678832173347473,
	"best_valid_main_pdelta": 0.4876103103160858,
	"best_train_main_random_metric": 40912.69921875
}