{
	"best_train_main_metric": 74.61268615722656,
	"best_valid_main_acc": 0.680402934551239,
	"best_valid_main_smin_acc": 0.6605839133262634,
	"best_valid_main_pdelta": 0.437673956155777,
	"best_train_main_random_metric": 34173.8515625
}