{
	"best_train_main_metric": 2821.3203125,
	"best_valid_main_acc": 0.6433150172233582,
	"best_valid_main_smin_acc": 0.6168652772903442,
	"best_valid_main_pdelta": 0.13276474177837372,
	"best_train_main_random_metric": 2851.995849609375
}