{
	"best_train_main_metric": 4072.146484375,
	"best_valid_main_acc": 0.7060439586639404,
	"best_valid_main_smin_acc": 0.6764436364173889,
	"best_valid_main_pdelta": 0.1103849932551384,
	"best_train_main_random_metric": 5870.20849609375
}