{
	"best_train_main_metric": 1146.1484375,
	"best_valid_main_acc": 0.7340659499168396,
	"best_valid_main_smin_acc": 0.6552706360816956,
	"best_valid_main_pdelta": 0.026009386405348778,
	"best_train_main_random_metric": 1141.0509033203125
}