{
	"best_train_main_metric": 819.656494140625,
	"best_valid_main_acc": 0.7868131995201111,
	"best_valid_main_smin_acc": 0.7549857497215271,
	"best_valid_main_pdelta": 0.015212079510092735,
	"best_train_main_random_metric": 3706.51806640625
}