{
	"best_train_main_metric": 29769.30859375,
	"best_valid_main_acc": 0.4500412940979004,
	"best_valid_main_smin_acc": 0.5267175436019897,
	"best_valid_main_pdelta": 0.4542091190814972,
	"best_train_main_random_metric": 9.811650276184082
}