{
	"best_train_main_metric": 30268.921875,
	"best_valid_main_acc": 0.5013736486434937,
	"best_valid_main_smin_acc": 0.4945848286151886,
	"best_valid_main_pdelta": 0.4725791811943054,
	"best_train_main_random_metric": 170.3953094482422
}