{
	"best_train_main_metric": 3.4986460208892822,
	"best_valid_main_acc": 0.784977912902832,
	"best_valid_main_smin_acc": 0.5486111044883728,
	"best_valid_main_pdelta": 0.06354504078626633,
	"best_train_main_random_metric": 13497.8818359375
}