{
	"best_train_main_metric": 4793.95068359375,
	"best_valid_main_acc": 0.6927655935287476,
	"best_valid_main_smin_acc": 0.6167487502098083,
	"best_valid_main_pdelta": 0.04761335626244545,
	"best_train_main_random_metric": 5608.34619140625
}