{
	"best_train_main_metric": 4741.3359375,
	"best_valid_main_acc": 0.6762820482254028,
	"best_valid_main_smin_acc": 0.5980295538902283,
	"best_valid_main_pdelta": 0.07051405310630798,
	"best_train_main_random_metric": 5547.99609375
}