{
	"best_train_main_metric": 26706.642578125,
	"best_valid_main_acc": 0.5374760031700134,
	"best_valid_main_smin_acc": 0.47755101323127747,
	"best_valid_main_pdelta": 0.4904918968677521,
	"best_train_main_random_metric": 59.192962646484375
}