{
	"best_train_main_metric": 1.4070305824279785,
	"best_valid_main_acc": 0.9398906826972961,
	"best_valid_main_smin_acc": 0.1666666716337204,
	"best_valid_main_pdelta": 0.25047770142555237,
	"best_train_main_random_metric": 11928.8408203125
}