{
	"best_train_main_metric": 695.664306640625,
	"best_valid_main_acc": 0.8888888955116272,
	"best_valid_main_smin_acc": 0.20000000298023224,
	"best_valid_main_pdelta": 0.10313746333122253,
	"best_train_main_random_metric": 723.6031494140625
}