{
	"best_train_main_metric": 2449.37890625,
	"best_valid_main_acc": 0.9615384340286255,
	"best_train_main_random_metric": 6665.95849609375
}