{
	"best_train_main_metric": 1081.87158203125,
	"best_valid_main_acc": 0.7245714068412781,
	"best_valid_main_smin_acc": 0.7365967631340027,
	"best_valid_main_pdelta": 0.01467067189514637,
	"best_train_main_random_metric": 1082.167236328125
}