{
	"best_train_main_metric": 1566.58642578125,
	"best_valid_main_acc": 0.5995045304298401,
	"best_valid_main_smin_acc": 0.3294117748737335,
	"best_valid_main_pdelta": 0.20105554163455963,
	"best_train_main_random_metric": 1574.9052734375
}