{
	"best_train_main_metric": 736.5985107421875,
	"best_valid_main_acc": 0.7475082874298096,
	"best_valid_main_smin_acc": 0.44999998807907104,
	"best_valid_main_pdelta": 0.054699886590242386,
	"best_train_main_random_metric": 738.4661865234375
}