{
	"best_train_main_metric": 789.318603515625,
	"best_valid_main_acc": 0.8289036750793457,
	"best_valid_main_smin_acc": 0.4107142984867096,
	"best_valid_main_pdelta": 0.06689222157001495,
	"best_train_main_random_metric": 789.5919189453125
}