{
	"best_train_main_metric": 788.5549926757812,
	"best_valid_main_acc": 0.8139534592628479,
	"best_valid_main_smin_acc": 0.3571428656578064,
	"best_valid_main_pdelta": 0.06344930827617645,
	"best_train_main_random_metric": 790.1102294921875
}