{
	"best_train_main_metric": 3981.469970703125,
	"best_valid_main_acc": 0.6620879173278809,
	"best_valid_main_smin_acc": 0.4895104765892029,
	"best_valid_main_pdelta": 0.2315647453069687,
	"best_train_main_random_metric": 9116.1572265625
}