{
	"best_train_main_metric": 4234.859375,
	"best_valid_main_acc": 0.6913919448852539,
	"best_valid_main_smin_acc": 0.5081585049629211,
	"best_valid_main_pdelta": 0.19240301847457886,
	"best_train_main_random_metric": 7351.0537109375
}