{
	"best_train_main_metric": 20.915130615234375,
	"best_valid_main_acc": 0.7290198802947998,
	"best_valid_main_smin_acc": 0.5334821343421936,
	"best_valid_main_pdelta": 0.40502557158470154,
	"best_train_main_random_metric": 25997.771484375
}