{
	"best_train_main_metric": 501.4993896484375,
	"best_valid_main_acc": 0.5944700241088867,
	"best_valid_main_smin_acc": 0.9069767594337463,
	"best_valid_main_pdelta": 0.005703664850443602,
	"best_train_main_random_metric": 562.8955078125
}