{
	"best_train_main_metric": 3.1141371726989746,
	"best_valid_main_acc": 0.7811355590820312,
	"best_valid_main_smin_acc": 0.8011583089828491,
	"best_valid_main_pdelta": 0.03211302310228348,
	"best_train_main_random_metric": 22585.986328125
}