{
	"best_train_main_metric": 3.1192128658294678,
	"best_valid_main_acc": 0.7463369965553284,
	"best_valid_main_smin_acc": 0.760617733001709,
	"best_valid_main_pdelta": 0.03149963170289993,
	"best_train_main_random_metric": 21308.859375
}