{
	"best_train_main_metric": 5424.2822265625,
	"best_valid_main_acc": 0.5114468932151794,
	"best_valid_main_smin_acc": 0.508707582950592,
	"best_valid_main_pdelta": 0.0034870863892138004,
	"best_train_main_random_metric": 5413.0400390625
}