{
	"best_train_main_metric": 2306.8662109375,
	"best_valid_main_acc": 0.7604395747184753,
	"best_valid_main_smin_acc": 0.48028674721717834,
	"best_valid_main_pdelta": 0.08928871154785156,
	"best_train_main_random_metric": 3585.6845703125
}