{
	"best_train_main_metric": 1664.0244140625,
	"best_valid_main_acc": 0.6571428775787354,
	"best_valid_main_smin_acc": 0.4982078969478607,
	"best_valid_main_pdelta": 0.20328310132026672,
	"best_train_main_random_metric": 1665.69189453125
}