{
	"best_train_main_metric": 492.35565185546875,
	"best_valid_main_acc": 0.599078357219696,
	"best_valid_main_smin_acc": 0.6582278609275818,
	"best_valid_main_pdelta": 0.0436483733355999,
	"best_train_main_random_metric": 568.202392578125
}