{
	"best_train_main_metric": 477.48101806640625,
	"best_valid_main_acc": 0.5852534770965576,
	"best_valid_main_smin_acc": 0.2602739632129669,
	"best_valid_main_pdelta": 0.16420337557792664,
	"best_train_main_random_metric": 547.0912475585938
}