{
	"best_train_main_metric": 5281.89453125,
	"best_valid_main_acc": 0.5865384340286255,
	"best_valid_main_smin_acc": 0.554347813129425,
	"best_valid_main_pdelta": 0.0018825044389814138,
	"best_train_main_random_metric": 5438.36572265625
}