{
	"best_train_main_metric": 4031.157958984375,
	"best_valid_main_acc": 0.6950549483299255,
	"best_valid_main_smin_acc": 0.523542582988739,
	"best_valid_main_pdelta": 0.18473273515701294,
	"best_train_main_random_metric": 8580.5126953125
}