{
	"best_train_main_metric": 4371.7978515625,
	"best_valid_main_acc": 0.7138278484344482,
	"best_valid_main_smin_acc": 0.5280268788337708,
	"best_valid_main_pdelta": 0.10142832249403,
	"best_train_main_random_metric": 7117.97412109375
}