{
	"best_train_main_metric": 1.4462146759033203,
	"best_valid_main_acc": 0.9036363363265991,
	"best_valid_main_smin_acc": 0.1666666716337204,
	"best_valid_main_pdelta": 0.4658612012863159,
	"best_train_main_random_metric": 25965.66796875
}