{
	"best_train_main_metric": 0.02812718227505684,
	"best_valid_main_acc": 0.8778467774391174,
	"best_valid_main_smin_acc": 0.4912280738353729,
	"best_valid_main_pdelta": 0.056331612169742584,
	"best_train_main_random_metric": 10055.671875
}