{
	"best_train_main_metric": 16482.21875,
	"best_valid_main_acc": 0.4904271066188812,
	"best_valid_main_smin_acc": 0.4722222089767456,
	"best_valid_main_pdelta": 0.043862178921699524,
	"best_train_main_random_metric": 2.8295738697052
}