{
	"best_train_main_metric": 2883.03466796875,
	"best_valid_main_acc": 0.6209744215011597,
	"best_valid_main_smin_acc": 0.4830508530139923,
	"best_valid_main_pdelta": 0.012357182800769806,
	"best_train_main_random_metric": 3017.196044921875
}