{
	"best_train_main_metric": 1503.2255859375,
	"best_valid_main_acc": 0.7671346068382263,
	"best_valid_main_smin_acc": 0.4661017060279846,
	"best_valid_main_pdelta": 0.3962673544883728,
	"best_train_main_random_metric": 1517.3802490234375
}