{
	"best_train_main_metric": 310.82269287109375,
	"best_valid_main_acc": 0.7926267385482788,
	"best_valid_main_smin_acc": 0.12820513546466827,
	"best_valid_main_pdelta": 0.6437844038009644,
	"best_train_main_random_metric": 979.4771728515625
}