{
	"best_train_main_metric": 9.251246452331543,
	"best_valid_main_acc": 0.8249380588531494,
	"best_valid_main_smin_acc": 0.4740740656852722,
	"best_valid_main_pdelta": 0.4680541455745697,
	"best_train_main_random_metric": 20971.458984375
}