{
	"best_train_main_metric": 0.013579926453530788,
	"best_valid_main_acc": 0.9070294499397278,
	"best_valid_main_smin_acc": 0.0,
	"best_valid_main_pdelta": 0.09424386918544769,
	"best_train_main_random_metric": 9806.134765625
}