{
	"best_train_main_metric": 4156.26611328125,
	"best_valid_main_acc": 0.6895604133605957,
	"best_valid_main_smin_acc": 0.47902098298072815,
	"best_valid_main_pdelta": 0.2223108559846878,
	"best_train_main_random_metric": 8796.103515625
}