{
	"best_train_main_metric": 3984.57470703125,
	"best_valid_main_acc": 0.6607142686843872,
	"best_valid_main_smin_acc": 0.5,
	"best_valid_main_pdelta": 0.2383282482624054,
	"best_train_main_random_metric": 8752.173828125
}