{
	"best_train_main_metric": 1.6014432907104492,
	"best_valid_main_acc": 0.8335787653923035,
	"best_valid_main_smin_acc": 0.5877862572669983,
	"best_valid_main_pdelta": 0.043610431253910065,
	"best_train_main_random_metric": 13649.34765625
}