{
	"best_train_main_metric": 28098.19921875,
	"best_valid_main_acc": 0.528205156326294,
	"best_valid_main_smin_acc": 0.49042144417762756,
	"best_valid_main_pdelta": 0.3975009620189667,
	"best_train_main_random_metric": 14.939763069152832
}