{
	"best_train_main_metric": 5434.1669921875,
	"best_valid_main_acc": 0.5009157657623291,
	"best_valid_main_smin_acc": 0.505957841873169,
	"best_valid_main_pdelta": 0.006684021092951298,
	"best_train_main_random_metric": 5387.9697265625
}