{
	"best_train_main_metric": 3867.484375,
	"best_valid_main_acc": 0.4945547580718994,
	"best_valid_main_smin_acc": 0.5248380303382874,
	"best_valid_main_pdelta": 0.008714435622096062,
	"best_train_main_random_metric": 3861.63134765625
}