{
	"best_train_main_metric": 1.4484628438949585,
	"best_valid_main_acc": 0.8247422575950623,
	"best_valid_main_smin_acc": 0.6041666865348816,
	"best_valid_main_pdelta": 0.11994502693414688,
	"best_train_main_random_metric": 15298.2890625
}