{
	"best_train_main_metric": 1.4373501539230347,
	"best_valid_main_acc": 0.8716356158256531,
	"best_valid_main_smin_acc": 0.5087719559669495,
	"best_valid_main_pdelta": 0.0534362867474556,
	"best_train_main_random_metric": 9657.2763671875
}