{
	"best_train_main_metric": 1.4253920316696167,
	"best_valid_main_acc": 0.8674948215484619,
	"best_valid_main_smin_acc": 0.4912280738353729,
	"best_valid_main_pdelta": 0.05537421256303787,
	"best_train_main_random_metric": 9858.630859375
}