{
	"best_train_main_metric": 1.4469558000564575,
	"best_valid_main_acc": 0.8146718144416809,
	"best_valid_main_smin_acc": 0.7038626670837402,
	"best_valid_main_pdelta": 0.03231672942638397,
	"best_train_main_random_metric": 16328.052734375
}