{
	"best_train_main_metric": 1.4394406080245972,
	"best_valid_main_acc": 0.8172458410263062,
	"best_valid_main_smin_acc": 0.733905553817749,
	"best_valid_main_pdelta": 0.031012676656246185,
	"best_train_main_random_metric": 16449.767578125
}