{
	"best_train_main_metric": 24169.8828125,
	"best_valid_main_acc": 0.5491329431533813,
	"best_valid_main_smin_acc": 0.585185170173645,
	"best_valid_main_pdelta": 0.44271430373191833,
	"best_train_main_random_metric": 11.3954439163208
}