{
	"best_train_main_metric": 1055.5775146484375,
	"best_valid_main_acc": 0.79340660572052,
	"best_valid_main_smin_acc": 0.7860962748527527,
	"best_valid_main_pdelta": 0.0033501852303743362,
	"best_train_main_random_metric": 3047.1787109375
}