{
	"best_train_main_metric": 1162.932373046875,
	"best_valid_main_acc": 0.7010989189147949,
	"best_valid_main_smin_acc": 0.6604278087615967,
	"best_valid_main_pdelta": 0.023017367348074913,
	"best_train_main_random_metric": 1164.1705322265625
}