{
	"best_train_main_metric": 4084.322998046875,
	"best_valid_main_acc": 0.6616300344467163,
	"best_valid_main_smin_acc": 0.5093240141868591,
	"best_valid_main_pdelta": 0.25551754236221313,
	"best_train_main_random_metric": 12919.7822265625
}