{
	"best_train_main_metric": 27133.205078125,
	"best_valid_main_acc": 0.49545830488204956,
	"best_valid_main_smin_acc": 0.5322580933570862,
	"best_valid_main_pdelta": 0.5292579531669617,
	"best_train_main_random_metric": 7.626861095428467
}