{
	"best_train_main_metric": 941.3036499023438,
	"best_valid_main_acc": 0.7014651894569397,
	"best_valid_main_smin_acc": 0.708185076713562,
	"best_valid_main_pdelta": 0.00559639185667038,
	"best_train_main_random_metric": 3870.8056640625
}