{
	"best_train_main_metric": 1381.7197265625,
	"best_valid_main_acc": 0.680402934551239,
	"best_valid_main_smin_acc": 0.6512455344200134,
	"best_valid_main_pdelta": 0.021526573225855827,
	"best_train_main_random_metric": 1397.84375
}