{
	"best_train_main_metric": 2.8237040042877197,
	"best_valid_main_acc": 0.7481684684753418,
	"best_valid_main_smin_acc": 0.7513135075569153,
	"best_valid_main_pdelta": 0.03738418594002724,
	"best_train_main_random_metric": 25483.435546875
}