{
	"best_train_main_metric": 1327.7353515625,
	"best_valid_main_acc": 0.6703296899795532,
	"best_valid_main_smin_acc": 0.6672504544258118,
	"best_valid_main_pdelta": 0.02030823566019535,
	"best_train_main_random_metric": 1330.3577880859375
}