{
	"best_train_main_metric": 1495.48583984375,
	"best_valid_main_acc": 0.778388261795044,
	"best_valid_main_smin_acc": 0.7845884561538696,
	"best_valid_main_pdelta": 0.003114942228421569,
	"best_train_main_random_metric": 3375.14794921875
}