{
	"best_train_main_metric": 450.85614013671875,
	"best_valid_main_acc": 0.5529953837394714,
	"best_valid_main_smin_acc": 0.4252873659133911,
	"best_valid_main_pdelta": 0.23326840996742249,
	"best_train_main_random_metric": 672.6758422851562
}