{
	"best_train_main_metric": 563.2142333984375,
	"best_valid_main_acc": 0.5115207433700562,
	"best_valid_main_smin_acc": 0.5377358198165894,
	"best_valid_main_pdelta": 0.13712482154369354,
	"best_train_main_random_metric": 487.7010498046875
}