{
	"best_train_main_metric": 52.06146240234375,
	"best_valid_main_acc": 0.6891025900840759,
	"best_valid_main_smin_acc": 0.6563636660575867,
	"best_valid_main_pdelta": 0.4566136300563812,
	"best_train_main_random_metric": 37012.30078125
}