{
	"best_train_main_metric": 20766.546875,
	"best_valid_main_acc": 0.490285724401474,
	"best_valid_main_smin_acc": 0.48018649220466614,
	"best_valid_main_pdelta": 0.027283575385808945,
	"best_train_main_random_metric": 2.0534393787384033
}