{
	"best_train_main_metric": 1373.2073974609375,
	"best_valid_main_acc": 0.7836363911628723,
	"best_valid_main_smin_acc": 0.3076923191547394,
	"best_valid_main_pdelta": 0.21760480105876923,
	"best_train_main_random_metric": 1414.09375
}