{
	"erm_best_valid_prob_dict": {
		"0": [
			[
				0.5224843621253967,
				0.4775155782699585
			],
			[
				0.522484302520752,
				0.47751572728157043
			],
			[
				0.522487461566925,
				0.47751256823539734
			],
			[
				0.5224870443344116,
				0.477512925863266
			],
			[
				0.5224893093109131,
				0.4775106906890869
			],
			[
				0.5224862694740295,
				0.47751370072364807
			],
			[
				0.5224839448928833,
				0.4775160253047943
			]
		],
		"1": [
			[
				0.5232518911361694,
				0.4767480790615082
			],
			[
				0.5232527256011963,
				0.4767473042011261
			],
			[
				0.5232527256011963,
				0.4767473042011261
			],
			[
				0.5232530236244202,
				0.4767470061779022
			],
			[
				0.5232532620429993,
				0.4767467677593231
			],
			[
				0.5232529044151306,
				0.4767471253871918
			],
			[
				0.523253858089447,
				0.47674617171287537
			]
		],
		"2": [
			[
				0.5230550765991211,
				0.47694486379623413
			],
			[
				0.5230550765991211,
				0.47694486379623413
			],
			[
				0.5230550765991211,
				0.47694486379623413
			],
			[
				0.5230550765991211,
				0.47694486379623413
			],
			[
				0.5230550765991211,
				0.47694486379623413
			],
			[
				0.5230554938316345,
				0.47694456577301025
			],
			[
				0.5230550765991211,
				0.47694486379623413
			]
		],
		"3": [
			[
				0.5226660966873169,
				0.4773339331150055
			],
			[
				0.5226659178733826,
				0.4773341417312622
			],
			[
				0.5226664543151855,
				0.47733360528945923
			],
			[
				0.5226659178733826,
				0.4773341417312622
			],
			[
				0.5226659178733826,
				0.47733405232429504
			],
			[
				0.5226659178733826,
				0.4773341417312622
			],
			[
				0.5226659178733826,
				0.4773341417312622
			]
		],
		"4": [
			[
				0.5219725370407104,
				0.47802743315696716
			],
			[
				0.5219725370407104,
				0.47802746295928955
			],
			[
				0.5219725370407104,
				0.47802746295928955
			],
			[
				0.5219725370407104,
				0.47802746295928955
			],
			[
				0.5219725370407104,
				0.47802746295928955
			],
			[
				0.5219725370407104,
				0.47802746295928955
			],
			[
				0.5219725370407104,
				0.47802743315696716
			]
		],
		"5": [
			[
				0.5206767320632935,
				0.47932329773902893
			],
			[
				0.5206767320632935,
				0.4793233275413513
			],
			[
				0.5206767320632935,
				0.47932323813438416
			],
			[
				0.5206767320632935,
				0.47932329773902893
			],
			[
				0.5206767320632935,
				0.47932326793670654
			],
			[
				0.5206767320632935,
				0.47932326793670654
			],
			[
				0.5206767320632935,
				0.47932329773902893
			]
		],
		"6": [
			[
				0.5192867517471313,
				0.48071324825286865
			],
			[
				0.5192867517471313,
				0.4807131886482239
			],
			[
				0.5192867517471313,
				0.4807131886482239
			],
			[
				0.5192867517471313,
				0.48071321845054626
			],
			[
				0.5192866921424866,
				0.48071327805519104
			],
			[
				0.5192867517471313,
				0.4807131886482239
			],
			[
				0.5192868113517761,
				0.4807131588459015
			]
		],
		"7": [
			[
				0.5188774466514587,
				0.4811224639415741
			],
			[
				0.5188774466514587,
				0.48112255334854126
			],
			[
				0.5188775062561035,
				0.4811224937438965
			],
			[
				0.5188774466514587,
				0.48112255334854126
			],
			[
				0.5188774466514587,
				0.48112258315086365
			],
			[
				0.5188774466514587,
				0.4811224639415741
			],
			[
				0.518877387046814,
				0.48112255334854126
			]
		],
		"8": [
			[
				0.5190383195877075,
				0.48096171021461487
			],
			[
				0.519038200378418,
				0.48096176981925964
			],
			[
				0.5190383791923523,
				0.4809616506099701
			],
			[
				0.5190382599830627,
				0.4809616804122925
			],
			[
				0.5190383791923523,
				0.4809616208076477
			],
			[
				0.5190383195877075,
				0.4809616804122925
			],
			[
				0.5190382599830627,
				0.48096174001693726
			]
		],
		"9": [
			[
				0.5197657346725464,
				0.4802343249320984
			],
			[
				0.5197656154632568,
				0.48023438453674316
			],
			[
				0.5197656750679016,
				0.48023438453674316
			],
			[
				0.5197656750679016,
				0.48023438453674316
			],
			[
				0.5197655558586121,
				0.4802343547344208
			],
			[
				0.5197657942771912,
				0.48023417592048645
			],
			[
				0.5197656750679016,
				0.4802343249320984
			]
		],
		"10": [
			[
				0.5207471251487732,
				0.4792529344558716
			],
			[
				0.5207470655441284,
				0.47925296425819397
			],
			[
				0.5207469463348389,
				0.4792531132698059
			],
			[
				0.5207470059394836,
				0.47925305366516113
			],
			[
				0.5207470059394836,
				0.47925299406051636
			],
			[
				0.5207470655441284,
				0.47925299406051636
			],
			[
				0.5207470059394836,
				0.47925305366516113
			]
		],
		"11": [
			[
				0.5221298336982727,
				0.4778701364994049
			],
			[
				0.5221297740936279,
				0.47787025570869446
			],
			[
				0.5221297740936279,
				0.47787022590637207
			],
			[
				0.5221297144889832,
				0.47787025570869446
			],
			[
				0.5221298933029175,
				0.4778701364994049
			],
			[
				0.5221297740936279,
				0.4778701961040497
			],
			[
				0.5221298336982727,
				0.4778701066970825
			]
		],
		"12": [
			[
				0.5235105156898499,
				0.47648951411247253
			],
			[
				0.5235105752944946,
				0.47648942470550537
			],
			[
				0.5235105156898499,
				0.47648945450782776
			],
			[
				0.5235105752944946,
				0.47648942470550537
			],
			[
				0.5235105156898499,
				0.47648948431015015
			],
			[
				0.5235103964805603,
				0.4764895439147949
			],
			[
				0.523510754108429,
				0.47648921608924866
			]
		]
	},
	"cad_best_valid_prob_dict": {
		"0": [
			[
				0.4812808930873871,
				0.5187190771102905
			],
			[
				0.48071956634521484,
				0.5192803740501404
			],
			[
				0.4839099943637848,
				0.5160900354385376
			],
			[
				0.48446255922317505,
				0.515537440776825
			],
			[
				0.4854227900505066,
				0.5145772099494934
			],
			[
				0.48197025060653687,
				0.5180298089981079
			],
			[
				0.482390820980072,
				0.5176092386245728
			]
		],
		"1": [
			[
				0.44482994079589844,
				0.5551700592041016
			],
			[
				0.4445735812187195,
				0.5554264187812805
			],
			[
				0.441559761762619,
				0.5584402680397034
			],
			[
				0.443008691072464,
				0.5569912791252136
			],
			[
				0.4432685673236847,
				0.5567314028739929
			],
			[
				0.45036089420318604,
				0.5496391654014587
			],
			[
				0.44765788316726685,
				0.5523420572280884
			]
		],
		"2": [
			[
				0.3469674289226532,
				0.6530325412750244
			],
			[
				0.3445114195346832,
				0.6554885506629944
			],
			[
				0.35490214824676514,
				0.6450977921485901
			],
			[
				0.3344417214393616,
				0.6655582189559937
			],
			[
				0.3538205325603485,
				0.6461794376373291
			],
			[
				0.322719931602478,
				0.677280068397522
			],
			[
				0.34710317850112915,
				0.6528968214988708
			]
		],
		"3": [
			[
				0.3877929151058197,
				0.6122070550918579
			],
			[
				0.36990588903427124,
				0.6300941109657288
			],
			[
				0.36990758776664734,
				0.6300923824310303
			],
			[
				0.39567047357559204,
				0.604329526424408
			],
			[
				0.39604702591896057,
				0.6039530038833618
			],
			[
				0.39488962292671204,
				0.6051104068756104
			],
			[
				0.38092517852783203,
				0.619074821472168
			]
		],
		"4": [
			[
				0.42315542697906494,
				0.5768445134162903
			],
			[
				0.40020039677619934,
				0.599799633026123
			],
			[
				0.42138779163360596,
				0.578612208366394
			],
			[
				0.42117077112197876,
				0.578829288482666
			],
			[
				0.40100184082984924,
				0.5989981889724731
			],
			[
				0.4138436019420624,
				0.5861563682556152
			],
			[
				0.4096528887748718,
				0.590347170829773
			]
		],