{
	"best_train_main_metric": 226.20668029785156,
	"best_valid_main_acc": 0.593406617641449,
	"best_train_main_random_metric": 224.8818817138672
}