{
	"best_train_main_metric": 4403.5400390625,
	"best_valid_main_acc": 0.7156593203544617,
	"best_valid_main_smin_acc": 0.17252396047115326,
	"best_valid_main_pdelta": 0.07470159977674484,
	"best_train_main_random_metric": 6119.603515625
}