{
	"best_train_main_metric": 1.4731924533843994,
	"best_valid_main_acc": 0.8335787653923035,
	"best_valid_main_smin_acc": 0.5343511700630188,
	"best_valid_main_pdelta": 0.11461658775806427,
	"best_train_main_random_metric": 13665.916015625
}