{
	"best_train_main_metric": 750.9493408203125,
	"best_valid_main_acc": 0.7351524829864502,
	"best_valid_main_smin_acc": 0.6132596731185913,
	"best_valid_main_pdelta": 0.015120921656489372,
	"best_train_main_random_metric": 750.4833984375
}