{
	"best_train_main_metric": 350.153076171875,
	"best_valid_main_acc": 0.8294931054115295,
	"best_valid_main_smin_acc": 0.8072289228439331,
	"best_valid_main_pdelta": 0.057784710079431534,
	"best_train_main_random_metric": 577.8660278320312
}