{
	"best_train_main_metric": 17550.7109375,
	"best_valid_main_acc": 0.4942084848880768,
	"best_valid_main_smin_acc": 0.4848484992980957,
	"best_valid_main_pdelta": 0.03697735816240311,
	"best_train_main_random_metric": 0.03674379736185074
}