{
	"best_train_main_metric": 1.4775607585906982,
	"best_valid_main_acc": 0.9508196711540222,
	"best_valid_main_smin_acc": 0.20000000298023224,
	"best_valid_main_pdelta": 0.23075754940509796,
	"best_train_main_random_metric": 11367.8515625
}