{
	"best_train_main_metric": 1.4380760192871094,
	"best_valid_main_acc": 0.9544626474380493,
	"best_valid_main_smin_acc": 0.20000000298023224,
	"best_valid_main_pdelta": 0.21960535645484924,
	"best_train_main_random_metric": 11872.4150390625
}