{
	"best_train_main_metric": 686.5588989257812,
	"best_valid_main_acc": 0.8306010961532593,
	"best_valid_main_smin_acc": 0.3333333432674408,
	"best_valid_main_pdelta": 0.06584903597831726,
	"best_train_main_random_metric": 689.055419921875
}