{
	"best_train_main_metric": 684.6724853515625,
	"best_valid_main_acc": 0.8852459192276001,
	"best_valid_main_smin_acc": 0.1666666716337204,
	"best_valid_main_pdelta": 0.042217452079057693,
	"best_train_main_random_metric": 689.8195190429688
}