{
	"best_train_main_metric": 400.75067138671875,
	"best_valid_main_acc": 0.7373272180557251,
	"best_valid_main_smin_acc": 0.1666666716337204,
	"best_valid_main_pdelta": 0.29770416021347046,
	"best_train_main_random_metric": 590.69384765625
}