{
	"best_train_main_metric": 408.69073486328125,
	"best_valid_main_acc": 0.7281106114387512,
	"best_valid_main_smin_acc": 0.2291666716337204,
	"best_valid_main_pdelta": 0.2651976943016052,
	"best_train_main_random_metric": 575.20458984375
}