{
	"best_train_main_metric": 4316.67822265625,
	"best_valid_main_acc": 0.7376373410224915,
	"best_valid_main_smin_acc": 0.42730721831321716,
	"best_valid_main_pdelta": 0.06535603106021881,
	"best_train_main_random_metric": 6438.220703125
}