{
	"best_train_main_metric": 11429.197265625,
	"best_valid_main_acc": 0.49919742345809937,
	"best_valid_main_smin_acc": 0.3867403268814087,
	"best_valid_main_pdelta": 0.021474866196513176,
	"best_train_main_random_metric": 3.6123135089874268
}