{
	"best_train_main_metric": 0.021000554785132408,
	"best_valid_main_acc": 0.7902930378913879,
	"best_valid_main_smin_acc": 0.7880910634994507,
	"best_valid_main_pdelta": 0.020794836804270744,
	"best_train_main_random_metric": 25180.3671875
}