{
	"best_train_main_metric": 19909.29296875,
	"best_valid_main_acc": 0.49560439586639404,
	"best_valid_main_smin_acc": 0.45584046840667725,
	"best_valid_main_pdelta": 0.045546337962150574,
	"best_train_main_random_metric": 2.8316948413848877
}