{
	"best_train_main_metric": 22049.640625,
	"best_valid_main_acc": 0.5078447461128235,
	"best_valid_main_smin_acc": 0.5491803288459778,
	"best_valid_main_pdelta": 0.47340506315231323,
	"best_train_main_random_metric": 15.028385162353516
}