{
	"best_train_main_metric": 18677.91796875,
	"best_valid_main_acc": 0.4663636386394501,
	"best_valid_main_smin_acc": 0.4444444477558136,
	"best_valid_main_pdelta": 0.4345725476741791,
	"best_train_main_random_metric": 18.601350784301758
}