{
	"best_train_main_metric": 5275.3876953125,
	"best_valid_main_acc": 0.4958791136741638,
	"best_valid_main_smin_acc": 0.5018247961997986,
	"best_valid_main_pdelta": 0.00963944848626852,
	"best_train_main_random_metric": 5456.8466796875
}