{
	"best_train_main_metric": 337.7052917480469,
	"best_valid_main_acc": 0.7788018584251404,
	"best_valid_main_smin_acc": 0.3877550959587097,
	"best_valid_main_pdelta": 0.05150723457336426,
	"best_train_main_random_metric": 585.7294921875
}