{
	"best_train_main_metric": 507.84893798828125,
	"best_valid_main_acc": 0.5622119903564453,
	"best_valid_main_smin_acc": 0.5913978219032288,
	"best_valid_main_pdelta": 0.009125759825110435,
	"best_train_main_random_metric": 561.4805297851562
}