{
	"best_train_main_metric": 38.806976318359375,
	"best_valid_main_acc": 0.7351648211479187,
	"best_valid_main_smin_acc": 0.6461538672447205,
	"best_valid_main_pdelta": 0.4858705401420593,
	"best_train_main_random_metric": 32423.13671875
}