{
	"best_train_main_metric": 1663.467529296875,
	"best_valid_main_acc": 0.7274725437164307,
	"best_valid_main_smin_acc": 0.5053763389587402,
	"best_valid_main_pdelta": 0.2541731297969818,
	"best_train_main_random_metric": 1677.1337890625
}