{
	"best_train_main_metric": 3242.06494140625,
	"best_valid_main_acc": 0.6769230961799622,
	"best_valid_main_smin_acc": 0.47311827540397644,
	"best_valid_main_pdelta": 0.013836700469255447,
	"best_train_main_random_metric": 3390.231201171875
}