{
	"best_train_main_metric": 10.804967880249023,
	"best_valid_main_acc": 0.8095238208770752,
	"best_valid_main_smin_acc": 0.5123966932296753,
	"best_valid_main_pdelta": 0.46306562423706055,
	"best_train_main_random_metric": 24888.78125
}