{
	"best_train_main_metric": 26324.7578125,
	"best_valid_main_acc": 0.4961538314819336,
	"best_valid_main_smin_acc": 0.5181695818901062,
	"best_valid_main_pdelta": 0.4420699179172516,
	"best_train_main_random_metric": 82.07820892333984
}