{
	"best_train_main_metric": 60.142982482910156,
	"best_valid_main_acc": 0.7014651894569397,
	"best_valid_main_smin_acc": 0.6956920027732849,
	"best_valid_main_pdelta": 0.4430081844329834,
	"best_train_main_random_metric": 34786.375
}