{
	"best_train_main_metric": 1078.62744140625,
	"best_valid_main_acc": 0.6708571314811707,
	"best_valid_main_smin_acc": 0.7120181322097778,
	"best_valid_main_pdelta": 0.008881022222340107,
	"best_train_main_random_metric": 1072.2720947265625
}