{
	"best_train_main_metric": 4691.03662109375,
	"best_valid_main_acc": 0.7152014374732971,
	"best_valid_main_smin_acc": 0.5482797026634216,
	"best_valid_main_pdelta": 0.00674436567351222,
	"best_train_main_random_metric": 6135.1279296875
}