{
	"best_train_main_metric": 0.017493776977062225,
	"best_valid_main_acc": 0.9326047301292419,
	"best_valid_main_smin_acc": 0.375,
	"best_valid_main_pdelta": 0.18209251761436462,
	"best_train_main_random_metric": 12041.8984375
}