{
	"best_train_main_metric": 43.435302734375,
	"best_valid_main_acc": 0.7713004350662231,
	"best_valid_main_smin_acc": 0.6000000238418579,
	"best_valid_main_pdelta": 0.4176173806190491,
	"best_train_main_random_metric": 30509.521484375
}