{
	"best_train_main_metric": 21987.80859375,
	"best_valid_main_acc": 0.5157509446144104,
	"best_valid_main_smin_acc": 0.5330578684806824,
	"best_valid_main_pdelta": 0.3989883363246918,
	"best_train_main_random_metric": 37.034690856933594
}