{
	"best_train_main_metric": 6487.85888671875,
	"best_valid_main_acc": 0.4658385217189789,
	"best_valid_main_smin_acc": 0.5263158082962036,
	"best_valid_main_pdelta": 0.03214666247367859,
	"best_train_main_random_metric": 3.20615553855896
}