{
	"best_train_main_metric": 45.06747055053711,
	"best_valid_main_acc": 0.694597065448761,
	"best_valid_main_smin_acc": 0.659747302532196,
	"best_valid_main_pdelta": 0.46062377095222473,
	"best_train_main_random_metric": 37607.3828125
}