{
	"best_train_main_metric": 0.023879166692495346,
	"best_valid_main_acc": 0.8781818151473999,
	"best_valid_main_smin_acc": 0.27272728085517883,
	"best_valid_main_pdelta": 0.4371612071990967,
	"best_train_main_random_metric": 25576.763671875
}