{
	"best_train_main_metric": 560.7511596679688,
	"best_valid_main_acc": 0.5253456234931946,
	"best_valid_main_smin_acc": 0.47058823704719543,
	"best_valid_main_pdelta": 0.11138637363910675,
	"best_train_main_random_metric": 487.67523193359375
}