{
	"best_train_main_metric": 1702.117919921875,
	"best_valid_main_acc": 0.6278388500213623,
	"best_valid_main_smin_acc": 0.3973333239555359,
	"best_valid_main_pdelta": 0.19957102835178375,
	"best_train_main_random_metric": 1715.3692626953125
}