{
	"best_train_main_metric": 526.0103149414062,
	"best_valid_main_acc": 0.5760368704795837,
	"best_valid_main_smin_acc": 0.649350643157959,
	"best_valid_main_pdelta": 0.0014130875933915377,
	"best_train_main_random_metric": 550.127685546875
}