{
	"best_train_main_metric": 0.1334318071603775,
	"best_valid_main_acc": 0.8687707781791687,
	"best_valid_main_smin_acc": 0.5166666507720947,
	"best_valid_main_pdelta": 0.09371301531791687,
	"best_train_main_random_metric": 11408.1181640625
}