{
	"best_train_main_metric": 4036.80078125,
	"best_valid_main_acc": 0.6245421171188354,
	"best_valid_main_smin_acc": 0.4296296238899231,
	"best_valid_main_pdelta": 0.3054976463317871,
	"best_train_main_random_metric": 10049.3056640625
}