{
	"best_train_main_metric": 3837.99072265625,
	"best_valid_main_acc": 0.6282051205635071,
	"best_valid_main_smin_acc": 0.4432098865509033,
	"best_valid_main_pdelta": 0.27422937750816345,
	"best_train_main_random_metric": 11380.1044921875
}