{
	"best_train_main_metric": 22939.9453125,
	"best_valid_main_acc": 0.45604395866394043,
	"best_valid_main_smin_acc": 0.43957969546318054,
	"best_valid_main_pdelta": 0.05452164635062218,
	"best_train_main_random_metric": 5.707831382751465
}