{
	"best_train_main_metric": 4712.71533203125,
	"best_valid_main_acc": 0.7124541997909546,
	"best_valid_main_smin_acc": 0.6383399367332458,
	"best_valid_main_pdelta": 0.006161639466881752,
	"best_train_main_random_metric": 6071.58935546875
}