{
	"best_train_main_metric": 1.4082632064819336,
	"best_valid_main_acc": 0.8065934181213379,
	"best_valid_main_smin_acc": 0.7863247990608215,
	"best_valid_main_pdelta": 0.030671928077936172,
	"best_train_main_random_metric": 21610.95703125
}