{
	"best_train_main_metric": 2476.1123046875,
	"best_valid_main_acc": 0.9551281929016113,
	"best_train_main_random_metric": 6657.19921875
}