{
	"best_train_main_metric": 5416.490234375,
	"best_valid_main_acc": 0.5050366520881653,
	"best_valid_main_smin_acc": 0.49067598581314087,
	"best_valid_main_pdelta": 1.2566102896016673e-06,
	"best_train_main_random_metric": 5416.49072265625
}