{
	"best_train_main_metric": 13165.8427734375,
	"best_valid_main_acc": 0.5272459387779236,
	"best_valid_main_smin_acc": 0.5197368264198303,
	"best_valid_main_pdelta": 0.04128926619887352,
	"best_train_main_random_metric": 2.911182403564453
}