{
	"best_train_main_metric": 13484.0234375,
	"best_valid_main_acc": 0.5169366598129272,
	"best_valid_main_smin_acc": 0.42763158679008484,
	"best_valid_main_pdelta": 0.04079989716410637,
	"best_train_main_random_metric": 2.8906564712524414
}