{
	"best_train_main_metric": 327.74420166015625,
	"best_valid_main_acc": 0.8018433451652527,
	"best_valid_main_smin_acc": 0.53125,
	"best_valid_main_pdelta": 0.050391409546136856,
	"best_train_main_random_metric": 579.0205688476562
}