{
	"best_train_main_metric": 368.0224609375,
	"best_valid_main_acc": 0.6866359710693359,
	"best_valid_main_smin_acc": 0.3469387888908386,
	"best_valid_main_pdelta": 0.30032679438591003,
	"best_train_main_random_metric": 523.8878173828125
}