{
	"best_train_main_metric": 381.3158264160156,
	"best_valid_main_acc": 0.7050691246986389,
	"best_valid_main_smin_acc": 0.20408163964748383,
	"best_valid_main_pdelta": 0.3256322145462036,
	"best_train_main_random_metric": 558.3699951171875
}