{
	"best_train_main_metric": 2831.556640625,
	"best_valid_main_acc": 0.622710645198822,
	"best_valid_main_smin_acc": 0.6351970434188843,
	"best_valid_main_pdelta": 0.13168436288833618,
	"best_train_main_random_metric": 2878.883056640625
}