{
	"best_train_main_metric": 4594.90673828125,
	"best_valid_main_acc": 0.7234432101249695,
	"best_valid_main_smin_acc": 0.7270269989967346,
	"best_valid_main_pdelta": 0.003611904801800847,
	"best_train_main_random_metric": 5986.955078125
}