{
	"best_train_main_metric": 1094.0208740234375,
	"best_valid_main_acc": 0.7747252583503723,
	"best_valid_main_smin_acc": 0.7635327577590942,
	"best_valid_main_pdelta": 0.021275538951158524,
	"best_train_main_random_metric": 3191.468017578125
}