{
	"best_train_main_metric": 1143.5380859375,
	"best_valid_main_acc": 0.7230769395828247,
	"best_valid_main_smin_acc": 0.68660968542099,
	"best_valid_main_pdelta": 0.020912691950798035,
	"best_train_main_random_metric": 1146.61279296875
}