{
	"best_train_main_metric": 1.4432493448257446,
	"best_valid_main_acc": 0.7664835453033447,
	"best_valid_main_smin_acc": 0.7686832547187805,
	"best_valid_main_pdelta": 0.03057941421866417,
	"best_train_main_random_metric": 25348.44921875
}