{
	"best_train_main_metric": 1915.935791015625,
	"best_valid_main_acc": 0.6796925067901611,
	"best_valid_main_smin_acc": 0.5780220031738281,
	"best_valid_main_pdelta": 0.17352962493896484,
	"best_train_main_random_metric": 1916.380126953125
}