{
	"best_train_main_metric": 1.9299055337905884,
	"best_valid_main_acc": 0.8025681972503662,
	"best_valid_main_smin_acc": 0.7743589878082275,
	"best_valid_main_pdelta": 0.02818891406059265,
	"best_train_main_random_metric": 13914.1630859375
}