{
	"best_train_main_metric": 33.9268684387207,
	"best_valid_main_acc": 0.7463164925575256,
	"best_valid_main_smin_acc": 0.5764462947845459,
	"best_valid_main_pdelta": 0.45006150007247925,
	"best_train_main_random_metric": 23794.068359375
}