{
	"best_train_main_metric": 25552.27734375,
	"best_valid_main_acc": 0.5284888744354248,
	"best_valid_main_smin_acc": 0.5185185074806213,
	"best_valid_main_pdelta": 0.4619821608066559,
	"best_train_main_random_metric": 11.33308219909668
}