{
	"best_train_main_metric": 14.008245468139648,
	"best_valid_main_acc": 0.7367072105407715,
	"best_valid_main_smin_acc": 0.5693877339363098,
	"best_valid_main_pdelta": 0.47318875789642334,
	"best_train_main_random_metric": 28398.501953125
}