{
	"best_train_main_metric": 3995.060546875,
	"best_valid_main_acc": 0.6726190447807312,
	"best_valid_main_smin_acc": 0.4246913492679596,
	"best_valid_main_pdelta": 0.26364946365356445,
	"best_train_main_random_metric": 9676.3896484375
}