{
	"best_train_main_metric": 3689.953125,
	"best_valid_main_acc": 0.6570512652397156,
	"best_valid_main_smin_acc": 0.4148148000240326,
	"best_valid_main_pdelta": 0.2773233652114868,
	"best_train_main_random_metric": 9875.7900390625
}