{
	"best_train_main_metric": 4618.3046875,
	"best_valid_main_acc": 0.7211538553237915,
	"best_valid_main_smin_acc": 0.6512315273284912,
	"best_valid_main_pdelta": 0.0041631897911429405,
	"best_train_main_random_metric": 5953.9912109375
}