{
	"best_train_main_metric": 751.2794189453125,
	"best_valid_main_acc": 0.7110754251480103,
	"best_valid_main_smin_acc": 0.6132596731185913,
	"best_valid_main_pdelta": 0.013466406613588333,
	"best_train_main_random_metric": 750.1626586914062
}