{
	"best_train_main_metric": 4269.876953125,
	"best_valid_main_acc": 0.6666666865348816,
	"best_valid_main_smin_acc": 0.27518796920776367,
	"best_valid_main_pdelta": 0.26422688364982605,
	"best_train_main_random_metric": 10085.642578125
}