{
	"best_train_main_metric": 3979.998291015625,
	"best_valid_main_acc": 0.6336996555328369,
	"best_valid_main_smin_acc": 0.3218045234680176,
	"best_valid_main_pdelta": 0.26856961846351624,
	"best_train_main_random_metric": 9735.3935546875
}