{
	"best_train_main_metric": 1376.3017578125,
	"best_valid_main_acc": 0.738095223903656,
	"best_valid_main_smin_acc": 0.7419928908348083,
	"best_valid_main_pdelta": 0.02198350802063942,
	"best_train_main_random_metric": 1396.4954833984375
}