{
	"best_train_main_metric": 6953.2314453125,
	"best_valid_main_acc": 0.4671201705932617,
	"best_valid_main_smin_acc": 0.5,
	"best_valid_main_pdelta": 0.021861454471945763,
	"best_train_main_random_metric": 3.101271152496338
}