{
	"best_train_main_metric": 1.4816292524337769,
	"best_valid_main_acc": 0.8754152655601501,
	"best_valid_main_smin_acc": 0.4000000059604645,
	"best_valid_main_pdelta": 0.15114392340183258,
	"best_train_main_random_metric": 11993.6044921875
}