{
	"best_train_main_metric": 4193.2939453125,
	"best_valid_main_acc": 0.6730769276618958,
	"best_valid_main_smin_acc": 0.673285186290741,
	"best_valid_main_pdelta": 0.23840217292308807,
	"best_train_main_random_metric": 9349.9111328125
}