{
	"best_train_main_metric": 3875.660888671875,
	"best_valid_main_acc": 0.654304027557373,
	"best_valid_main_smin_acc": 0.6705776453018188,
	"best_valid_main_pdelta": 0.24710045754909515,
	"best_train_main_random_metric": 9681.2607421875
}