{
	"best_train_main_metric": 7.0312275886535645,
	"best_valid_main_acc": 0.7948718070983887,
	"best_valid_main_smin_acc": 0.5932835936546326,
	"best_valid_main_pdelta": 0.4266171157360077,
	"best_train_main_random_metric": 30075.720703125
}