{
	"best_train_main_metric": 705.0283203125,
	"best_valid_main_acc": 0.8032786846160889,
	"best_valid_main_smin_acc": 0.4000000059604645,
	"best_valid_main_pdelta": 0.04764839634299278,
	"best_train_main_random_metric": 704.8704223632812
}