{
	"best_train_main_metric": 43.127872467041016,
	"best_valid_main_acc": 0.7010073065757751,
	"best_valid_main_smin_acc": 0.6581045389175415,
	"best_valid_main_pdelta": 0.4795967936515808,
	"best_train_main_random_metric": 40249.52734375
}