{
	"best_train_main_metric": 1128.2506103515625,
	"best_valid_main_acc": 0.7351648211479187,
	"best_valid_main_smin_acc": 0.6904761791229248,
	"best_valid_main_pdelta": 0.02256743051111698,
	"best_train_main_random_metric": 1127.9569091796875
}