{
	"best_train_main_metric": 1128.9283447265625,
	"best_valid_main_acc": 0.7186813354492188,
	"best_valid_main_smin_acc": 0.675595223903656,
	"best_valid_main_pdelta": 0.02131168358027935,
	"best_train_main_random_metric": 1128.21533203125
}