{
	"best_train_main_metric": 451.1583557128906,
	"best_valid_main_acc": 0.6635944843292236,
	"best_valid_main_smin_acc": 0.328125,
	"best_valid_main_pdelta": 0.19993361830711365,
	"best_train_main_random_metric": 548.541015625
}