{
	"best_train_main_metric": 445.0605773925781,
	"best_valid_main_acc": 0.6912442445755005,
	"best_valid_main_smin_acc": 0.28125,
	"best_valid_main_pdelta": 0.2260962724685669,
	"best_train_main_random_metric": 563.4671630859375
}