{
	"best_train_main_metric": 4634.43359375,
	"best_valid_main_acc": 0.7115384340286255,
	"best_valid_main_smin_acc": 0.10787671059370041,
	"best_valid_main_pdelta": 0.003659695852547884,
	"best_train_main_random_metric": 5930.525390625
}