{
	"best_train_main_metric": 4294.41943359375,
	"best_valid_main_acc": 0.678113579750061,
	"best_valid_main_smin_acc": 0.37037035822868347,
	"best_valid_main_pdelta": 0.19000683724880219,
	"best_train_main_random_metric": 6647.3095703125
}