{
	"best_train_main_metric": 3739.978271484375,
	"best_valid_main_acc": 0.6341575384140015,
	"best_valid_main_smin_acc": 0.4185185134410858,
	"best_valid_main_pdelta": 0.2526527941226959,
	"best_train_main_random_metric": 8172.47119140625
}