{
	"best_train_main_metric": 2.8482964038848877,
	"best_valid_main_acc": 0.792792797088623,
	"best_valid_main_smin_acc": 0.6803278923034668,
	"best_valid_main_pdelta": 0.07557392865419388,
	"best_train_main_random_metric": 16974.71875
}