{
	"best_train_main_metric": 2.8545219898223877,
	"best_valid_main_acc": 0.7799227833747864,
	"best_valid_main_smin_acc": 0.6475409865379333,
	"best_valid_main_pdelta": 0.0757281482219696,
	"best_train_main_random_metric": 16944.05078125
}