{
	"best_train_main_metric": 11944.3681640625,
	"best_valid_main_acc": 0.5248796343803406,
	"best_valid_main_smin_acc": 0.4419889450073242,
	"best_valid_main_pdelta": 0.02782406657934189,
	"best_train_main_random_metric": 1.997090220451355
}