{
	"best_train_main_metric": 566.9874267578125,
	"best_valid_main_acc": 0.43317973613739014,
	"best_valid_main_smin_acc": 0.4571428596973419,
	"best_valid_main_pdelta": 0.1139184832572937,
	"best_train_main_random_metric": 491.36187744140625
}