{
	"best_train_main_metric": 4052.616943359375,
	"best_valid_main_acc": 0.7000916004180908,
	"best_valid_main_smin_acc": 0.5753575563430786,
	"best_valid_main_pdelta": 0.13083215057849884,
	"best_train_main_random_metric": 6420.68994140625
}