{
	"best_train_main_metric": 11478.47265625,
	"best_valid_main_acc": 0.5110456347465515,
	"best_valid_main_smin_acc": 0.4868420958518982,
	"best_valid_main_pdelta": 0.05008198693394661,
	"best_train_main_random_metric": 5.914516925811768
}