{
	"best_train_main_metric": 26492.353515625,
	"best_valid_main_acc": 0.5582417845726013,
	"best_valid_main_smin_acc": 0.5129958987236023,
	"best_valid_main_pdelta": 0.4548652768135071,
	"best_train_main_random_metric": 115.9476318359375
}