{
	"best_train_main_metric": 2.81394624710083,
	"best_valid_main_acc": 0.8188512325286865,
	"best_valid_main_smin_acc": 0.5526315569877625,
	"best_valid_main_pdelta": 0.13304419815540314,
	"best_train_main_random_metric": 13774.02734375
}