{
	"best_train_main_metric": 7.163240909576416,
	"best_valid_main_acc": 0.7890110015869141,
	"best_valid_main_smin_acc": 0.5035461187362671,
	"best_valid_main_pdelta": 0.45013704895973206,
	"best_train_main_random_metric": 31129.5859375
}