{
	"best_train_main_metric": 0.02549801580607891,
	"best_valid_main_acc": 0.8333333134651184,
	"best_valid_main_smin_acc": 0.6581196784973145,
	"best_valid_main_pdelta": 0.03283008560538292,
	"best_train_main_random_metric": 11134.240234375
}