{
	"best_train_main_metric": 13234.8896484375,
	"best_valid_main_acc": 0.460132896900177,
	"best_valid_main_smin_acc": 0.4642857015132904,
	"best_valid_main_pdelta": 0.06011701002717018,
	"best_train_main_random_metric": 1.5908567905426025
}