{
	"best_train_main_metric": 3661.66015625,
	"best_valid_main_acc": 0.6739926934242249,
	"best_valid_main_smin_acc": 0.5213004350662231,
	"best_valid_main_pdelta": 0.23647083342075348,
	"best_train_main_random_metric": 10822.8701171875
}