{
	"best_train_main_metric": 8.00925064086914,
	"best_valid_main_acc": 0.7728937864303589,
	"best_valid_main_smin_acc": 0.4789271950721741,
	"best_valid_main_pdelta": 0.44728854298591614,
	"best_train_main_random_metric": 28949.37109375
}