{
	"best_train_main_metric": 8.911473274230957,
	"best_valid_main_acc": 0.7831501960754395,
	"best_valid_main_smin_acc": 0.4750957787036896,
	"best_valid_main_pdelta": 0.47186100482940674,
	"best_train_main_random_metric": 25386.986328125
}