{
	"best_train_main_metric": 25044.4140625,
	"best_valid_main_acc": 0.5272727012634277,
	"best_valid_main_smin_acc": 0.6363636255264282,
	"best_valid_main_pdelta": 0.47291767597198486,
	"best_train_main_random_metric": 8.968769073486328
}