{
	"best_train_main_metric": 25281.373046875,
	"best_valid_main_acc": 0.5127993226051331,
	"best_valid_main_smin_acc": 0.47580644488334656,
	"best_valid_main_pdelta": 0.4369518756866455,
	"best_train_main_random_metric": 8.125707626342773
}