{
	"best_train_main_metric": 25071.509765625,
	"best_valid_main_acc": 0.4710622727870941,
	"best_valid_main_smin_acc": 0.553903341293335,
	"best_valid_main_pdelta": 0.4700644612312317,
	"best_train_main_random_metric": 20.243391036987305
}