{
	"best_train_main_metric": 0.05518244206905365,
	"best_valid_main_acc": 0.9319728016853333,
	"best_valid_main_smin_acc": 0.1666666716337204,
	"best_valid_main_pdelta": 0.08737411350011826,
	"best_train_main_random_metric": 8554.6201171875
}