{
	"best_train_main_metric": 0.04318550229072571,
	"best_valid_main_acc": 0.9251700639724731,
	"best_valid_main_smin_acc": 0.1666666716337204,
	"best_valid_main_pdelta": 0.09206044673919678,
	"best_train_main_random_metric": 8890.2890625
}