{
	"best_train_main_metric": 519.4942016601562,
	"best_valid_main_acc": 0.557603657245636,
	"best_valid_main_smin_acc": 0.5806451439857483,
	"best_valid_main_pdelta": 0.0006492703105323017,
	"best_train_main_random_metric": 549.5482177734375
}