{
	"best_train_main_metric": 4773.86474609375,
	"best_valid_main_acc": 0.7014651894569397,
	"best_valid_main_smin_acc": 0.12868216633796692,
	"best_valid_main_pdelta": 0.06092284247279167,
	"best_train_main_random_metric": 5588.60498046875
}