{
	"best_train_main_metric": 4535.91552734375,
	"best_valid_main_acc": 0.6721611618995667,
	"best_valid_main_smin_acc": 0.17209301888942719,
	"best_valid_main_pdelta": 0.15590937435626984,
	"best_train_main_random_metric": 5458.990234375
}