{
	"best_train_main_metric": 19941.85546875,
	"best_valid_main_acc": 0.5109890103340149,
	"best_valid_main_smin_acc": 0.5133689641952515,
	"best_valid_main_pdelta": 0.03947021812200546,
	"best_train_main_random_metric": 1.468371033668518
}