{
	"best_train_main_metric": 15435.876953125,
	"best_valid_main_acc": 0.5353925228118896,
	"best_valid_main_smin_acc": 0.5454545617103577,
	"best_valid_main_pdelta": 0.049254029989242554,
	"best_train_main_random_metric": 0.0809222161769867
}