{
	"best_train_main_metric": 15240.431640625,
	"best_valid_main_acc": 0.5057914853096008,
	"best_valid_main_smin_acc": 0.523809552192688,
	"best_valid_main_pdelta": 0.04958926886320114,
	"best_train_main_random_metric": 0.08609172701835632
}