{
	"best_train_main_metric": 1722.078369140625,
	"best_valid_main_acc": 0.6974359154701233,
	"best_valid_main_smin_acc": 0.5057471394538879,
	"best_valid_main_pdelta": 0.17766441404819489,
	"best_train_main_random_metric": 1714.9888916015625
}