{
	"best_train_main_metric": 950.2054443359375,
	"best_valid_main_acc": 0.6563706398010254,
	"best_valid_main_smin_acc": 0.6394850015640259,
	"best_valid_main_pdelta": 0.023134250193834305,
	"best_train_main_random_metric": 954.3616333007812
}