{
	"best_train_main_metric": 897.3912353515625,
	"best_valid_main_acc": 0.769626796245575,
	"best_valid_main_smin_acc": 0.7553648352622986,
	"best_valid_main_pdelta": 0.00694959657266736,
	"best_train_main_random_metric": 3356.053466796875
}