{
	"best_train_main_metric": 24095.26171875,
	"best_valid_main_acc": 0.47398844361305237,
	"best_valid_main_smin_acc": 0.4433962404727936,
	"best_valid_main_pdelta": 0.4767630398273468,
	"best_train_main_random_metric": 18.369150161743164
}