{
	"best_train_main_metric": 335.0054016113281,
	"best_valid_main_acc": 0.874316930770874,
	"best_valid_main_smin_acc": 0.4000000059604645,
	"best_valid_main_pdelta": 0.023747147992253304,
	"best_train_main_random_metric": 3321.555419921875
}