{
	"best_train_main_metric": 7.6209397315979,
	"best_valid_main_acc": 0.843104898929596,
	"best_valid_main_smin_acc": 0.4661017060279846,
	"best_valid_main_pdelta": 0.4951230585575104,
	"best_train_main_random_metric": 26360.201171875
}