{
	"best_train_main_metric": 20373.826171875,
	"best_valid_main_acc": 0.497802197933197,
	"best_valid_main_smin_acc": 0.5178571343421936,
	"best_valid_main_pdelta": 0.046346619725227356,
	"best_train_main_random_metric": 0.03869881108403206
}