{
	"best_train_main_metric": 487.0985107421875,
	"best_valid_main_acc": 0.6221198439598083,
	"best_valid_main_smin_acc": 0.6228070259094238,
	"best_valid_main_pdelta": 0.06399525701999664,
	"best_train_main_random_metric": 595.0186767578125
}