{
	"best_train_main_metric": 4769.8115234375,
	"best_valid_main_acc": 0.7000916004180908,
	"best_valid_main_smin_acc": 0.6091724634170532,
	"best_valid_main_pdelta": 0.0526641346514225,
	"best_train_main_random_metric": 5588.541015625
}