{
	"best_train_main_metric": 5417.49267578125,
	"best_valid_main_acc": 0.514194130897522,
	"best_valid_main_smin_acc": 0.5274177193641663,
	"best_valid_main_pdelta": 3.432888479437679e-05,
	"best_train_main_random_metric": 5417.30224609375
}