{
	"best_train_main_metric": 27085.263671875,
	"best_valid_main_acc": 0.5086482763290405,
	"best_valid_main_smin_acc": 0.5370370149612427,
	"best_valid_main_pdelta": 0.4790900945663452,
	"best_train_main_random_metric": 32.81298065185547
}