{
	"best_train_main_metric": 13513.1923828125,
	"best_valid_main_acc": 0.5418275594711304,
	"best_valid_main_smin_acc": 0.5150214433670044,
	"best_valid_main_pdelta": 0.06432472169399261,
	"best_train_main_random_metric": 1.9062179327011108
}