{
	"best_train_main_metric": 432.1695251464844,
	"best_valid_main_acc": 0.6451612710952759,
	"best_valid_main_smin_acc": 0.4035087823867798,
	"best_valid_main_pdelta": 0.2539134919643402,
	"best_train_main_random_metric": 466.3778076171875
}