{
	"best_train_main_metric": 467.0999450683594,
	"best_valid_main_acc": 0.6635944843292236,
	"best_valid_main_smin_acc": 0.17543859779834747,
	"best_valid_main_pdelta": 0.14842234551906586,
	"best_train_main_random_metric": 534.6309204101562
}