{
	"best_train_main_metric": 5198.791015625,
	"best_valid_main_acc": 0.6913919448852539,
	"best_valid_main_smin_acc": 0.5449500679969788,
	"best_valid_main_pdelta": 0.006229354999959469,
	"best_train_main_random_metric": 5448.74365234375
}