{
	"best_train_main_metric": 561.66357421875,
	"best_valid_main_acc": 0.841269850730896,
	"best_valid_main_smin_acc": 0.3333333432674408,
	"best_valid_main_pdelta": 0.03379145264625549,
	"best_train_main_random_metric": 563.1465454101562
}