{
	"best_train_main_metric": 20379.251953125,
	"best_valid_main_acc": 0.45659339427948,
	"best_valid_main_smin_acc": 0.4737550616264343,
	"best_valid_main_pdelta": 0.44209203124046326,
	"best_train_main_random_metric": 1496.145751953125
}