{
	"best_train_main_metric": 18854.921875,
	"best_valid_main_acc": 0.48351648449897766,
	"best_valid_main_smin_acc": 0.4644128084182739,
	"best_valid_main_pdelta": 0.053183842450380325,
	"best_train_main_random_metric": 16.02864646911621
}