{
	"best_train_main_metric": 11880.3212890625,
	"best_valid_main_acc": 0.5007363557815552,
	"best_valid_main_smin_acc": 0.5267175436019897,
	"best_valid_main_pdelta": 0.06490539014339447,
	"best_train_main_random_metric": 3.1175293922424316
}