{
	"best_train_main_metric": 11418.63671875,
	"best_valid_main_acc": 0.49484536051750183,
	"best_valid_main_smin_acc": 0.442748099565506,
	"best_valid_main_pdelta": 0.06631648540496826,
	"best_train_main_random_metric": 3.1921727657318115
}