{
	"best_train_main_metric": 1.4063465595245361,
	"best_valid_main_acc": 0.776098906993866,
	"best_valid_main_smin_acc": 0.7589576840400696,
	"best_valid_main_pdelta": 0.013083835132420063,
	"best_train_main_random_metric": 17031.490234375
}