{
	"best_train_main_metric": 26816.46484375,
	"best_valid_main_acc": 0.5010989308357239,
	"best_valid_main_smin_acc": 0.553903341293335,
	"best_valid_main_pdelta": 0.45066994428634644,
	"best_train_main_random_metric": 14.353241920471191
}