{
	"best_train_main_metric": 1139.561279296875,
	"best_valid_main_acc": 0.6912087798118591,
	"best_valid_main_smin_acc": 0.6785714030265808,
	"best_valid_main_pdelta": 0.017320901155471802,
	"best_train_main_random_metric": 1125.6492919921875
}