{
	"best_train_main_metric": 1205.4083251953125,
	"best_valid_main_acc": 0.7505494356155396,
	"best_valid_main_smin_acc": 0.7232142686843872,
	"best_valid_main_pdelta": 0.005636401008814573,
	"best_train_main_random_metric": 3797.79150390625
}