{
	"best_train_main_metric": 1375.372314453125,
	"best_valid_main_acc": 0.7069597244262695,
	"best_valid_main_smin_acc": 0.725978672504425,
	"best_valid_main_pdelta": 0.018411852419376373,
	"best_train_main_random_metric": 1381.072509765625
}