{
	"best_train_main_metric": 503.2575988769531,
	"best_valid_main_acc": 0.5483871102333069,
	"best_valid_main_smin_acc": 0.5899999737739563,
	"best_valid_main_pdelta": 0.0555066280066967,
	"best_train_main_random_metric": 536.2571411132812
}