{
	"best_train_main_metric": 483.44049072265625,
	"best_valid_main_acc": 0.5345622301101685,
	"best_valid_main_smin_acc": 0.5899999737739563,
	"best_valid_main_pdelta": 0.12679842114448547,
	"best_train_main_random_metric": 509.4915771484375
}