{
	"best_train_main_metric": 340.36981201171875,
	"best_valid_main_acc": 0.774193525314331,
	"best_valid_main_smin_acc": 0.5344827771186829,
	"best_valid_main_pdelta": 0.05304171144962311,
	"best_train_main_random_metric": 580.9046020507812
}