{
	"best_train_main_metric": 26951.7890625,
	"best_valid_main_acc": 0.46978020668029785,
	"best_valid_main_smin_acc": 0.467048704624176,
	"best_valid_main_pdelta": 0.43510550260543823,
	"best_train_main_random_metric": 119.70805358886719
}