{
	"best_train_main_metric": 4680.82763671875,
	"best_valid_main_acc": 0.6749083995819092,
	"best_valid_main_smin_acc": 0.3575909733772278,
	"best_valid_main_pdelta": 0.12089945375919342,
	"best_train_main_random_metric": 5650.25146484375
}