{
	"best_train_main_metric": 4695.41552734375,
	"best_valid_main_acc": 0.6978021860122681,
	"best_valid_main_smin_acc": 0.34253451228141785,
	"best_valid_main_pdelta": 0.08239495754241943,
	"best_train_main_random_metric": 5762.595703125
}