{
	"best_train_main_metric": 20288.927734375,
	"best_valid_main_acc": 0.5131868124008179,
	"best_valid_main_smin_acc": 0.4900285005569458,
	"best_valid_main_pdelta": 0.04867972433567047,
	"best_train_main_random_metric": 0.042516473680734634
}