{
	"best_train_main_metric": 19780.240234375,
	"best_valid_main_acc": 0.504395604133606,
	"best_valid_main_smin_acc": 0.4729344844818115,
	"best_valid_main_pdelta": 0.06889919936656952,
	"best_train_main_random_metric": 0.07255043834447861
}