{
	"best_train_main_metric": 3912.018798828125,
	"best_valid_main_acc": 0.5387572050094604,
	"best_valid_main_smin_acc": 0.5296703577041626,
	"best_valid_main_pdelta": 0.044043395668268204,
	"best_train_main_random_metric": 3551.377197265625
}