{
	"best_train_main_metric": 492.7062072753906,
	"best_valid_main_acc": 0.6728110313415527,
	"best_valid_main_smin_acc": 0.39436620473861694,
	"best_valid_main_pdelta": 0.09480368345975876,
	"best_train_main_random_metric": 543.1685180664062
}