{
	"best_train_main_metric": 402.46826171875,
	"best_valid_main_acc": 0.6543778777122498,
	"best_valid_main_smin_acc": 0.4647887349128723,
	"best_valid_main_pdelta": 0.2046789824962616,
	"best_train_main_random_metric": 451.56890869140625
}