{
	"best_train_main_metric": 3655.747314453125,
	"best_valid_main_acc": 0.7091608047485352,
	"best_valid_main_smin_acc": 0.5856481194496155,
	"best_valid_main_pdelta": 0.019781360402703285,
	"best_train_main_random_metric": 3880.673828125
}