{
	"best_train_main_metric": 1.485512137413025,
	"best_valid_main_acc": 0.7967032790184021,
	"best_valid_main_smin_acc": 0.7818532586097717,
	"best_valid_main_pdelta": 0.0264482032507658,
	"best_train_main_random_metric": 22894.640625
}