{
	"best_train_main_metric": 15895.611328125,
	"best_valid_main_acc": 0.5096153616905212,
	"best_valid_main_smin_acc": 0.5484949946403503,
	"best_valid_main_pdelta": 0.02685205452144146,
	"best_train_main_random_metric": 4.729870796203613
}