{
	"best_train_main_metric": 0.0193968303501606,
	"best_valid_main_acc": 0.9271402359008789,
	"best_valid_main_smin_acc": 0.1666666716337204,
	"best_valid_main_pdelta": 0.141973078250885,
	"best_train_main_random_metric": 12317.8486328125
}