{
	"best_train_main_metric": 10632.533203125,
	"best_valid_main_acc": 0.4826958179473877,
	"best_valid_main_smin_acc": 0.6000000238418579,
	"best_valid_main_pdelta": 0.05606335029006004,
	"best_train_main_random_metric": 0.08899279683828354
}