{
	"best_train_main_metric": 10736.9287109375,
	"best_valid_main_acc": 0.4408014714717865,
	"best_valid_main_smin_acc": 0.20000000298023224,
	"best_valid_main_pdelta": 0.06589488685131073,
	"best_train_main_random_metric": 0.09354645758867264
}