{
	"best_train_main_metric": 1.9284796714782715,
	"best_valid_main_acc": 0.8218298554420471,
	"best_valid_main_smin_acc": 0.7384615540504456,
	"best_valid_main_pdelta": 0.032649748027324677,
	"best_train_main_random_metric": 13484.4892578125
}