{
	"best_train_main_metric": 18631.57421875,
	"best_valid_main_acc": 0.4879120886325836,
	"best_valid_main_smin_acc": 0.49732619524002075,
	"best_valid_main_pdelta": 0.05424477159976959,
	"best_train_main_random_metric": 1.5140538215637207
}