{
	"best_train_main_metric": 1.4594101905822754,
	"best_valid_main_acc": 0.8114874958992004,
	"best_valid_main_smin_acc": 0.5190839767456055,
	"best_valid_main_pdelta": 0.1022016853094101,
	"best_train_main_random_metric": 13762.8759765625
}