{
	"best_train_main_metric": 1.4350323677062988,
	"best_valid_main_acc": 0.8262150287628174,
	"best_valid_main_smin_acc": 0.5343511700630188,
	"best_valid_main_pdelta": 0.09728146344423294,
	"best_train_main_random_metric": 14092.0546875
}