{
	"best_train_main_metric": 3661.396484375,
	"best_valid_main_acc": 0.6520146727561951,
	"best_valid_main_smin_acc": 0.4169986844062805,
	"best_valid_main_pdelta": 0.2781984508037567,
	"best_train_main_random_metric": 11632.498046875
}