{
	"best_train_main_metric": 511.5400695800781,
	"best_valid_main_acc": 0.599078357219696,
	"best_valid_main_smin_acc": 0.625,
	"best_valid_main_pdelta": 0.0014901625690981746,
	"best_train_main_random_metric": 551.8300170898438
}