{
	"best_train_main_metric": 679.2684326171875,
	"best_valid_main_acc": 0.8779599070549011,
	"best_valid_main_smin_acc": 0.25,
	"best_valid_main_pdelta": 0.08652163296937943,
	"best_train_main_random_metric": 679.8800659179688
}