{
	"best_train_main_metric": 732.8011474609375,
	"best_valid_main_acc": 0.7674418687820435,
	"best_valid_main_smin_acc": 0.38333332538604736,
	"best_valid_main_pdelta": 0.04019087553024292,
	"best_train_main_random_metric": 743.2827758789062
}