{
	"best_train_main_metric": 420.49749755859375,
	"best_valid_main_acc": 0.8837209343910217,
	"best_valid_main_smin_acc": 0.4166666567325592,
	"best_valid_main_pdelta": 0.1054726168513298,
	"best_train_main_random_metric": 2969.691162109375
}