{
	"best_train_main_metric": 19.83226203918457,
	"best_valid_main_acc": 0.704395592212677,
	"best_valid_main_smin_acc": 0.5868102312088013,
	"best_valid_main_pdelta": 0.4117754399776459,
	"best_train_main_random_metric": 34197.6796875
}