{
	"best_train_main_metric": 53.063838958740234,
	"best_valid_main_acc": 0.6934065818786621,
	"best_valid_main_smin_acc": 0.6177658438682556,
	"best_valid_main_pdelta": 0.433963805437088,
	"best_train_main_random_metric": 28640.326171875
}