{
	"best_train_main_metric": 2879.074951171875,
	"best_valid_main_acc": 0.7811725735664368,
	"best_valid_main_smin_acc": 0.4245283007621765,
	"best_valid_main_pdelta": 0.012272604741156101,
	"best_train_main_random_metric": 3015.80078125
}