{
	"best_train_main_metric": 1506.9794921875,
	"best_valid_main_acc": 0.7580512166023254,
	"best_valid_main_smin_acc": 0.4811320900917053,
	"best_valid_main_pdelta": 0.23274418711662292,
	"best_train_main_random_metric": 1520.0567626953125
}