{
	"best_train_main_metric": 4040.54541015625,
	"best_valid_main_acc": 0.6579670310020447,
	"best_valid_main_smin_acc": 0.5828988552093506,
	"best_valid_main_pdelta": 0.23628666996955872,
	"best_train_main_random_metric": 9155.603515625
}