{
	"best_train_main_metric": 3751.188720703125,
	"best_valid_main_acc": 0.6694139242172241,
	"best_valid_main_smin_acc": 0.5755996108055115,
	"best_valid_main_pdelta": 0.23480971157550812,
	"best_train_main_random_metric": 8636.541015625
}