{
	"best_train_main_metric": 1167.1800537109375,
	"best_valid_main_acc": 0.6637362837791443,
	"best_valid_main_smin_acc": 0.6096256971359253,
	"best_valid_main_pdelta": 0.022120175883173943,
	"best_train_main_random_metric": 1163.8084716796875
}