{
	"best_train_main_metric": 2348.880859375,
	"best_valid_main_acc": 0.6186813116073608,
	"best_valid_main_smin_acc": 0.55720055103302,
	"best_valid_main_pdelta": 0.1411803662776947,
	"best_train_main_random_metric": 2340.390625
}