{
	"best_train_main_metric": 4648.22900390625,
	"best_valid_main_acc": 0.6268315315246582,
	"best_valid_main_smin_acc": 0.4592592716217041,
	"best_valid_main_pdelta": 0.1597907543182373,
	"best_train_main_random_metric": 5278.9580078125
}