{
	"best_train_main_metric": 4515.52880859375,
	"best_valid_main_acc": 0.6332417726516724,
	"best_valid_main_smin_acc": 0.42111802101135254,
	"best_valid_main_pdelta": 0.2002035528421402,
	"best_train_main_random_metric": 5352.91943359375
}