{
	"best_train_main_metric": 9399.3505859375,
	"best_valid_main_acc": 0.5384615659713745,
	"best_valid_main_smin_acc": 0.5128205418586731,
	"best_valid_main_pdelta": 0.02949107624590397,
	"best_train_main_random_metric": 0.14139916002750397
}