{
	"best_train_main_metric": 15690.298828125,
	"best_valid_main_acc": 0.5083655118942261,
	"best_valid_main_smin_acc": 0.4836065471172333,
	"best_valid_main_pdelta": 0.05604651942849159,
	"best_train_main_random_metric": 3.5215649604797363
}