{
	"best_train_main_metric": 1366.724365234375,
	"best_valid_main_acc": 0.7845454812049866,
	"best_valid_main_smin_acc": 0.3333333432674408,
	"best_valid_main_pdelta": 0.18818634748458862,
	"best_train_main_random_metric": 1368.341064453125
}