{
	"best_train_main_metric": 18841.08984375,
	"best_valid_main_acc": 0.498285710811615,
	"best_valid_main_smin_acc": 0.5068492889404297,
	"best_valid_main_pdelta": 0.017757123336195946,
	"best_train_main_random_metric": 2.031933069229126
}