{
	"best_train_main_metric": 530.76953125,
	"best_valid_main_acc": 0.795918345451355,
	"best_valid_main_smin_acc": 0.4000000059604645,
	"best_valid_main_pdelta": 0.0374939888715744,
	"best_train_main_random_metric": 530.810791015625
}