{
	"best_train_main_metric": 1371.35205078125,
	"best_valid_main_acc": 0.8406275510787964,
	"best_valid_main_smin_acc": 0.38983049988746643,
	"best_valid_main_pdelta": 0.22285005450248718,
	"best_train_main_random_metric": 4003.452880859375
}