{
	"best_train_main_metric": 1517.87451171875,
	"best_valid_main_acc": 0.7175887823104858,
	"best_valid_main_smin_acc": 0.5338982939720154,
	"best_valid_main_pdelta": 0.17129924893379211,
	"best_train_main_random_metric": 1516.13330078125
}