{
	"best_train_main_metric": 943.9601440429688,
	"best_valid_main_acc": 0.6451612710952759,
	"best_valid_main_smin_acc": 0.6666666865348816,
	"best_valid_main_pdelta": 0.002891669748350978,
	"best_train_main_random_metric": 1211.09765625
}