{
	"best_train_main_metric": 1700.0123291015625,
	"best_valid_main_acc": 0.6124542355537415,
	"best_valid_main_smin_acc": 0.4117647111415863,
	"best_valid_main_pdelta": 0.3318711519241333,
	"best_train_main_random_metric": 1709.290283203125
}