{
	"best_train_main_metric": 21007.544921875,
	"best_valid_main_acc": 0.5069597363471985,
	"best_valid_main_smin_acc": 0.45390069484710693,
	"best_valid_main_pdelta": 0.48357316851615906,
	"best_train_main_random_metric": 44.55109405517578
}