{
	"best_train_main_metric": 21088.078125,
	"best_valid_main_acc": 0.49670329689979553,
	"best_valid_main_smin_acc": 0.4858156144618988,
	"best_valid_main_pdelta": 0.4484972059726715,
	"best_train_main_random_metric": 27.07404899597168
}