{
	"best_train_main_metric": 31721.65625,
	"best_valid_main_acc": 0.5027472376823425,
	"best_valid_main_smin_acc": 0.5191605687141418,
	"best_valid_main_pdelta": 0.5135660767555237,
	"best_train_main_random_metric": 169.3976593017578
}