{
	"best_train_main_metric": 31878.7578125,
	"best_valid_main_acc": 0.511904776096344,
	"best_valid_main_smin_acc": 0.49635037779808044,
	"best_valid_main_pdelta": 0.49890854954719543,
	"best_train_main_random_metric": 168.44219970703125
}