{
	"best_train_main_metric": 0.013921906240284443,
	"best_valid_main_acc": 0.9344262480735779,
	"best_valid_main_smin_acc": 0.5,
	"best_valid_main_pdelta": 0.159209743142128,
	"best_train_main_random_metric": 12466.9501953125
}