{
	"best_train_main_metric": 15463.76953125,
	"best_valid_main_acc": 0.49175822734832764,
	"best_valid_main_smin_acc": 0.46254071593284607,
	"best_valid_main_pdelta": 0.022109579294919968,
	"best_train_main_random_metric": 0.057592347264289856
}