{
	"best_train_main_metric": 1.4173485040664673,
	"best_valid_main_acc": 0.8633540272712708,
	"best_valid_main_smin_acc": 0.45614033937454224,
	"best_valid_main_pdelta": 0.05281597003340721,
	"best_train_main_random_metric": 9966.7919921875
}