{
	"best_train_main_metric": 35.911067962646484,
	"best_valid_main_acc": 0.687912106513977,
	"best_valid_main_smin_acc": 0.5635135173797607,
	"best_valid_main_pdelta": 0.4550710618495941,
	"best_train_main_random_metric": 28438.572265625
}