{
	"best_train_main_metric": 11835.11328125,
	"best_valid_main_acc": 0.46980854868888855,
	"best_valid_main_smin_acc": 0.5496183037757874,
	"best_valid_main_pdelta": 0.07932116091251373,
	"best_train_main_random_metric": 3.393904447555542
}