{
	"best_train_main_metric": 0.02944675274193287,
	"best_valid_main_acc": 0.8720930218696594,
	"best_valid_main_smin_acc": 0.4399999976158142,
	"best_valid_main_pdelta": 0.07720984518527985,
	"best_train_main_random_metric": 12824.3984375
}