{
	"best_train_main_metric": 4794.12255859375,
	"best_valid_main_acc": 0.6978021860122681,
	"best_valid_main_smin_acc": 0.535794198513031,
	"best_valid_main_pdelta": 0.08521629869937897,
	"best_train_main_random_metric": 5471.56982421875
}