{
	"best_train_main_metric": 4879.533203125,
	"best_valid_main_acc": 0.6982600688934326,
	"best_valid_main_smin_acc": 0.5514541268348694,
	"best_valid_main_pdelta": 0.0498335100710392,
	"best_train_main_random_metric": 5550.52490234375
}