{
	"best_train_main_metric": 1540.4805908203125,
	"best_valid_main_acc": 0.6548306941986084,
	"best_valid_main_smin_acc": 0.3471074402332306,
	"best_valid_main_pdelta": 0.30601903796195984,
	"best_train_main_random_metric": 1546.601318359375
}