{
	"best_train_main_metric": 0.009604659862816334,
	"best_valid_main_acc": 0.9160997867584229,
	"best_valid_main_smin_acc": 0.0,
	"best_valid_main_pdelta": 0.09770498424768448,
	"best_train_main_random_metric": 10122.6572265625
}