{
	"best_train_main_metric": 1310.90771484375,
	"best_valid_main_acc": 0.8290668725967407,
	"best_valid_main_smin_acc": 0.4027777910232544,
	"best_valid_main_pdelta": 0.23467139899730682,
	"best_train_main_random_metric": 4157.28955078125
}