{
	"best_train_main_metric": 750.447509765625,
	"best_valid_main_acc": 0.7790697813034058,
	"best_valid_main_smin_acc": 0.20000000298023224,
	"best_valid_main_pdelta": 0.05529150366783142,
	"best_train_main_random_metric": 746.3551025390625
}