{
	"best_train_main_metric": 747.8334350585938,
	"best_valid_main_acc": 0.7807309031486511,
	"best_valid_main_smin_acc": 0.4399999976158142,
	"best_valid_main_pdelta": 0.04003638029098511,
	"best_train_main_random_metric": 749.9734497070312
}