{
	"best_train_main_metric": 383.3963928222656,
	"best_valid_main_acc": 0.7834101319313049,
	"best_valid_main_smin_acc": 0.23076923191547394,
	"best_valid_main_pdelta": 0.3160734176635742,
	"best_train_main_random_metric": 578.4498291015625
}