{
	"best_train_main_metric": 511.6996154785156,
	"best_valid_main_acc": 0.599078357219696,
	"best_valid_main_smin_acc": 0.9069767594337463,
	"best_valid_main_pdelta": 0.0009791807970032096,
	"best_train_main_random_metric": 552.4087524414062
}