{
	"best_train_main_metric": 0.018881769850850105,
	"best_valid_main_acc": 0.8754152655601501,
	"best_valid_main_smin_acc": 0.5,
	"best_valid_main_pdelta": 0.0953860729932785,
	"best_train_main_random_metric": 14446.41796875
}