{
	"best_train_main_metric": 2707.0322265625,
	"best_valid_main_acc": 0.5366300344467163,
	"best_valid_main_smin_acc": 0.6352313160896301,
	"best_valid_main_pdelta": 0.0006032834644429386,
	"best_train_main_random_metric": 2702.569580078125
}