{
	"best_train_main_metric": 2872.753173828125,
	"best_valid_main_acc": 0.5691391825675964,
	"best_valid_main_smin_acc": 0.5527039170265198,
	"best_valid_main_pdelta": 0.14427094161510468,
	"best_train_main_random_metric": 2849.006103515625
}