{
	"best_train_main_metric": 4860.2841796875,
	"best_valid_main_acc": 0.6025640964508057,
	"best_valid_main_smin_acc": 0.37142857909202576,
	"best_valid_main_pdelta": 0.144358292222023,
	"best_train_main_random_metric": 5248.9775390625
}