{
	"best_train_main_metric": 1.9266456365585327,
	"best_valid_main_acc": 0.8314606547355652,
	"best_valid_main_smin_acc": 0.7589743733406067,
	"best_valid_main_pdelta": 0.029095612466335297,
	"best_train_main_random_metric": 13860.8330078125
}