{
	"best_train_main_metric": 10120.2919921875,
	"best_valid_main_acc": 0.5258799195289612,
	"best_valid_main_smin_acc": 0.5087719559669495,
	"best_valid_main_pdelta": 0.02958497405052185,
	"best_train_main_random_metric": 2.816887855529785
}