{
	"best_train_main_metric": 9511.3603515625,
	"best_valid_main_acc": 0.5072463750839233,
	"best_valid_main_smin_acc": 0.5614035129547119,
	"best_valid_main_pdelta": 0.02791963517665863,
	"best_train_main_random_metric": 2.822390556335449
}