{
	"best_train_main_metric": 3.446483850479126,
	"best_valid_main_acc": 0.8218298554420471,
	"best_valid_main_smin_acc": 0.7458563446998596,
	"best_valid_main_pdelta": 0.025778377428650856,
	"best_train_main_random_metric": 12424.08984375
}