{
	"best_train_main_metric": 27.277345657348633,
	"best_valid_main_acc": 0.7318681478500366,
	"best_valid_main_smin_acc": 0.6349650621414185,
	"best_valid_main_pdelta": 0.416524201631546,
	"best_train_main_random_metric": 28977.107421875
}