{
	"best_train_main_metric": 25.8260498046875,
	"best_valid_main_acc": 0.7203296422958374,
	"best_valid_main_smin_acc": 0.6195804476737976,
	"best_valid_main_pdelta": 0.4510566294193268,
	"best_train_main_random_metric": 29850.638671875
}