{
	"best_train_main_metric": 784.6207885742188,
	"best_valid_main_acc": 0.8159587979316711,
	"best_valid_main_smin_acc": 0.725321888923645,
	"best_valid_main_pdelta": 0.011206119321286678,
	"best_train_main_random_metric": 2940.08837890625
}