{
	"best_train_main_metric": 948.05908203125,
	"best_valid_main_acc": 0.7065637111663818,
	"best_valid_main_smin_acc": 0.6394850015640259,
	"best_valid_main_pdelta": 0.024395089596509933,
	"best_train_main_random_metric": 951.0028076171875
}