{
	"best_train_main_metric": 2306.70166015625,
	"best_valid_main_acc": 0.6505494713783264,
	"best_valid_main_smin_acc": 0.5827725529670715,
	"best_valid_main_pdelta": 0.14930874109268188,
	"best_train_main_random_metric": 2320.56982421875
}