{
	"best_train_main_metric": 4503.10986328125,
	"best_valid_main_acc": 0.49945053458213806,
	"best_valid_main_smin_acc": 0.491251677274704,
	"best_valid_main_pdelta": 0.0010330642107874155,
	"best_train_main_random_metric": 4514.2109375
}