{
	"best_train_main_metric": 1946.619384765625,
	"best_valid_main_acc": 0.6796925067901611,
	"best_valid_main_smin_acc": 0.5529157519340515,
	"best_valid_main_pdelta": 0.1720869392156601,
	"best_train_main_random_metric": 1958.392578125
}