{
	"best_train_main_metric": 3743.016845703125,
	"best_valid_main_acc": 0.4913516938686371,
	"best_valid_main_smin_acc": 0.5226781964302063,
	"best_valid_main_pdelta": 0.011029701679944992,
	"best_train_main_random_metric": 3911.443115234375
}