{
	"best_train_main_metric": 739.3564453125,
	"best_valid_main_acc": 0.6112957000732422,
	"best_valid_main_smin_acc": 0.3166666626930237,
	"best_valid_main_pdelta": 0.03885481134057045,
	"best_train_main_random_metric": 737.1484375
}