{
	"best_train_main_metric": 413.3525390625,
	"best_valid_main_acc": 0.8455149531364441,
	"best_valid_main_smin_acc": 0.5333333611488342,
	"best_valid_main_pdelta": 0.02491089329123497,
	"best_train_main_random_metric": 3042.2890625
}