{
	"best_train_main_metric": 2257.414306640625,
	"best_valid_main_acc": 0.6846153736114502,
	"best_valid_main_smin_acc": 0.6307692527770996,
	"best_valid_main_pdelta": 0.15608738362789154,
	"best_train_main_random_metric": 2286.0771484375
}