{
	"best_train_main_metric": 3040.001953125,
	"best_valid_main_acc": 0.7505494356155396,
	"best_valid_main_smin_acc": 0.6237761974334717,
	"best_valid_main_pdelta": 0.14120712876319885,
	"best_train_main_random_metric": 5089.88427734375
}