{
	"best_train_main_metric": 4669.185546875,
	"best_valid_main_acc": 0.7147436141967773,
	"best_valid_main_smin_acc": 0.20521172881126404,
	"best_valid_main_pdelta": 0.006907442584633827,
	"best_train_main_random_metric": 6252.603515625
}