{
	"best_train_main_metric": 0.0597246028482914,
	"best_valid_main_acc": 0.8899999856948853,
	"best_valid_main_smin_acc": 0.1818181872367859,
	"best_valid_main_pdelta": 0.4819720387458801,
	"best_train_main_random_metric": 23575.26171875
}