{
	"best_train_main_metric": 692.4727172851562,
	"best_valid_main_acc": 0.7948718070983887,
	"best_valid_main_smin_acc": 0.5740740895271301,
	"best_valid_main_pdelta": 0.017169153317809105,
	"best_train_main_random_metric": 692.4197387695312
}