{
	"best_train_main_metric": 686.2174682617188,
	"best_valid_main_acc": 0.8488160371780396,
	"best_valid_main_smin_acc": 0.3333333432674408,
	"best_valid_main_pdelta": 0.08016315847635269,
	"best_train_main_random_metric": 691.5858154296875
}