{
	"best_train_main_metric": 529.372314453125,
	"best_valid_main_acc": 0.8526077270507812,
	"best_valid_main_smin_acc": 0.4000000059604645,
	"best_valid_main_pdelta": 0.04443122446537018,
	"best_train_main_random_metric": 532.1666870117188
}