{
	"best_train_main_metric": 1371.654052734375,
	"best_valid_main_acc": 0.7554545402526855,
	"best_valid_main_smin_acc": 0.3076923191547394,
	"best_valid_main_pdelta": 0.18503707647323608,
	"best_train_main_random_metric": 1389.234130859375
}