{
	"best_train_main_metric": 10.69282341003418,
	"best_valid_main_acc": 0.7589743733406067,
	"best_valid_main_smin_acc": 0.45644599199295044,
	"best_valid_main_pdelta": 0.46248266100883484,
	"best_train_main_random_metric": 27170.24609375
}