{
	"best_train_main_metric": 1.4112865924835205,
	"best_valid_main_acc": 0.7788461446762085,
	"best_valid_main_smin_acc": 0.732899010181427,
	"best_valid_main_pdelta": 0.018959611654281616,
	"best_train_main_random_metric": 15945.5517578125
}