{
	"best_train_main_metric": 1.4142764806747437,
	"best_valid_main_acc": 0.781593382358551,
	"best_valid_main_smin_acc": 0.7524430155754089,
	"best_valid_main_pdelta": 0.01583048515021801,
	"best_train_main_random_metric": 16489.1796875
}