{
	"best_train_main_metric": 14043.931640625,
	"best_valid_main_acc": 0.5213549137115479,
	"best_valid_main_smin_acc": 0.5065789222717285,
	"best_valid_main_pdelta": 0.04058307781815529,
	"best_train_main_random_metric": 4.235330104827881
}