{
	"best_train_main_metric": 4227.5390625,
	"best_valid_main_acc": 0.7023809552192688,
	"best_valid_main_smin_acc": 0.3913043439388275,
	"best_valid_main_pdelta": 0.18324944376945496,
	"best_train_main_random_metric": 7751.13671875
}