{
	"best_train_main_metric": 4240.357421875,
	"best_valid_main_acc": 0.6982600688934326,
	"best_valid_main_smin_acc": 0.4037266969680786,
	"best_valid_main_pdelta": 0.18458245694637299,
	"best_train_main_random_metric": 7944.244140625
}