{
	"best_train_main_metric": 528.7969360351562,
	"best_valid_main_acc": 0.557603657245636,
	"best_valid_main_smin_acc": 0.6018518805503845,
	"best_valid_main_pdelta": 0.041101306676864624,
	"best_train_main_random_metric": 536.11181640625
}