{
	"best_train_main_metric": 542.3786010742188,
	"best_valid_main_acc": 0.4700460731983185,
	"best_valid_main_smin_acc": 0.48148149251937866,
	"best_valid_main_pdelta": 0.00031570132705383003,
	"best_train_main_random_metric": 542.4462890625
}