{
	"best_train_main_metric": 4489.83984375,
	"best_valid_main_acc": 0.6991758346557617,
	"best_valid_main_smin_acc": 0.626518189907074,
	"best_valid_main_pdelta": 0.05366598814725876,
	"best_train_main_random_metric": 5991.88916015625
}