{
	"best_train_main_metric": 3884.18701171875,
	"best_valid_main_acc": 0.651098906993866,
	"best_valid_main_smin_acc": 0.1912013590335846,
	"best_valid_main_pdelta": 0.3310166895389557,
	"best_train_main_random_metric": 9869.826171875
}