{
	"best_train_main_metric": 4209.02734375,
	"best_valid_main_acc": 0.6794871687889099,
	"best_valid_main_smin_acc": 0.13874788582324982,
	"best_valid_main_pdelta": 0.2941600978374481,
	"best_train_main_random_metric": 7926.4052734375
}