{
	"best_train_main_metric": 22741.833984375,
	"best_valid_main_acc": 0.500320315361023,
	"best_valid_main_smin_acc": 0.5138888955116272,
	"best_valid_main_pdelta": 0.4701373875141144,
	"best_train_main_random_metric": 39.04951477050781
}