{
	"best_train_main_metric": 2851.78564453125,
	"best_valid_main_acc": 0.5700549483299255,
	"best_valid_main_smin_acc": 0.5659690499305725,
	"best_valid_main_pdelta": 0.2162778079509735,
	"best_train_main_random_metric": 2893.01416015625
}