{
	"best_train_main_metric": 278.7528991699219,
	"best_valid_main_acc": 0.8018433451652527,
	"best_valid_main_smin_acc": 0.21212121844291687,
	"best_valid_main_pdelta": 0.661918580532074,
	"best_train_main_random_metric": 1179.8912353515625
}