{
	"best_train_main_metric": 21503.640625,
	"best_valid_main_acc": 0.5003663301467896,
	"best_valid_main_smin_acc": 0.4838709533214569,
	"best_valid_main_pdelta": 0.533897340297699,
	"best_train_main_random_metric": 24.48480224609375
}