{
	"best_train_main_metric": 30141.208984375,
	"best_valid_main_acc": 0.48571428656578064,
	"best_valid_main_smin_acc": 0.5125448107719421,
	"best_valid_main_pdelta": 0.4789073169231415,
	"best_train_main_random_metric": 12.91120719909668
}