{
	"best_train_main_metric": 1.4217438697814941,
	"best_valid_main_acc": 0.8100147247314453,
	"best_valid_main_smin_acc": 0.5625,
	"best_valid_main_pdelta": 0.05821581557393074,
	"best_train_main_random_metric": 15204.86328125
}