{
	"best_train_main_metric": 1.428133249282837,
	"best_valid_main_acc": 0.8144329786300659,
	"best_valid_main_smin_acc": 0.5763888955116272,
	"best_valid_main_pdelta": 0.0672561451792717,
	"best_train_main_random_metric": 14921.9072265625
}