{
	"best_train_main_metric": 4307.75439453125,
	"best_valid_main_acc": 0.7825091481208801,
	"best_valid_main_smin_acc": 0.7184959053993225,
	"best_valid_main_pdelta": 0.0,
	"best_train_main_random_metric": 5870.56884765625
}