{
	"best_train_main_metric": 20304.255859375,
	"best_valid_main_acc": 0.5188981294631958,
	"best_valid_main_smin_acc": 0.47959184646606445,
	"best_valid_main_pdelta": 0.5290126204490662,
	"best_train_main_random_metric": 49.93704605102539
}