{
	"best_train_main_metric": 886.8306274414062,
	"best_valid_main_acc": 0.7005494236946106,
	"best_valid_main_smin_acc": 0.7118644118309021,
	"best_valid_main_pdelta": 0.013528645038604736,
	"best_train_main_random_metric": 886.458251953125
}