{
	"best_train_main_metric": 863.29833984375,
	"best_valid_main_acc": 0.7452135682106018,
	"best_valid_main_smin_acc": 0.4375,
	"best_valid_main_pdelta": 0.04088186100125313,
	"best_train_main_random_metric": 865.4398803710938
}