{
	"best_train_main_metric": 865.2543334960938,
	"best_valid_main_acc": 0.7511045932769775,
	"best_valid_main_smin_acc": 0.4652777910232544,
	"best_valid_main_pdelta": 0.04943166673183441,
	"best_train_main_random_metric": 864.39501953125
}