{
	"best_train_main_metric": 902.3350219726562,
	"best_valid_main_acc": 0.7225274443626404,
	"best_valid_main_smin_acc": 0.6807817816734314,
	"best_valid_main_pdelta": 0.014807838946580887,
	"best_train_main_random_metric": 902.5885009765625
}