{
	"best_train_main_metric": 902.9093627929688,
	"best_valid_main_acc": 0.7170329689979553,
	"best_valid_main_smin_acc": 0.6579804420471191,
	"best_valid_main_pdelta": 0.01506385300308466,
	"best_train_main_random_metric": 902.0278930664062
}