{
	"best_train_main_metric": 24045.412109375,
	"best_valid_main_acc": 0.4862637221813202,
	"best_valid_main_smin_acc": 0.4609090983867645,
	"best_valid_main_pdelta": 0.38982462882995605,
	"best_train_main_random_metric": 94.86146545410156
}