{
	"best_train_main_metric": 0.0564291886985302,
	"best_valid_main_acc": 0.8681818246841431,
	"best_valid_main_smin_acc": 0.1666666716337204,
	"best_valid_main_pdelta": 0.5075773596763611,
	"best_train_main_random_metric": 24428.0625
}