{
	"best_train_main_metric": 4957.7734375,
	"best_valid_main_acc": 0.6048534512519836,
	"best_valid_main_smin_acc": 0.3822222352027893,
	"best_valid_main_pdelta": 0.16810524463653564,
	"best_train_main_random_metric": 5210.85400390625
}