{
	"best_train_main_metric": 5418.02490234375,
	"best_valid_main_acc": 0.4922161102294922,
	"best_valid_main_smin_acc": 0.4888888895511627,
	"best_valid_main_pdelta": 3.3363547117915004e-05,
	"best_train_main_random_metric": 5418.2255859375
}