{
	"best_train_main_metric": 4041.209716796875,
	"best_valid_main_acc": 0.6909340620040894,
	"best_valid_main_smin_acc": 0.38509318232536316,
	"best_valid_main_pdelta": 0.2100595384836197,
	"best_train_main_random_metric": 8595.69921875
}