{
	"best_train_main_metric": 4310.1640625,
	"best_valid_main_acc": 0.6854395866394043,
	"best_valid_main_smin_acc": 0.4521739184856415,
	"best_valid_main_pdelta": 0.2122679501771927,
	"best_train_main_random_metric": 8758.09375
}