{
	"best_train_main_metric": 10826.9580078125,
	"best_valid_main_acc": 0.569767415523529,
	"best_valid_main_smin_acc": 0.550000011920929,
	"best_valid_main_pdelta": 0.06281016021966934,
	"best_train_main_random_metric": 1.6252769231796265
}