{
	"best_train_main_metric": 510.3407287597656,
	"best_valid_main_acc": 0.5622119903564453,
	"best_valid_main_smin_acc": 0.5648148059844971,
	"best_valid_main_pdelta": 0.015381154604256153,
	"best_train_main_random_metric": 559.9389038085938
}