{
	"best_train_main_metric": 985.5062255859375,
	"best_valid_main_acc": 0.7310167551040649,
	"best_valid_main_smin_acc": 0.618852436542511,
	"best_valid_main_pdelta": 0.03413959965109825,
	"best_train_main_random_metric": 987.830810546875
}