{
	"best_train_main_metric": 984.5755615234375,
	"best_valid_main_acc": 0.7142857313156128,
	"best_valid_main_smin_acc": 0.6516393423080444,
	"best_valid_main_pdelta": 0.026795096695423126,
	"best_train_main_random_metric": 989.4607543945312
}