{
	"best_train_main_metric": 583.1397705078125,
	"best_valid_main_acc": 0.47926267981529236,
	"best_valid_main_smin_acc": 0.5072463750839233,
	"best_valid_main_pdelta": 0.13079281151294708,
	"best_train_main_random_metric": 477.5496520996094
}