{
	"best_train_main_metric": 2.836010456085205,
	"best_valid_main_acc": 0.7850707769393921,
	"best_valid_main_smin_acc": 0.6623376607894897,
	"best_valid_main_pdelta": 0.08447614312171936,
	"best_train_main_random_metric": 17458.169921875
}