{
	"best_train_main_metric": 791.2691040039062,
	"best_valid_main_acc": 0.8172757625579834,
	"best_valid_main_smin_acc": 0.3392857015132904,
	"best_valid_main_pdelta": 0.049962546676397324,
	"best_train_main_random_metric": 791.4017944335938
}