{
	"best_train_main_metric": 4039.464111328125,
	"best_valid_main_acc": 0.6410256624221802,
	"best_valid_main_smin_acc": 0.49781182408332825,
	"best_valid_main_pdelta": 0.24241070449352264,
	"best_train_main_random_metric": 8541.21875
}