{
	"best_train_main_metric": 4124.56787109375,
	"best_valid_main_acc": 0.6726190447807312,
	"best_valid_main_smin_acc": 0.49343544244766235,
	"best_valid_main_pdelta": 0.17425045371055603,
	"best_train_main_random_metric": 7139.65234375
}