{
	"best_train_main_metric": 934.1025390625,
	"best_valid_main_acc": 0.8274725079536438,
	"best_valid_main_smin_acc": 0.7648809552192688,
	"best_valid_main_pdelta": 0.011424535885453224,
	"best_train_main_random_metric": 3282.873291015625
}