{
	"best_train_main_metric": 4512.62109375,
	"best_valid_main_acc": 0.5065934062004089,
	"best_valid_main_smin_acc": 0.5006992816925049,
	"best_valid_main_pdelta": 0.0020302110351622105,
	"best_train_main_random_metric": 4515.53759765625
}