{
	"best_train_main_metric": 1.41961669921875,
	"best_valid_main_acc": 0.8095238208770752,
	"best_valid_main_smin_acc": 0.7229437232017517,
	"best_valid_main_pdelta": 0.03702665492892265,
	"best_train_main_random_metric": 16541.673828125
}