{
	"best_train_main_metric": 1.4306552410125732,
	"best_valid_main_acc": 0.80694979429245,
	"best_valid_main_smin_acc": 0.6598360538482666,
	"best_valid_main_pdelta": 0.053138867020606995,
	"best_train_main_random_metric": 17621.611328125
}