{
	"best_train_main_metric": 1.4191293716430664,
	"best_valid_main_acc": 0.8352638483047485,
	"best_valid_main_smin_acc": 0.7090163826942444,
	"best_valid_main_pdelta": 0.039469119161367416,
	"best_train_main_random_metric": 18748.0
}