{
	"best_train_main_metric": 1.9989112615585327,
	"best_valid_main_acc": 0.8067765831947327,
	"best_valid_main_smin_acc": 0.809608519077301,
	"best_valid_main_pdelta": 0.015963103622198105,
	"best_train_main_random_metric": 20187.435546875
}