{
	"best_train_main_metric": 10004.5205078125,
	"best_valid_main_acc": 0.5457875728607178,
	"best_valid_main_smin_acc": 0.38053098320961,
	"best_valid_main_pdelta": 0.024247614666819572,
	"best_train_main_random_metric": 1.5049539804458618
}