{
	"best_train_main_metric": 11088.126953125,
	"best_valid_main_acc": 0.5824176073074341,
	"best_valid_main_smin_acc": 0.5044247508049011,
	"best_valid_main_pdelta": 0.028017448261380196,
	"best_train_main_random_metric": 1.4316747188568115
}