{
	"best_train_main_metric": 7.597411155700684,
	"best_valid_main_acc": 0.8472337126731873,
	"best_valid_main_smin_acc": 0.43220338225364685,
	"best_valid_main_pdelta": 0.4721101224422455,
	"best_train_main_random_metric": 26733.021484375
}