{
	"best_train_main_metric": 2.820831060409546,
	"best_valid_main_acc": 0.8100147247314453,
	"best_valid_main_smin_acc": 0.5723684430122375,
	"best_valid_main_pdelta": 0.09953409433364868,
	"best_train_main_random_metric": 13901.15625
}