{
	"best_train_main_metric": 407.1021728515625,
	"best_valid_main_acc": 0.6405529975891113,
	"best_valid_main_smin_acc": 0.27941176295280457,
	"best_valid_main_pdelta": 0.4037017524242401,
	"best_train_main_random_metric": 740.612060546875
}