{
	"best_train_main_metric": 5234.48779296875,
	"best_valid_main_acc": 0.6863552927970886,
	"best_valid_main_smin_acc": 0.6855576038360596,
	"best_valid_main_pdelta": 0.0034357730764895678,
	"best_train_main_random_metric": 5443.388671875
}