{
	"best_train_main_metric": 1.4689632654190063,
	"best_valid_main_acc": 0.8085419535636902,
	"best_valid_main_smin_acc": 0.5277777910232544,
	"best_valid_main_pdelta": 0.07285516709089279,
	"best_train_main_random_metric": 14211.7177734375
}