{
	"best_train_main_metric": 574.5332641601562,
	"best_valid_main_acc": 0.5299538969993591,
	"best_valid_main_smin_acc": 0.6190476417541504,
	"best_valid_main_pdelta": 0.1356809288263321,
	"best_train_main_random_metric": 481.21588134765625
}