{
	"best_train_main_metric": 21621.564453125,
	"best_valid_main_acc": 0.5027272701263428,
	"best_valid_main_smin_acc": 0.4615384638309479,
	"best_valid_main_pdelta": 0.5029979944229126,
	"best_train_main_random_metric": 6.611117839813232
}