{
	"best_train_main_metric": 26752.552734375,
	"best_valid_main_acc": 0.5144508481025696,
	"best_valid_main_smin_acc": 0.6370967626571655,
	"best_valid_main_pdelta": 0.4874066114425659,
	"best_train_main_random_metric": 7.612245082855225
}