{
	"best_train_main_metric": 13730.1396484375,
	"best_valid_main_acc": 0.5028571486473083,
	"best_valid_main_smin_acc": 0.4761904776096344,
	"best_valid_main_pdelta": 0.03223174437880516,
	"best_train_main_random_metric": 11.354747772216797
}