{
	"best_train_main_metric": 15279.462890625,
	"best_valid_main_acc": 0.46628570556640625,
	"best_valid_main_smin_acc": 0.4444444477558136,
	"best_valid_main_pdelta": 0.03577037528157234,
	"best_train_main_random_metric": 1.992067813873291
}