{
	"best_train_main_metric": 4812.8466796875,
	"best_valid_main_acc": 0.7138278484344482,
	"best_valid_main_smin_acc": 0.2348242849111557,
	"best_valid_main_pdelta": 0.0018497953424230218,
	"best_train_main_random_metric": 5736.5888671875
}