{
	"best_train_main_metric": 1.4454959630966187,
	"best_valid_main_acc": 0.7889317870140076,
	"best_valid_main_smin_acc": 0.6909871101379395,
	"best_valid_main_pdelta": 0.07575824856758118,
	"best_train_main_random_metric": 15902.177734375
}