{
	"best_train_main_metric": 3984.09765625,
	"best_valid_main_acc": 0.6996337175369263,
	"best_valid_main_smin_acc": 0.10052909702062607,
	"best_valid_main_pdelta": 0.36439248919487,
	"best_train_main_random_metric": 10489.9013671875
}