{
	"best_train_main_metric": 3898.8359375,
	"best_valid_main_acc": 0.6881868243217468,
	"best_valid_main_smin_acc": 0.12169311940670013,
	"best_valid_main_pdelta": 0.2959061563014984,
	"best_train_main_random_metric": 9660.876953125
}