{
	"best_train_main_metric": 1695.6798095703125,
	"best_valid_main_acc": 0.49631810188293457,
	"best_valid_main_smin_acc": 0.5,
	"best_valid_main_pdelta": 2.628223114697903e-07,
	"best_train_main_random_metric": 1696.3658447265625
}