{
	"best_train_main_metric": 864.0550537109375,
	"best_valid_main_acc": 0.7437407970428467,
	"best_valid_main_smin_acc": 0.4375,
	"best_valid_main_pdelta": 0.03665393218398094,
	"best_train_main_random_metric": 865.0057373046875
}