{
	"best_train_main_metric": 1682.57373046875,
	"best_valid_main_acc": 0.6798534989356995,
	"best_valid_main_smin_acc": 0.4751773178577423,
	"best_valid_main_pdelta": 0.1867598444223404,
	"best_train_main_random_metric": 1686.57421875
}