{
	"best_train_main_metric": 574.4752197265625,
	"best_valid_main_acc": 0.8344671130180359,
	"best_valid_main_smin_acc": 0.5,
	"best_valid_main_pdelta": 0.022082434967160225,
	"best_train_main_random_metric": 552.2293701171875
}