{
	"best_train_main_metric": 19.460369110107422,
	"best_valid_main_acc": 0.727738618850708,
	"best_valid_main_smin_acc": 0.5315904021263123,
	"best_valid_main_pdelta": 0.4500940144062042,
	"best_train_main_random_metric": 21843.478515625
}