{
	"best_train_main_metric": 1368.5960693359375,
	"best_valid_main_acc": 0.6822344064712524,
	"best_valid_main_smin_acc": 0.7027027010917664,
	"best_valid_main_pdelta": 0.016998426988720894,
	"best_train_main_random_metric": 1381.520263671875
}