{
	"best_train_main_metric": 1290.407470703125,
	"best_valid_main_acc": 0.7554945349693298,
	"best_valid_main_smin_acc": 0.7644787430763245,
	"best_valid_main_pdelta": 0.017562981694936752,
	"best_train_main_random_metric": 4072.647216796875
}