{
	"best_train_main_metric": 5421.0859375,
	"best_valid_main_acc": 0.5114468932151794,
	"best_valid_main_smin_acc": 0.508707582950592,
	"best_valid_main_pdelta": 0.0009608367108739913,
	"best_train_main_random_metric": 5418.54541015625
}