{
	"best_train_main_metric": 30198.421875,
	"best_valid_main_acc": 0.5086996555328369,
	"best_valid_main_smin_acc": 0.4876260459423065,
	"best_valid_main_pdelta": 0.5297508835792542,
	"best_train_main_random_metric": 155.72889709472656
}