{
	"best_train_main_metric": 863.8547973632812,
	"best_valid_main_acc": 0.7599411010742188,
	"best_valid_main_smin_acc": 0.4375,
	"best_valid_main_pdelta": 0.0490940660238266,
	"best_train_main_random_metric": 865.1044921875
}