{
	"best_train_main_metric": 1378.013916015625,
	"best_valid_main_acc": 0.7161172032356262,
	"best_valid_main_smin_acc": 0.7206405401229858,
	"best_valid_main_pdelta": 0.02274555340409279,
	"best_train_main_random_metric": 1375.0399169921875
}