{
	"best_train_main_metric": 1108.2333984375,
	"best_valid_main_acc": 0.8113552927970886,
	"best_valid_main_smin_acc": 0.8131672739982605,
	"best_valid_main_pdelta": 0.0076912990771234035,
	"best_train_main_random_metric": 4366.224609375
}