{
	"best_train_main_metric": 3757.93701171875,
	"best_valid_main_acc": 0.6570512652397156,
	"best_valid_main_smin_acc": 0.18443316221237183,
	"best_valid_main_pdelta": 0.35560309886932373,
	"best_train_main_random_metric": 10369.2197265625
}