{
	"best_train_main_metric": 4014.4150390625,
	"best_valid_main_acc": 0.653388261795044,
	"best_valid_main_smin_acc": 0.20304568111896515,
	"best_valid_main_pdelta": 0.2975168824195862,
	"best_train_main_random_metric": 8127.18603515625
}