{
	"best_train_main_metric": 0.015512042678892612,
	"best_valid_main_acc": 0.8550724387168884,
	"best_valid_main_smin_acc": 0.3499999940395355,
	"best_valid_main_pdelta": 0.072844959795475,
	"best_train_main_random_metric": 10477.421875
}