{
	"best_train_main_metric": 1.9529852867126465,
	"best_valid_main_acc": 0.7849116921424866,
	"best_valid_main_smin_acc": 0.6961326003074646,
	"best_valid_main_pdelta": 0.029067061841487885,
	"best_train_main_random_metric": 12767.0751953125
}