{
	"best_train_main_metric": 18639.736328125,
	"best_valid_main_acc": 0.48241758346557617,
	"best_valid_main_smin_acc": 0.5714285969734192,
	"best_valid_main_pdelta": 0.047765959054231644,
	"best_train_main_random_metric": 0.05849376693367958
}