{
	"best_train_main_metric": 19430.236328125,
	"best_valid_main_acc": 0.5065934062004089,
	"best_valid_main_smin_acc": 0.5267857313156128,
	"best_valid_main_pdelta": 0.049706246703863144,
	"best_train_main_random_metric": 0.055749159306287766
}