{
	"best_train_main_metric": 1128.40087890625,
	"best_valid_main_acc": 0.7153846025466919,
	"best_valid_main_smin_acc": 0.6815476417541504,
	"best_valid_main_pdelta": 0.01879418082535267,
	"best_train_main_random_metric": 1128.624267578125
}