{
	"best_train_main_metric": 1659.2239990234375,
	"best_valid_main_acc": 0.7062271237373352,
	"best_valid_main_smin_acc": 0.5376344323158264,
	"best_valid_main_pdelta": 0.2377256155014038,
	"best_train_main_random_metric": 1693.1900634765625
}