{
	"best_train_main_metric": 3870.305908203125,
	"best_valid_main_acc": 0.6726190447807312,
	"best_valid_main_smin_acc": 0.10824742168188095,
	"best_valid_main_pdelta": 0.3456152081489563,
	"best_train_main_random_metric": 9283.958984375
}