{
	"best_train_main_metric": 3804.58154296875,
	"best_valid_main_acc": 0.6849817037582397,
	"best_valid_main_smin_acc": 0.0996563583612442,
	"best_valid_main_pdelta": 0.28485795855522156,
	"best_train_main_random_metric": 8108.7802734375
}