{
	"best_train_main_metric": 10874.2587890625,
	"best_valid_main_acc": 0.46886447072029114,
	"best_valid_main_smin_acc": 0.5740740895271301,
	"best_valid_main_pdelta": 0.02769961953163147,
	"best_train_main_random_metric": 1.9812079668045044
}