{
	"best_train_main_metric": 5421.52392578125,
	"best_valid_main_acc": 0.5114468932151794,
	"best_valid_main_smin_acc": 0.508707582950592,
	"best_valid_main_pdelta": 0.004076007287949324,
	"best_train_main_random_metric": 5408.8720703125
}