{
	"best_train_main_metric": 1708.5872802734375,
	"best_valid_main_acc": 0.6974359154701233,
	"best_valid_main_smin_acc": 0.4750957787036896,
	"best_valid_main_pdelta": 0.21438366174697876,
	"best_train_main_random_metric": 1725.349609375
}