{
	"best_train_main_metric": 4324.462890625,
	"best_valid_main_acc": 0.7202380895614624,
	"best_valid_main_smin_acc": 0.7117117047309875,
	"best_valid_main_pdelta": 0.08531367778778076,
	"best_train_main_random_metric": 6180.02490234375
}