{
	"best_train_main_metric": 4581.2705078125,
	"best_valid_main_acc": 0.7101648449897766,
	"best_valid_main_smin_acc": 0.7200366258621216,
	"best_valid_main_pdelta": 0.04402292147278786,
	"best_train_main_random_metric": 5872.27294921875
}