{
	"best_train_main_metric": 10447.0888671875,
	"best_valid_main_acc": 0.49908924102783203,
	"best_valid_main_smin_acc": 0.25,
	"best_valid_main_pdelta": 0.044846393167972565,
	"best_train_main_random_metric": 2.926553726196289
}