{
	"best_train_main_metric": 1369.28125,
	"best_valid_main_acc": 0.506375253200531,
	"best_valid_main_smin_acc": 0.4000000059604645,
	"best_valid_main_pdelta": 3.6957399629500287e-07,
	"best_train_main_random_metric": 1368.930419921875
}