{
	"best_train_main_metric": 708.8748779296875,
	"best_valid_main_acc": 0.8051002025604248,
	"best_valid_main_smin_acc": 0.0,
	"best_valid_main_pdelta": 0.04900819808244705,
	"best_train_main_random_metric": 703.7388916015625
}