{
	"best_train_main_metric": 4169.68310546875,
	"best_valid_main_acc": 0.6602563858032227,
	"best_valid_main_smin_acc": 0.594369113445282,
	"best_valid_main_pdelta": 0.251116007566452,
	"best_train_main_random_metric": 9639.869140625
}