{
	"best_train_main_metric": 3918.9853515625,
	"best_valid_main_acc": 0.6620879173278809,
	"best_valid_main_smin_acc": 0.569343090057373,
	"best_valid_main_pdelta": 0.23918034136295319,
	"best_train_main_random_metric": 9073.9072265625
}