{
	"best_train_main_metric": 768.6342163085938,
	"best_valid_main_acc": 0.7094703316688538,
	"best_valid_main_smin_acc": 0.591160237789154,
	"best_valid_main_pdelta": 0.015321486629545689,
	"best_train_main_random_metric": 769.3192138671875
}