{
	"best_train_main_metric": 4719.71630859375,
	"best_valid_main_acc": 0.6387362480163574,
	"best_valid_main_smin_acc": 0.2503703832626343,
	"best_valid_main_pdelta": 0.14078037440776825,
	"best_train_main_random_metric": 5324.7314453125
}