{
	"best_train_main_metric": 4094.49169921875,
	"best_valid_main_acc": 0.6478937864303589,
	"best_valid_main_smin_acc": 0.6252371668815613,
	"best_valid_main_pdelta": 0.28113818168640137,
	"best_train_main_random_metric": 14125.2158203125
}