{
	"best_train_main_metric": 3782.269775390625,
	"best_valid_main_acc": 0.6762820482254028,
	"best_valid_main_smin_acc": 0.6736242771148682,
	"best_valid_main_pdelta": 0.21321171522140503,
	"best_train_main_random_metric": 8543.6689453125
}