{
	"best_train_main_metric": 1.9472893476486206,
	"best_valid_main_acc": 0.7833065986633301,
	"best_valid_main_smin_acc": 0.6795580387115479,
	"best_valid_main_pdelta": 0.03246501460671425,
	"best_train_main_random_metric": 12778.74609375
}