{
	"best_train_main_metric": 2419.882568359375,
	"best_valid_main_acc": 0.9647436141967773,
	"best_train_main_random_metric": 6660.98095703125
}