{
	"best_train_main_metric": 4641.5224609375,
	"best_valid_main_acc": 0.6547619104385376,
	"best_valid_main_smin_acc": 0.6170212626457214,
	"best_valid_main_pdelta": 0.1318574994802475,
	"best_train_main_random_metric": 5327.62158203125
}