{
	"best_train_main_metric": 4862.95751953125,
	"best_valid_main_acc": 0.6886447072029114,
	"best_valid_main_smin_acc": 0.6632747650146484,
	"best_valid_main_pdelta": 0.045707717537879944,
	"best_train_main_random_metric": 5555.626953125
}