{
	"best_train_main_metric": 1.44400155544281,
	"best_valid_main_acc": 0.8365243077278137,
	"best_valid_main_smin_acc": 0.5954198241233826,
	"best_valid_main_pdelta": 0.06564737111330032,
	"best_train_main_random_metric": 13857.6259765625
}