{
	"best_train_main_metric": 1.4362977743148804,
	"best_valid_main_acc": 0.8365243077278137,
	"best_valid_main_smin_acc": 0.6106870174407959,
	"best_valid_main_pdelta": 0.06174241751432419,
	"best_train_main_random_metric": 14139.6162109375
}