{
	"best_train_main_metric": 23995.119140625,
	"best_valid_main_acc": 0.46909090876579285,
	"best_valid_main_smin_acc": 0.4444444477558136,
	"best_valid_main_pdelta": 0.44495946168899536,
	"best_train_main_random_metric": 11.776540756225586
}