{
	"best_train_main_metric": 0.026788368821144104,
	"best_valid_main_acc": 0.807692289352417,
	"best_valid_main_smin_acc": 0.6239316463470459,
	"best_valid_main_pdelta": 0.029972540214657784,
	"best_train_main_random_metric": 11014.6201171875
}