{
	"best_train_main_metric": 16773.6640625,
	"best_valid_main_acc": 0.49358972907066345,
	"best_valid_main_smin_acc": 0.4903475046157837,
	"best_valid_main_pdelta": 0.04482891783118248,
	"best_train_main_random_metric": 17.487472534179688
}