{
	"best_train_main_metric": 26954.2109375,
	"best_valid_main_acc": 0.48571428656578064,
	"best_valid_main_smin_acc": 0.5054054260253906,
	"best_valid_main_pdelta": 0.577425479888916,
	"best_train_main_random_metric": 94.65654754638672
}