{
	"best_train_main_metric": 0.015021482482552528,
	"best_valid_main_acc": 0.8737541437149048,
	"best_valid_main_smin_acc": 0.4285714328289032,
	"best_valid_main_pdelta": 0.14126871526241302,
	"best_train_main_random_metric": 14676.1494140625
}