{
	"best_train_main_metric": 14280.263671875,
	"best_valid_main_acc": 0.5054945349693298,
	"best_valid_main_smin_acc": 0.5328185558319092,
	"best_valid_main_pdelta": 0.07741709053516388,
	"best_train_main_random_metric": 21.193357467651367
}