{
	"best_train_main_metric": 23580.177734375,
	"best_valid_main_acc": 0.4654545485973358,
	"best_valid_main_smin_acc": 0.3333333432674408,
	"best_valid_main_pdelta": 0.42295822501182556,
	"best_train_main_random_metric": 11.318147659301758
}