{
	"best_train_main_metric": 16694.09765625,
	"best_valid_main_acc": 0.5444015264511108,
	"best_valid_main_smin_acc": 0.5409836173057556,
	"best_valid_main_pdelta": 0.06550872325897217,
	"best_train_main_random_metric": 2.8615570068359375
}