{
	"best_train_main_metric": 1.5537155866622925,
	"best_valid_main_acc": 0.8043758273124695,
	"best_valid_main_smin_acc": 0.6909871101379395,
	"best_valid_main_pdelta": 0.03801887109875679,
	"best_train_main_random_metric": 15407.66796875
}