{
	"best_train_main_metric": 1128.7589111328125,
	"best_valid_main_acc": 0.7307692170143127,
	"best_valid_main_smin_acc": 0.6934523582458496,
	"best_valid_main_pdelta": 0.01871085911989212,
	"best_train_main_random_metric": 1128.187255859375
}