{
	"best_train_main_metric": 1006.94482421875,
	"best_valid_main_acc": 0.7615384459495544,
	"best_valid_main_smin_acc": 0.7172619104385376,
	"best_valid_main_pdelta": 0.012324310839176178,
	"best_train_main_random_metric": 3814.36572265625
}