{
	"best_train_main_metric": 1393.8446044921875,
	"best_valid_main_acc": 0.7799999713897705,
	"best_valid_main_smin_acc": 0.20000000298023224,
	"best_valid_main_pdelta": 0.4019871652126312,
	"best_train_main_random_metric": 1433.55029296875
}