{
	"best_train_main_metric": 17709.876953125,
	"best_valid_main_acc": 0.4681818187236786,
	"best_valid_main_smin_acc": 0.6000000238418579,
	"best_valid_main_pdelta": 0.47457653284072876,
	"best_train_main_random_metric": 18.43474006652832
}