{
	"best_train_main_metric": 344.46417236328125,
	"best_valid_main_acc": 0.7788018584251404,
	"best_valid_main_smin_acc": 0.773809552192688,
	"best_valid_main_pdelta": 0.07008751481771469,
	"best_train_main_random_metric": 568.6298828125
}