{
	"best_train_main_metric": 1405.37353515625,
	"best_valid_main_acc": 0.7918182015419006,
	"best_valid_main_smin_acc": 0.4000000059604645,
	"best_valid_main_pdelta": 0.3153027892112732,
	"best_train_main_random_metric": 1420.739013671875
}