{
	"best_train_main_metric": 4871.62744140625,
	"best_valid_main_acc": 0.6217948794364929,
	"best_valid_main_smin_acc": 0.19458544254302979,
	"best_valid_main_pdelta": 0.15109188854694366,
	"best_train_main_random_metric": 5376.7158203125
}