{
	"best_train_main_metric": 52.81692886352539,
	"best_valid_main_acc": 0.6982600688934326,
	"best_valid_main_smin_acc": 0.6760691404342651,
	"best_valid_main_pdelta": 0.5134318470954895,
	"best_train_main_random_metric": 39308.13671875
}