{
	"best_train_main_metric": 1.4891408681869507,
	"best_valid_main_acc": 0.8086080551147461,
	"best_valid_main_smin_acc": 0.8011583089828491,
	"best_valid_main_pdelta": 0.025204988196492195,
	"best_train_main_random_metric": 23409.224609375
}