{
	"best_train_main_metric": 490.2052001953125,
	"best_valid_main_acc": 0.6036866307258606,
	"best_valid_main_smin_acc": 0.7843137383460999,
	"best_valid_main_pdelta": 0.03328338637948036,
	"best_train_main_random_metric": 562.9085083007812
}