{
	"best_train_main_metric": 3.0263540744781494,
	"best_valid_main_acc": 0.773809552192688,
	"best_valid_main_smin_acc": 0.7828371524810791,
	"best_valid_main_pdelta": 0.039860766381025314,
	"best_train_main_random_metric": 24139.333984375
}