{
	"best_train_main_metric": 2.9668617248535156,
	"best_valid_main_acc": 0.7701465487480164,
	"best_valid_main_smin_acc": 0.7898423671722412,
	"best_valid_main_pdelta": 0.03528207540512085,
	"best_train_main_random_metric": 22981.919921875
}