{
	"best_train_main_metric": 68.82007598876953,
	"best_valid_main_acc": 0.7147436141967773,
	"best_valid_main_smin_acc": 0.6956920027732849,
	"best_valid_main_pdelta": 0.49448180198669434,
	"best_train_main_random_metric": 37094.9921875
}