{
	"best_train_main_metric": 5.711155891418457,
	"best_valid_main_acc": 0.8125516176223755,
	"best_valid_main_smin_acc": 0.4027777910232544,
	"best_valid_main_pdelta": 0.4520432651042938,
	"best_train_main_random_metric": 29999.822265625
}