{
	"best_train_main_metric": 5.714183807373047,
	"best_valid_main_acc": 0.8075970411300659,
	"best_valid_main_smin_acc": 0.4305555522441864,
	"best_valid_main_pdelta": 0.4451925456523895,
	"best_train_main_random_metric": 29297.583984375
}