{
	"best_train_main_metric": 0.01683078706264496,
	"best_valid_main_acc": 0.7901098728179932,
	"best_valid_main_smin_acc": 0.7529761791229248,
	"best_valid_main_pdelta": 0.057497669011354446,
	"best_train_main_random_metric": 20985.923828125
}