{
	"best_train_main_metric": 16580.712890625,
	"best_valid_main_acc": 0.5006434917449951,
	"best_valid_main_smin_acc": 0.48917749524116516,
	"best_valid_main_pdelta": 0.02867855317890644,
	"best_train_main_random_metric": 2.9239351749420166
}