{
	"best_train_main_metric": 3981.138916015625,
	"best_valid_main_acc": 0.6611721515655518,
	"best_valid_main_smin_acc": 0.1912013590335846,
	"best_valid_main_pdelta": 0.36440178751945496,
	"best_train_main_random_metric": 9774.0078125
}