{
	"best_train_main_metric": 3902.51708984375,
	"best_valid_main_acc": 0.6634615659713745,
	"best_valid_main_smin_acc": 0.16243654489517212,
	"best_valid_main_pdelta": 0.29621121287345886,
	"best_train_main_random_metric": 7413.76806640625
}