{
	"best_train_main_metric": 576.4650268554688,
	"best_valid_main_acc": 0.539170503616333,
	"best_valid_main_smin_acc": 0.4264705777168274,
	"best_valid_main_pdelta": 0.12146012485027313,
	"best_train_main_random_metric": 490.71343994140625
}