{
	"best_train_main_metric": 26.746871948242188,
	"best_valid_main_acc": 0.7450352311134338,
	"best_valid_main_smin_acc": 0.5509259104728699,
	"best_valid_main_pdelta": 0.4499307870864868,
	"best_train_main_random_metric": 26254.01171875
}