{
	"best_train_main_metric": 397.7451477050781,
	"best_valid_main_acc": 0.6221198439598083,
	"best_valid_main_smin_acc": 0.2028985470533371,
	"best_valid_main_pdelta": 0.4438636302947998,
	"best_train_main_random_metric": 769.0189208984375
}