{
	"best_train_main_metric": 11221.5322265625,
	"best_valid_main_acc": 0.47358834743499756,
	"best_valid_main_smin_acc": 0.8333333134651184,
	"best_valid_main_pdelta": 0.03238430246710777,
	"best_train_main_random_metric": 5.641120910644531
}