{
	"best_train_main_metric": 11387.51953125,
	"best_valid_main_acc": 0.4608379006385803,
	"best_valid_main_smin_acc": 0.8333333134651184,
	"best_valid_main_pdelta": 0.047727808356285095,
	"best_train_main_random_metric": 5.610104560852051
}