{
	"best_train_main_metric": 35980.28125,
	"best_valid_main_acc": 0.45109888911247253,
	"best_valid_main_smin_acc": 0.4639320969581604,
	"best_valid_main_pdelta": 0.47199520468711853,
	"best_train_main_random_metric": 21.40066909790039
}