{
	"best_train_main_metric": 1107.856689453125,
	"best_valid_main_acc": 0.7485714554786682,
	"best_valid_main_smin_acc": 0.7625570893287659,
	"best_valid_main_pdelta": 0.009102354757487774,
	"best_train_main_random_metric": 1107.2747802734375
}