{
	"best_train_main_metric": 844.5199584960938,
	"best_valid_main_acc": 0.7643593549728394,
	"best_valid_main_smin_acc": 0.5419847369194031,
	"best_valid_main_pdelta": 0.025209790095686913,
	"best_train_main_random_metric": 845.2804565429688
}