{
	"best_train_main_metric": 845.3790893554688,
	"best_valid_main_acc": 0.7908689379692078,
	"best_valid_main_smin_acc": 0.6106870174407959,
	"best_valid_main_pdelta": 0.029240841045975685,
	"best_train_main_random_metric": 844.4796142578125
}