{
	"best_train_main_metric": 18020.796875,
	"best_valid_main_acc": 0.48777347803115845,
	"best_valid_main_smin_acc": 0.5163934230804443,
	"best_valid_main_pdelta": 0.04418535158038139,
	"best_train_main_random_metric": 6.993689060211182
}