{
	"best_train_main_metric": 816.3138427734375,
	"best_valid_main_acc": 0.7628865838050842,
	"best_valid_main_smin_acc": 0.5263158082962036,
	"best_valid_main_pdelta": 0.04656287655234337,
	"best_train_main_random_metric": 817.6732788085938
}