{
	"best_train_main_metric": 2401.591552734375,
	"best_valid_main_acc": 0.9711538553237915,
	"best_train_main_random_metric": 6595.03955078125
}