{
	"best_train_main_metric": 1.5307438373565674,
	"best_valid_main_acc": 0.808236837387085,
	"best_valid_main_smin_acc": 0.6926229596138,
	"best_valid_main_pdelta": 0.0418010950088501,
	"best_train_main_random_metric": 16767.537109375
}