{
	"best_train_main_metric": 525.3331298828125,
	"best_valid_main_acc": 0.5760368704795837,
	"best_valid_main_smin_acc": 0.6111111044883728,
	"best_valid_main_pdelta": 0.0013248639879748225,
	"best_train_main_random_metric": 551.582763671875
}