{
	"best_train_main_metric": 3240.569091796875,
	"best_valid_main_acc": 0.7450549602508545,
	"best_valid_main_smin_acc": 0.5248227119445801,
	"best_valid_main_pdelta": 0.014681428670883179,
	"best_train_main_random_metric": 3389.27685546875
}