{
	"best_train_main_metric": 4604.81787109375,
	"best_valid_main_acc": 0.6950549483299255,
	"best_valid_main_smin_acc": 0.2382310926914215,
	"best_valid_main_pdelta": 0.12559948861598969,
	"best_train_main_random_metric": 5654.77099609375
}