{
	"best_train_main_metric": 4716.392578125,
	"best_valid_main_acc": 0.7037546038627625,
	"best_valid_main_smin_acc": 0.18687589466571808,
	"best_valid_main_pdelta": 0.10987751185894012,
	"best_train_main_random_metric": 5724.04248046875
}