{
	"best_train_main_metric": 10549.6943359375,
	"best_valid_main_acc": 0.5681062936782837,
	"best_valid_main_smin_acc": 0.5,
	"best_valid_main_pdelta": 0.06385525315999985,
	"best_train_main_random_metric": 1.6205604076385498
}