{
	"best_train_main_metric": 4218.65673828125,
	"best_valid_main_acc": 0.7042124271392822,
	"best_valid_main_smin_acc": 0.6492610573768616,
	"best_valid_main_pdelta": 0.10538271069526672,
	"best_train_main_random_metric": 6300.19482421875
}