{
	"best_train_main_metric": 16350.587890625,
	"best_valid_main_acc": 0.47252747416496277,
	"best_valid_main_smin_acc": 0.4104234576225281,
	"best_valid_main_pdelta": 0.027610259130597115,
	"best_train_main_random_metric": 0.033223602920770645
}