{
	"best_train_main_metric": 3999.8935546875,
	"best_valid_main_acc": 0.6790292859077454,
	"best_valid_main_smin_acc": 0.5437219738960266,
	"best_valid_main_pdelta": 0.2187117487192154,
	"best_train_main_random_metric": 8739.19140625
}