{
	"best_train_main_metric": 3965.5205078125,
	"best_valid_main_acc": 0.6785714030265808,
	"best_valid_main_smin_acc": 0.5224215388298035,
	"best_valid_main_pdelta": 0.21118880808353424,
	"best_train_main_random_metric": 9461.31640625
}