{
	"best_train_main_metric": 23450.734375,
	"best_valid_main_acc": 0.4872727394104004,
	"best_valid_main_smin_acc": 0.4000000059604645,
	"best_valid_main_pdelta": 0.48111769556999207,
	"best_train_main_random_metric": 5.8299407958984375
}