{
	"best_train_main_metric": 13701.7666015625,
	"best_valid_main_acc": 0.48306334018707275,
	"best_valid_main_smin_acc": 0.4236111044883728,
	"best_valid_main_pdelta": 0.06069428473711014,
	"best_train_main_random_metric": 2.0402534008026123
}