{
	"best_train_main_metric": 3411.317626953125,
	"best_valid_main_acc": 0.5135531425476074,
	"best_valid_main_smin_acc": 0.5464683771133423,
	"best_valid_main_pdelta": 6.485224730568007e-07,
	"best_train_main_random_metric": 3408.20458984375
}