{
	"best_train_main_metric": 3105.7900390625,
	"best_valid_main_acc": 0.7120879292488098,
	"best_valid_main_smin_acc": 0.5989232659339905,
	"best_valid_main_pdelta": 0.14492100477218628,
	"best_train_main_random_metric": 5177.20263671875
}