{
	"best_train_main_metric": 10681.6220703125,
	"best_valid_main_acc": 0.5415282249450684,
	"best_valid_main_smin_acc": 0.5666666626930237,
	"best_valid_main_pdelta": 0.03848561272025108,
	"best_train_main_random_metric": 3.3146305084228516
}