{
	"best_train_main_metric": 20767.669921875,
	"best_valid_main_acc": 0.4936363697052002,
	"best_valid_main_smin_acc": 0.692307710647583,
	"best_valid_main_pdelta": 0.5033900737762451,
	"best_train_main_random_metric": 7.386523723602295
}