{
	"best_train_main_metric": 340.21734619140625,
	"best_valid_main_acc": 0.8294931054115295,
	"best_valid_main_smin_acc": 0.7162162065505981,
	"best_valid_main_pdelta": 0.059797078371047974,
	"best_train_main_random_metric": 586.9883422851562
}