{
	"best_train_main_metric": 4706.05224609375,
	"best_valid_main_acc": 0.6900182962417603,
	"best_valid_main_smin_acc": 0.6852698922157288,
	"best_valid_main_pdelta": 0.012793364003300667,
	"best_train_main_random_metric": 5829.65185546875
}