{
	"best_train_main_metric": 7.720931053161621,
	"best_valid_main_acc": 0.7392696738243103,
	"best_valid_main_smin_acc": 0.5381263494491577,
	"best_valid_main_pdelta": 0.44317108392715454,
	"best_train_main_random_metric": 35356.4140625
}