{
	"best_train_main_metric": 1128.2159423828125,
	"best_valid_main_acc": 0.7351648211479187,
	"best_valid_main_smin_acc": 0.7023809552192688,
	"best_valid_main_pdelta": 0.020664112642407417,
	"best_train_main_random_metric": 1128.7789306640625
}