{
	"best_train_main_metric": 79.13416290283203,
	"best_valid_main_acc": 0.6863552927970886,
	"best_valid_main_smin_acc": 0.6861313581466675,
	"best_valid_main_pdelta": 0.47790971398353577,
	"best_train_main_random_metric": 31358.287109375
}