{
	"best_train_main_metric": 2.7974905967712402,
	"best_valid_main_acc": 0.8863636255264282,
	"best_valid_main_smin_acc": 0.20000000298023224,
	"best_valid_main_pdelta": 0.4989771246910095,
	"best_train_main_random_metric": 25790.08984375
}