{
	"best_train_main_metric": 586.6458129882812,
	"best_valid_main_acc": 0.8073089718818665,
	"best_valid_main_smin_acc": 0.6499999761581421,
	"best_valid_main_pdelta": 0.0058138431049883366,
	"best_train_main_random_metric": 2661.43505859375
}