{
	"best_train_main_metric": 740.6895141601562,
	"best_valid_main_acc": 0.8056478500366211,
	"best_valid_main_smin_acc": 0.44999998807907104,
	"best_valid_main_pdelta": 0.04462418332695961,
	"best_train_main_random_metric": 736.0250854492188
}