{
	"best_train_main_metric": 20890.96875,
	"best_valid_main_acc": 0.5441783666610718,
	"best_valid_main_smin_acc": 0.4740740656852722,
	"best_valid_main_pdelta": 0.4447851777076721,
	"best_train_main_random_metric": 21.58236312866211
}