{
	"best_train_main_metric": 5.7220683097839355,
	"best_valid_main_acc": 0.8067712783813477,
	"best_valid_main_smin_acc": 0.4166666567325592,
	"best_valid_main_pdelta": 0.4945816397666931,
	"best_train_main_random_metric": 28316.9765625
}