{
	"best_train_main_metric": 1677.453857421875,
	"best_valid_main_acc": 0.6813187003135681,
	"best_valid_main_smin_acc": 0.5248227119445801,
	"best_valid_main_pdelta": 0.21781429648399353,
	"best_train_main_random_metric": 1688.211669921875
}