{
	"best_train_main_metric": 16875.98046875,
	"best_valid_main_acc": 0.4851994812488556,
	"best_valid_main_smin_acc": 0.47186148166656494,
	"best_valid_main_pdelta": 0.03208065778017044,
	"best_train_main_random_metric": 2.842236042022705
}