{
	"best_train_main_metric": 2153.07177734375,
	"best_valid_main_acc": 0.5649935603141785,
	"best_valid_main_smin_acc": 0.5541125535964966,
	"best_valid_main_pdelta": 0.014085082337260246,
	"best_train_main_random_metric": 1681.0982666015625
}