{
	"best_train_main_metric": 0.029106564819812775,
	"best_valid_main_acc": 0.8861283659934998,
	"best_valid_main_smin_acc": 0.5263158082962036,
	"best_valid_main_pdelta": 0.06225917488336563,
	"best_train_main_random_metric": 9727.2275390625
}