{
	"best_train_main_metric": 673.8942260742188,
	"best_valid_main_acc": 0.7875458002090454,
	"best_valid_main_smin_acc": 0.5398229956626892,
	"best_valid_main_pdelta": 0.022379277274012566,
	"best_train_main_random_metric": 673.1676635742188
}