{
	"best_train_main_metric": 2524.537353515625,
	"best_valid_main_acc": 0.9551281929016113,
	"best_train_main_random_metric": 6630.82373046875
}