{
	"best_train_main_metric": 505.0583801269531,
	"best_valid_main_acc": 0.6129032373428345,
	"best_valid_main_smin_acc": 0.5180723071098328,
	"best_valid_main_pdelta": 0.07314175367355347,
	"best_train_main_random_metric": 544.1432495117188
}