{
	"best_train_main_metric": 494.2206726074219,
	"best_valid_main_acc": 0.5898617506027222,
	"best_valid_main_smin_acc": 0.5421686768531799,
	"best_valid_main_pdelta": 0.09914081543684006,
	"best_train_main_random_metric": 530.2088012695312
}