{
	"best_train_main_metric": 1.4511128664016724,
	"best_valid_main_acc": 0.8087912201881409,
	"best_valid_main_smin_acc": 0.759358286857605,
	"best_valid_main_pdelta": 0.026909569278359413,
	"best_train_main_random_metric": 19800.671875
}