{
	"best_train_main_metric": 4439.45458984375,
	"best_valid_main_acc": 0.6634615659713745,
	"best_valid_main_smin_acc": 0.2598870098590851,
	"best_valid_main_pdelta": 0.18449494242668152,
	"best_train_main_random_metric": 5233.2919921875
}