{
	"best_train_main_metric": 4781.2744140625,
	"best_valid_main_acc": 0.6987179517745972,
	"best_valid_main_smin_acc": 0.20338982343673706,
	"best_valid_main_pdelta": 0.07132448256015778,
	"best_train_main_random_metric": 5544.31884765625
}