{
	"best_train_main_metric": 1143.1343994140625,
	"best_valid_main_acc": 0.7120879292488098,
	"best_valid_main_smin_acc": 0.6780626773834229,
	"best_valid_main_pdelta": 0.02368828095495701,
	"best_train_main_random_metric": 1146.830810546875
}