{
	"best_train_main_metric": 1.4172147512435913,
	"best_valid_main_acc": 0.7884615659713745,
	"best_valid_main_smin_acc": 0.7557003498077393,
	"best_valid_main_pdelta": 0.019955677911639214,
	"best_train_main_random_metric": 15826.9873046875
}