{
	"best_train_main_metric": 0.025765344500541687,
	"best_valid_main_acc": 0.817307710647583,
	"best_valid_main_smin_acc": 0.7694915533065796,
	"best_valid_main_pdelta": 0.022661326453089714,
	"best_train_main_random_metric": 15331.8076171875
}