{
	"best_train_main_metric": 1722.8641357421875,
	"best_valid_main_acc": 0.6695970892906189,
	"best_valid_main_smin_acc": 0.49425286054611206,
	"best_valid_main_pdelta": 0.24059368669986725,
	"best_train_main_random_metric": 1752.8927001953125
}