{
	"best_train_main_metric": 4671.7412109375,
	"best_valid_main_acc": 0.6689560413360596,
	"best_valid_main_smin_acc": 0.5968222618103027,
	"best_valid_main_pdelta": 0.11123813688755035,
	"best_train_main_random_metric": 5387.51220703125
}