{
	"best_train_main_metric": 4763.2900390625,
	"best_valid_main_acc": 0.7101648449897766,
	"best_valid_main_smin_acc": 0.6176762580871582,
	"best_valid_main_pdelta": 0.05522916838526726,
	"best_train_main_random_metric": 5625.7783203125
}