{
	"best_train_main_metric": 5120.2890625,
	"best_valid_main_acc": 0.6881868243217468,
	"best_valid_main_smin_acc": 0.31343284249305725,
	"best_valid_main_pdelta": 0.0038371372502297163,
	"best_train_main_random_metric": 5478.50537109375
}