{
	"best_train_main_metric": 894.7611083984375,
	"best_valid_main_acc": 0.6717032790184021,
	"best_valid_main_smin_acc": 0.648829460144043,
	"best_valid_main_pdelta": 0.013008699752390385,
	"best_train_main_random_metric": 892.2435302734375
}