{
	"best_train_main_metric": 11725.341796875,
	"best_valid_main_acc": 0.49003320932388306,
	"best_valid_main_smin_acc": 0.4399999976158142,
	"best_valid_main_pdelta": 0.07298466563224792,
	"best_train_main_random_metric": 0.058605920523405075
}