{
	"best_train_main_metric": 1503.8675537109375,
	"best_valid_main_acc": 0.7778695225715637,
	"best_valid_main_smin_acc": 0.41525423526763916,
	"best_valid_main_pdelta": 0.39636486768722534,
	"best_train_main_random_metric": 1533.04833984375
}