{
	"best_train_main_metric": 2113.3251953125,
	"best_valid_main_acc": 0.798513650894165,
	"best_valid_main_smin_acc": 0.4661017060279846,
	"best_valid_main_pdelta": 0.09534326195716858,
	"best_train_main_random_metric": 3224.859619140625
}