{
	"best_train_main_metric": 1373.237060546875,
	"best_valid_main_acc": 0.6913919448852539,
	"best_valid_main_smin_acc": 0.6602316498756409,
	"best_valid_main_pdelta": 0.019769633188843727,
	"best_train_main_random_metric": 1375.1290283203125
}