{
	"best_train_main_metric": 6.978686809539795,
	"best_valid_main_acc": 0.8117258548736572,
	"best_valid_main_smin_acc": 0.38167938590049744,
	"best_valid_main_pdelta": 0.4617198407649994,
	"best_train_main_random_metric": 29177.056640625
}