{
	"best_train_main_metric": 381.47027587890625,
	"best_valid_main_acc": 0.8064516186714172,
	"best_valid_main_smin_acc": 0.17073170840740204,
	"best_valid_main_pdelta": 0.3243514895439148,
	"best_train_main_random_metric": 578.217041015625
}