{
	"best_train_main_metric": 519.8617553710938,
	"best_valid_main_acc": 0.5760368704795837,
	"best_valid_main_smin_acc": 0.9189189076423645,
	"best_valid_main_pdelta": 0.0047162976115942,
	"best_train_main_random_metric": 557.3157958984375
}