{
	"best_train_main_metric": 4573.38720703125,
	"best_valid_main_acc": 0.6030219793319702,
	"best_valid_main_smin_acc": 0.5492957830429077,
	"best_valid_main_pdelta": 0.15049412846565247,
	"best_train_main_random_metric": 5170.28173828125
}