{
	"best_train_main_metric": 0.03130919113755226,
	"best_valid_main_acc": 0.8687707781791687,
	"best_valid_main_smin_acc": 0.36000001430511475,
	"best_valid_main_pdelta": 0.08940698206424713,
	"best_train_main_random_metric": 12583.646484375
}