{
	"best_train_main_metric": 0.0363684706389904,
	"best_valid_main_acc": 0.8488371968269348,
	"best_valid_main_smin_acc": 0.36000001430511475,
	"best_valid_main_pdelta": 0.08495806157588959,
	"best_train_main_random_metric": 12324.76953125
}