{
	"best_train_main_metric": 2816.003662109375,
	"best_valid_main_acc": 0.5453296899795532,
	"best_valid_main_smin_acc": 0.5139925479888916,
	"best_valid_main_pdelta": 0.10272718220949173,
	"best_train_main_random_metric": 2834.18017578125
}