{
	"best_train_main_metric": 0.019710825756192207,
	"best_valid_main_acc": 0.7714285850524902,
	"best_valid_main_smin_acc": 0.74643874168396,
	"best_valid_main_pdelta": 0.047470822930336,
	"best_train_main_random_metric": 20994.744140625
}