{
	"best_train_main_metric": 17953.9453125,
	"best_valid_main_acc": 0.490285724401474,
	"best_valid_main_smin_acc": 0.5205479264259338,
	"best_valid_main_pdelta": 0.023276468738913536,
	"best_train_main_random_metric": 2.0772476196289062
}