{
	"best_train_main_metric": 3.3931732177734375,
	"best_valid_main_acc": 0.7980769276618958,
	"best_valid_main_smin_acc": 0.7892976403236389,
	"best_valid_main_pdelta": 0.021515410393476486,
	"best_train_main_random_metric": 15316.865234375
}