{
	"best_train_main_metric": 596.3606567382812,
	"best_valid_main_acc": 0.44700461626052856,
	"best_valid_main_smin_acc": 0.6000000238418579,
	"best_valid_main_pdelta": 0.13483935594558716,
	"best_train_main_random_metric": 494.3072509765625
}