{
	"best_train_main_metric": 0.019944695755839348,
	"best_valid_main_acc": 0.8663636445999146,
	"best_valid_main_smin_acc": 0.1666666716337204,
	"best_valid_main_pdelta": 0.4914294481277466,
	"best_train_main_random_metric": 27468.537109375
}