{
	"best_train_main_metric": 20511.126953125,
	"best_valid_main_acc": 0.5065934062004089,
	"best_valid_main_smin_acc": 0.47578346729278564,
	"best_valid_main_pdelta": 0.06933426111936569,
	"best_train_main_random_metric": 0.05874936282634735
}