{
	"best_train_main_metric": 27992.716796875,
	"best_valid_main_acc": 0.46985962986946106,
	"best_valid_main_smin_acc": 0.5419847369194031,
	"best_valid_main_pdelta": 0.47265738248825073,
	"best_train_main_random_metric": 9.927411079406738
}