{
	"best_train_main_metric": 30419.884765625,
	"best_valid_main_acc": 0.5159340500831604,
	"best_valid_main_smin_acc": 0.4883720874786377,
	"best_valid_main_pdelta": 0.36618563532829285,
	"best_train_main_random_metric": 118.89053344726562
}