{
	"best_train_main_metric": 32840.4140625,
	"best_valid_main_acc": 0.5461538434028625,
	"best_valid_main_smin_acc": 0.5184678435325623,
	"best_valid_main_pdelta": 0.41434645652770996,
	"best_train_main_random_metric": 79.24515533447266
}