{
	"best_train_main_metric": 2243.109375,
	"best_valid_main_acc": 0.6813187003135681,
	"best_valid_main_smin_acc": 0.593707263469696,
	"best_valid_main_pdelta": 0.186028853058815,
	"best_train_main_random_metric": 2282.450439453125
}