{
	"best_train_main_metric": 3132.303466796875,
	"best_valid_main_acc": 0.7247252464294434,
	"best_valid_main_smin_acc": 0.6087551116943359,
	"best_valid_main_pdelta": 0.12932556867599487,
	"best_train_main_random_metric": 5009.59814453125
}