{
	"best_train_main_metric": 1894.0072021484375,
	"best_valid_main_acc": 0.6758488416671753,
	"best_valid_main_smin_acc": 0.5384615659713745,
	"best_valid_main_pdelta": 0.1916428953409195,
	"best_train_main_random_metric": 1899.801513671875
}