{
	"best_train_main_metric": 2761.672607421875,
	"best_valid_main_acc": 0.7443946003913879,
	"best_valid_main_smin_acc": 0.5824176073074341,
	"best_valid_main_pdelta": 0.09159205108880997,
	"best_train_main_random_metric": 4060.547119140625
}