{
	"best_train_main_metric": 1.4958784580230713,
	"best_valid_main_acc": 0.8770763874053955,
	"best_valid_main_smin_acc": 0.4833333194255829,
	"best_valid_main_pdelta": 0.13696257770061493,
	"best_train_main_random_metric": 11927.369140625
}