{
	"best_train_main_metric": 3656.876220703125,
	"best_valid_main_acc": 0.6529303789138794,
	"best_valid_main_smin_acc": 0.14432989060878754,
	"best_valid_main_pdelta": 0.3276224732398987,
	"best_train_main_random_metric": 9923.86328125
}