{
	"best_train_main_metric": 4040.510009765625,
	"best_valid_main_acc": 0.6987179517745972,
	"best_valid_main_smin_acc": 0.09106529504060745,
	"best_valid_main_pdelta": 0.2851305902004242,
	"best_train_main_random_metric": 7773.521484375
}