{
	"best_train_main_metric": 376.8294982910156,
	"best_valid_main_acc": 0.6589861512184143,
	"best_valid_main_smin_acc": 0.6666666865348816,
	"best_valid_main_pdelta": 0.25340208411216736,
	"best_train_main_random_metric": 651.0001831054688
}