{
	"best_train_main_metric": 1073.2091064453125,
	"best_valid_main_acc": 0.7462857365608215,
	"best_valid_main_smin_acc": 0.7573696374893188,
	"best_valid_main_pdelta": 0.011407232843339443,
	"best_train_main_random_metric": 1070.8426513671875
}