{
	"best_train_main_metric": 1072.713134765625,
	"best_valid_main_acc": 0.7405714392662048,
	"best_valid_main_smin_acc": 0.7392290234565735,
	"best_valid_main_pdelta": 0.016625121235847473,
	"best_train_main_random_metric": 1072.03564453125
}