{
	"best_train_main_metric": 1081.6307373046875,
	"best_valid_main_acc": 0.7314285635948181,
	"best_valid_main_smin_acc": 0.7599067687988281,
	"best_valid_main_pdelta": 0.012243186123669147,
	"best_train_main_random_metric": 1082.5308837890625
}