{
	"best_train_main_metric": 1.416683316230774,
	"best_valid_main_acc": 0.773809552192688,
	"best_valid_main_smin_acc": 0.7704626321792603,
	"best_valid_main_pdelta": 0.035323917865753174,
	"best_train_main_random_metric": 24954.69921875
}