{
	"best_train_main_metric": 0.20608434081077576,
	"best_valid_main_acc": 0.7703296542167664,
	"best_valid_main_smin_acc": 0.7410714030265808,
	"best_valid_main_pdelta": 0.04252715781331062,
	"best_train_main_random_metric": 16435.466796875
}