{
	"best_train_main_metric": 3.3479795455932617,
	"best_valid_main_acc": 0.8102856874465942,
	"best_valid_main_smin_acc": 0.8127853870391846,
	"best_valid_main_pdelta": 0.014604456722736359,
	"best_train_main_random_metric": 20359.8203125
}