{
	"best_train_main_metric": 22990.708984375,
	"best_valid_main_acc": 0.5699999928474426,
	"best_valid_main_smin_acc": 0.4444444477558136,
	"best_valid_main_pdelta": 0.43217551708221436,
	"best_train_main_random_metric": 8.420482635498047
}