{
	"best_train_main_metric": 4226.41455078125,
	"best_valid_main_acc": 0.7307692170143127,
	"best_valid_main_smin_acc": 0.7369369268417358,
	"best_valid_main_pdelta": 0.03640015795826912,
	"best_train_main_random_metric": 6175.333984375
}