{
	"best_train_main_metric": 4621.6064453125,
	"best_valid_main_acc": 0.6762820482254028,
	"best_valid_main_smin_acc": 0.6633573770523071,
	"best_valid_main_pdelta": 0.11022819578647614,
	"best_train_main_random_metric": 5464.111328125
}