{
	"best_train_main_metric": 2.858042001724243,
	"best_valid_main_acc": 0.8918181657791138,
	"best_valid_main_smin_acc": 0.0,
	"best_valid_main_pdelta": 0.47123149037361145,
	"best_train_main_random_metric": 25106.826171875
}