{
	"best_train_main_metric": 6.669816493988037,
	"best_valid_main_acc": 0.7868131995201111,
	"best_valid_main_smin_acc": 0.4858156144618988,
	"best_valid_main_pdelta": 0.3947826325893402,
	"best_train_main_random_metric": 29673.6796875
}