{
	"best_train_main_metric": 1736.6107177734375,
	"best_valid_main_acc": 0.5677655935287476,
	"best_valid_main_smin_acc": 0.376086950302124,
	"best_valid_main_pdelta": 0.2012084424495697,
	"best_train_main_random_metric": 1734.6082763671875
}