{
	"best_train_main_metric": 2.88330078125,
	"best_valid_main_acc": 0.8249380588531494,
	"best_valid_main_smin_acc": 0.3962264060974121,
	"best_valid_main_pdelta": 0.4875272214412689,
	"best_train_main_random_metric": 25121.990234375
}