{
	"best_train_main_metric": 523.338623046875,
	"best_valid_main_acc": 0.5760368704795837,
	"best_valid_main_smin_acc": 0.5794392228126526,
	"best_valid_main_pdelta": 0.01784750260412693,
	"best_train_main_random_metric": 554.6715087890625
}