{
	"best_train_main_metric": 563.2129516601562,
	"best_valid_main_acc": 0.52073734998703,
	"best_valid_main_smin_acc": 0.4528301954269409,
	"best_valid_main_pdelta": 0.10960641503334045,
	"best_train_main_random_metric": 494.1071472167969
}