{
	"best_train_main_metric": 528.4202270507812,
	"best_valid_main_acc": 0.8775510191917419,
	"best_valid_main_smin_acc": 0.4000000059604645,
	"best_valid_main_pdelta": 0.0416007824242115,
	"best_train_main_random_metric": 533.1199951171875
}