{
	"best_train_main_metric": 15.883369445800781,
	"best_valid_main_acc": 0.7736263871192932,
	"best_valid_main_smin_acc": 0.4767025113105774,
	"best_valid_main_pdelta": 0.4450558125972748,
	"best_train_main_random_metric": 27972.884765625
}