{
	"best_train_main_metric": 1056.88671875,
	"best_valid_main_acc": 0.7425249218940735,
	"best_valid_main_smin_acc": 0.5,
	"best_valid_main_pdelta": 0.002631605137139559,
	"best_train_main_random_metric": 1622.4805908203125
}