{
	"best_train_main_metric": 736.78125,
	"best_valid_main_acc": 0.7325581312179565,
	"best_valid_main_smin_acc": 0.4166666567325592,
	"best_valid_main_pdelta": 0.036688774824142456,
	"best_train_main_random_metric": 738.8854370117188
}