{
	"best_train_main_metric": 20100.203125,
	"best_valid_main_acc": 0.5131868124008179,
	"best_valid_main_smin_acc": 0.5242165327072144,
	"best_valid_main_pdelta": 0.05188101902604103,
	"best_train_main_random_metric": 2.8855724334716797
}