{
	"best_train_main_metric": 21158.6796875,
	"best_valid_main_acc": 0.4952380955219269,
	"best_valid_main_smin_acc": 0.5376344323158264,
	"best_valid_main_pdelta": 0.5053746700286865,
	"best_train_main_random_metric": 37.61100387573242
}