{
	"best_train_main_metric": 2277.43310546875,
	"best_valid_main_acc": 0.545604407787323,
	"best_valid_main_smin_acc": 0.4913151264190674,
	"best_valid_main_pdelta": 0.19449228048324585,
	"best_train_main_random_metric": 2311.657958984375
}