{
	"best_train_main_metric": 3831.569091796875,
	"best_valid_main_acc": 0.7010073065757751,
	"best_valid_main_smin_acc": 0.23262840509414673,
	"best_valid_main_pdelta": 0.2830568850040436,
	"best_train_main_random_metric": 10480.0009765625
}