{
	"best_train_main_metric": 3920.524658203125,
	"best_valid_main_acc": 0.666208803653717,
	"best_valid_main_smin_acc": 0.2613292932510376,
	"best_valid_main_pdelta": 0.2958088219165802,
	"best_train_main_random_metric": 11409.650390625
}