{
	"best_train_main_metric": 1681.82470703125,
	"best_valid_main_acc": 0.7201465368270874,
	"best_valid_main_smin_acc": 0.521276593208313,
	"best_valid_main_pdelta": 0.22869637608528137,
	"best_train_main_random_metric": 1686.9864501953125
}