{
	"best_train_main_metric": 529.9015502929688,
	"best_valid_main_acc": 0.8616780042648315,
	"best_valid_main_smin_acc": 0.6000000238418579,
	"best_valid_main_pdelta": 0.04178109019994736,
	"best_train_main_random_metric": 531.6292114257812
}