{
	"best_train_main_metric": 4341.60498046875,
	"best_valid_main_acc": 0.6872710585594177,
	"best_valid_main_smin_acc": 0.13051146268844604,
	"best_valid_main_pdelta": 0.24857430160045624,
	"best_train_main_random_metric": 5495.07421875
}