{
	"best_train_main_metric": 12316.892578125,
	"best_valid_main_acc": 0.5022091269493103,
	"best_valid_main_smin_acc": 0.4885496199131012,
	"best_valid_main_pdelta": 0.0443098284304142,
	"best_train_main_random_metric": 3.0125598907470703
}