{
	"best_train_main_metric": 2474.403564453125,
	"best_valid_main_acc": 0.9583333134651184,
	"best_train_main_random_metric": 6635.1748046875
}