{
	"best_train_main_metric": 26.04473304748535,
	"best_valid_main_acc": 0.7126373648643494,
	"best_valid_main_smin_acc": 0.6468965411186218,
	"best_valid_main_pdelta": 0.47395089268684387,
	"best_train_main_random_metric": 33279.42578125
}