{
	"best_train_main_metric": 0.02777937985956669,
	"best_valid_main_acc": 0.7788461446762085,
	"best_valid_main_smin_acc": 0.7457627058029175,
	"best_valid_main_pdelta": 0.017849566414952278,
	"best_train_main_random_metric": 15159.27734375
}