{
	"best_train_main_metric": 11252.7978515625,
	"best_valid_main_acc": 0.4863387942314148,
	"best_valid_main_smin_acc": 0.625,
	"best_valid_main_pdelta": 0.07012554258108139,
	"best_train_main_random_metric": 0.045855309814214706
}