{
	"best_train_main_metric": 3767.267822265625,
	"best_valid_main_acc": 0.6996337175369263,
	"best_valid_main_smin_acc": 0.6824385523796082,
	"best_valid_main_pdelta": 0.14931505918502808,
	"best_train_main_random_metric": 6290.5634765625
}