{
	"best_train_main_metric": 2787.555419921875,
	"best_valid_main_acc": 0.6726190447807312,
	"best_valid_main_smin_acc": 0.6651501655578613,
	"best_valid_main_pdelta": 0.15228171646595,
	"best_train_main_random_metric": 2823.781494140625
}