{
	"best_train_main_metric": 2528.431884765625,
	"best_valid_main_acc": 0.9551281929016113,
	"best_train_main_random_metric": 6630.33935546875
}