{
	"best_train_main_metric": 864.0150756835938,
	"best_valid_main_acc": 0.7393225431442261,
	"best_valid_main_smin_acc": 0.5069444179534912,
	"best_valid_main_pdelta": 0.04789979010820389,
	"best_train_main_random_metric": 865.09375
}