{
	"best_train_main_metric": 1208.1552734375,
	"best_valid_main_acc": 0.7319587469100952,
	"best_valid_main_smin_acc": 0.6041666865348816,
	"best_valid_main_pdelta": 0.0024661447387188673,
	"best_train_main_random_metric": 2025.0240478515625
}