{
	"best_train_main_metric": 749.8870849609375,
	"best_valid_main_acc": 0.7768860459327698,
	"best_valid_main_smin_acc": 0.6769230961799622,
	"best_valid_main_pdelta": 0.0149025097489357,
	"best_train_main_random_metric": 748.8182373046875
}