{
	"best_train_main_metric": 750.0577392578125,
	"best_valid_main_acc": 0.778491199016571,
	"best_valid_main_smin_acc": 0.6512820720672607,
	"best_valid_main_pdelta": 0.013361331075429916,
	"best_train_main_random_metric": 748.5908813476562
}