{
	"best_train_main_metric": 7.690791130065918,
	"best_valid_main_acc": 0.8348472118377686,
	"best_valid_main_smin_acc": 0.39830508828163147,
	"best_valid_main_pdelta": 0.4691402018070221,
	"best_train_main_random_metric": 26201.609375
}