{
	"best_train_main_metric": 17790.19921875,
	"best_valid_main_acc": 0.44175824522972107,
	"best_valid_main_smin_acc": 0.4385026693344116,
	"best_valid_main_pdelta": 0.0743660256266594,
	"best_train_main_random_metric": 2.949275255203247
}