{
	"best_train_main_metric": 15045.1962890625,
	"best_valid_main_acc": 0.5036818981170654,
	"best_valid_main_smin_acc": 0.5347222089767456,
	"best_valid_main_pdelta": 0.04596192017197609,
	"best_train_main_random_metric": 2.8608310222625732
}