{
	"best_train_main_metric": 15106.60546875,
	"best_valid_main_acc": 0.5154638886451721,
	"best_valid_main_smin_acc": 0.5138888955116272,
	"best_valid_main_pdelta": 0.0409557931125164,
	"best_train_main_random_metric": 2.8468899726867676
}