{
	"best_train_main_metric": 1511.6251220703125,
	"best_valid_main_acc": 0.7440131902694702,
	"best_valid_main_smin_acc": 0.4722222089767456,
	"best_valid_main_pdelta": 0.22422745823860168,
	"best_train_main_random_metric": 1523.4228515625
}