{
	"best_train_main_metric": 501.982666015625,
	"best_valid_main_acc": 0.5760368704795837,
	"best_valid_main_smin_acc": 0.8372092843055725,
	"best_valid_main_pdelta": 0.03741639107465744,
	"best_train_main_random_metric": 558.9638061523438
}