{
	"best_train_main_metric": 503.03314208984375,
	"best_valid_main_acc": 0.5944700241088867,
	"best_valid_main_smin_acc": 1.0,
	"best_valid_main_pdelta": 0.00455557880923152,
	"best_train_main_random_metric": 561.6718139648438
}