{
	"best_train_main_metric": 324.1625671386719,
	"best_valid_main_acc": 0.8110598921775818,
	"best_valid_main_smin_acc": 0.6835442781448364,
	"best_valid_main_pdelta": 0.054979607462882996,
	"best_train_main_random_metric": 577.3057861328125
}