{
	"best_train_main_metric": 1376.2581787109375,
	"best_valid_main_acc": 0.6941391825675964,
	"best_valid_main_smin_acc": 0.6690391302108765,
	"best_valid_main_pdelta": 0.014123201370239258,
	"best_train_main_random_metric": 1378.9268798828125
}