{
	"best_train_main_metric": 5417.3173828125,
	"best_valid_main_acc": 0.5068681240081787,
	"best_valid_main_smin_acc": 0.5149006843566895,
	"best_valid_main_pdelta": 0.0,
	"best_train_main_random_metric": 5417.55712890625
}