{
	"best_train_main_metric": 4579.2763671875,
	"best_valid_main_acc": 0.696886420249939,
	"best_valid_main_smin_acc": 0.5421412587165833,
	"best_valid_main_pdelta": 0.035515397787094116,
	"best_train_main_random_metric": 5979.78564453125
}