{
	"best_train_main_metric": 815.6080322265625,
	"best_valid_main_acc": 0.754050076007843,
	"best_valid_main_smin_acc": 0.6052631735801697,
	"best_valid_main_pdelta": 0.028585463762283325,
	"best_train_main_random_metric": 815.868408203125
}