{
	"best_train_main_metric": 541.9340209960938,
	"best_valid_main_acc": 0.8438880443572998,
	"best_valid_main_smin_acc": 0.6052631735801697,
	"best_valid_main_pdelta": 0.0361638143658638,
	"best_train_main_random_metric": 3110.1015625
}