{
	"best_train_main_metric": 1523.04443359375,
	"best_valid_main_acc": 0.7481420040130615,
	"best_valid_main_smin_acc": 0.3958333432674408,
	"best_valid_main_pdelta": 0.2589033544063568,
	"best_train_main_random_metric": 1524.014404296875
}