{
	"best_train_main_metric": 3.3609824180603027,
	"best_valid_main_acc": 0.7691428661346436,
	"best_valid_main_smin_acc": 0.8041958212852478,
	"best_valid_main_pdelta": 0.017348483204841614,
	"best_train_main_random_metric": 18481.916015625
}