{
	"best_train_main_metric": 19027.716796875,
	"best_valid_main_acc": 0.5340659618377686,
	"best_valid_main_smin_acc": 0.5416666865348816,
	"best_valid_main_pdelta": 0.044071488082408905,
	"best_train_main_random_metric": 1.4365190267562866
}