{
	"best_train_main_metric": 5.621164798736572,
	"best_valid_main_acc": 0.8348472118377686,
	"best_valid_main_smin_acc": 0.4344262182712555,
	"best_valid_main_pdelta": 0.45346611738204956,
	"best_train_main_random_metric": 26479.103515625
}