{
	"best_train_main_metric": 1082.1143798828125,
	"best_valid_main_acc": 0.7085714340209961,
	"best_valid_main_smin_acc": 0.7435897588729858,
	"best_valid_main_pdelta": 0.014889562502503395,
	"best_train_main_random_metric": 1082.1226806640625
}