{
	"best_train_main_metric": 2.968158483505249,
	"best_valid_main_acc": 0.8045714497566223,
	"best_valid_main_smin_acc": 0.8253968358039856,
	"best_valid_main_pdelta": 0.014158028177917004,
	"best_train_main_random_metric": 18279.15234375
}