{
	"best_train_main_metric": 1.4087258577346802,
	"best_valid_main_acc": 0.7870879173278809,
	"best_valid_main_smin_acc": 0.7752442955970764,
	"best_valid_main_pdelta": 0.02004632167518139,
	"best_train_main_random_metric": 16369.44140625
}