{
	"best_train_main_metric": 20353.150390625,
	"best_valid_main_acc": 0.4496336877346039,
	"best_valid_main_smin_acc": 0.4234875440597534,
	"best_valid_main_pdelta": 0.056384097784757614,
	"best_train_main_random_metric": 3.5188093185424805
}