{
	"best_train_main_metric": 1381.207275390625,
	"best_valid_main_acc": 0.668181836605072,
	"best_valid_main_smin_acc": 0.31292515993118286,
	"best_valid_main_pdelta": 0.16323347389698029,
	"best_train_main_random_metric": 1384.40771484375
}