{
	"best_train_main_metric": 750.1470947265625,
	"best_valid_main_acc": 0.7512038350105286,
	"best_valid_main_smin_acc": 0.6461538672447205,
	"best_valid_main_pdelta": 0.01931116171181202,
	"best_train_main_random_metric": 749.273193359375
}