{
	"best_train_main_metric": 558.3826293945312,
	"best_valid_main_acc": 0.8367347121238708,
	"best_valid_main_smin_acc": 0.1666666716337204,
	"best_valid_main_pdelta": 0.031746089458465576,
	"best_train_main_random_metric": 567.1577758789062
}