{
	"best_train_main_metric": 3890.078369140625,
	"best_valid_main_acc": 0.6831501722335815,
	"best_valid_main_smin_acc": 0.12874779105186462,
	"best_valid_main_pdelta": 0.2926810681819916,
	"best_train_main_random_metric": 9184.0908203125
}