{
	"best_train_main_metric": 985.5328369140625,
	"best_valid_main_acc": 0.7361647486686707,
	"best_valid_main_smin_acc": 0.6147540807723999,
	"best_valid_main_pdelta": 0.023773590102791786,
	"best_train_main_random_metric": 985.8846435546875
}