{
	"best_train_main_metric": 2.895198106765747,
	"best_valid_main_acc": 0.8772727251052856,
	"best_valid_main_smin_acc": 0.1666666716337204,
	"best_valid_main_pdelta": 0.4510039687156677,
	"best_train_main_random_metric": 22095.240234375
}