{
	"best_train_main_metric": 1075.428955078125,
	"best_valid_main_acc": 0.6639999747276306,
	"best_valid_main_smin_acc": 0.6870748400688171,
	"best_valid_main_pdelta": 0.012508919462561607,
	"best_train_main_random_metric": 1075.9774169921875
}