{
	"best_train_main_metric": 748.9451904296875,
	"best_valid_main_acc": 0.7624397873878479,
	"best_valid_main_smin_acc": 0.6410256624221802,
	"best_valid_main_pdelta": 0.019388573244214058,
	"best_train_main_random_metric": 750.35546875
}