{
	"best_train_main_metric": 506.633544921875,
	"best_valid_main_acc": 0.5944700241088867,
	"best_valid_main_smin_acc": 0.5945945978164673,
	"best_valid_main_pdelta": 0.008172710426151752,
	"best_train_main_random_metric": 555.8176879882812
}