{
	"best_train_main_metric": 12211.6298828125,
	"best_valid_main_acc": 0.539867103099823,
	"best_valid_main_smin_acc": 0.5,
	"best_valid_main_pdelta": 0.04153637960553169,
	"best_train_main_random_metric": 1.4421825408935547
}