{
	"best_train_main_metric": 4765.81103515625,
	"best_valid_main_acc": 0.7097069621086121,
	"best_valid_main_smin_acc": 0.13013698160648346,
	"best_valid_main_pdelta": 0.001767640933394432,
	"best_train_main_random_metric": 5792.8916015625
}