{
	"best_train_main_metric": 476.5323181152344,
	"best_valid_main_acc": 0.5622119903564453,
	"best_valid_main_smin_acc": 0.6231883764266968,
	"best_valid_main_pdelta": 0.09965386241674423,
	"best_train_main_random_metric": 571.9902954101562
}