{
	"best_train_main_metric": 1376.314208984375,
	"best_valid_main_acc": 0.7381818294525146,
	"best_valid_main_smin_acc": 0.38461539149284363,
	"best_valid_main_pdelta": 0.20015230774879456,
	"best_train_main_random_metric": 1393.987060546875
}