{
	"best_train_main_metric": 2728.9833984375,
	"best_valid_main_acc": 0.6136363744735718,
	"best_valid_main_smin_acc": 0.4615384638309479,
	"best_valid_main_pdelta": 0.0011325381929054856,
	"best_train_main_random_metric": 2737.9912109375
}