{
	"best_train_main_metric": 629.1903076171875,
	"best_valid_main_acc": 0.8378870487213135,
	"best_valid_main_smin_acc": 0.75,
	"best_valid_main_pdelta": 0.006351660471409559,
	"best_train_main_random_metric": 2005.9183349609375
}