{
	"best_train_main_metric": 680.1800537109375,
	"best_valid_main_acc": 0.8652094602584839,
	"best_valid_main_smin_acc": 0.25,
	"best_valid_main_pdelta": 0.07433166354894638,
	"best_train_main_random_metric": 679.1831665039062
}