{
	"best_train_main_metric": 24443.734375,
	"best_valid_main_acc": 0.5144138336181641,
	"best_valid_main_smin_acc": 0.5272331237792969,
	"best_valid_main_pdelta": 0.5044035911560059,
	"best_train_main_random_metric": 50.732479095458984
}