{
	"best_train_main_metric": 789.5391235351562,
	"best_valid_main_acc": 0.8172757625579834,
	"best_valid_main_smin_acc": 0.625,
	"best_valid_main_pdelta": 0.032470233738422394,
	"best_train_main_random_metric": 789.3764038085938
}