{
	"best_train_main_metric": 702.0391845703125,
	"best_valid_main_acc": 0.8139534592628479,
	"best_valid_main_smin_acc": 0.625,
	"best_valid_main_pdelta": 0.005599997006356716,
	"best_train_main_random_metric": 2261.35986328125
}