{
	"best_train_main_metric": 4836.60986328125,
	"best_valid_main_acc": 0.6831501722335815,
	"best_valid_main_smin_acc": 0.469696968793869,
	"best_valid_main_pdelta": 0.07821281254291534,
	"best_train_main_random_metric": 5471.36279296875
}