{
	"best_train_main_metric": 790.802001953125,
	"best_valid_main_acc": 0.8122923374176025,
	"best_valid_main_smin_acc": 0.5535714030265808,
	"best_valid_main_pdelta": 0.041724130511283875,
	"best_train_main_random_metric": 787.7744750976562
}