{
	"best_train_main_metric": 1369.630859375,
	"best_valid_main_acc": 0.6776556968688965,
	"best_valid_main_smin_acc": 0.6737451553344727,
	"best_valid_main_pdelta": 0.017915507778525352,
	"best_train_main_random_metric": 1370.1585693359375
}