{
	"best_train_main_metric": 845.24755859375,
	"best_valid_main_acc": 0.7334315180778503,
	"best_valid_main_smin_acc": 0.42748090624809265,
	"best_valid_main_pdelta": 0.0450904406607151,
	"best_train_main_random_metric": 848.1354370117188
}