{
	"best_train_main_metric": 4170.9228515625,
	"best_valid_main_acc": 0.6941391825675964,
	"best_valid_main_smin_acc": 0.7093862891197205,
	"best_valid_main_pdelta": 0.17172445356845856,
	"best_train_main_random_metric": 7860.1884765625
}