{
	"best_train_main_metric": 4359.10107421875,
	"best_valid_main_acc": 0.66300368309021,
	"best_valid_main_smin_acc": 0.6958483457565308,
	"best_valid_main_pdelta": 0.24120797216892242,
	"best_train_main_random_metric": 10736.1005859375
}