{
	"best_train_main_metric": 491.9637145996094,
	"best_valid_main_acc": 0.599078357219696,
	"best_valid_main_smin_acc": 0.6708860993385315,
	"best_valid_main_pdelta": 0.05973006784915924,
	"best_train_main_random_metric": 560.6072387695312
}