{
	"best_train_main_metric": 3.295926094055176,
	"best_valid_main_acc": 0.7728937864303589,
	"best_valid_main_smin_acc": 0.7857142686843872,
	"best_valid_main_pdelta": 0.035243529826402664,
	"best_train_main_random_metric": 21670.267578125
}