{
	"best_train_main_metric": 623.88623046875,
	"best_valid_main_acc": 0.7743270993232727,
	"best_valid_main_smin_acc": 0.5789473652839661,
	"best_valid_main_pdelta": 0.025741050019860268,
	"best_train_main_random_metric": 604.918212890625
}