{
	"best_train_main_metric": 1531.3905029296875,
	"best_valid_main_acc": 0.6416184902191162,
	"best_valid_main_smin_acc": 0.3534482717514038,
	"best_valid_main_pdelta": 0.28187936544418335,
	"best_train_main_random_metric": 1512.74072265625
}