{
	"best_train_main_metric": 20.76435661315918,
	"best_valid_main_acc": 0.7860805988311768,
	"best_valid_main_smin_acc": 0.49042144417762756,
	"best_valid_main_pdelta": 0.42493849992752075,
	"best_train_main_random_metric": 19334.9609375
}