{
	"best_train_main_metric": 4147.2919921875,
	"best_valid_main_acc": 0.7019230723381042,
	"best_valid_main_smin_acc": 0.1340388059616089,
	"best_valid_main_pdelta": 0.316322386264801,
	"best_train_main_random_metric": 11457.2880859375
}