{
	"best_train_main_metric": 4511.2001953125,
	"best_valid_main_acc": 0.732600748538971,
	"best_valid_main_smin_acc": 0.02292769029736519,
	"best_valid_main_pdelta": 0.29304155707359314,
	"best_train_main_random_metric": 7084.212890625
}