{
	"best_train_main_metric": 478.335205078125,
	"best_valid_main_acc": 0.6036866307258606,
	"best_valid_main_smin_acc": 0.3670886158943176,
	"best_valid_main_pdelta": 0.13324975967407227,
	"best_train_main_random_metric": 536.3748779296875
}