{
	"best_train_main_metric": 476.24560546875,
	"best_valid_main_acc": 0.6543778777122498,
	"best_valid_main_smin_acc": 0.4177215099334717,
	"best_valid_main_pdelta": 0.14612799882888794,
	"best_train_main_random_metric": 552.2197265625
}