{
	"best_train_main_metric": 4477.66552734375,
	"best_valid_main_acc": 0.7321428656578064,
	"best_valid_main_smin_acc": 0.7458866834640503,
	"best_valid_main_pdelta": 0.042061034590005875,
	"best_train_main_random_metric": 6248.08544921875
}