{
	"best_train_main_metric": 2242.02734375,
	"best_valid_main_acc": 0.6626373529434204,
	"best_valid_main_smin_acc": 0.5800273418426514,
	"best_valid_main_pdelta": 0.18867792189121246,
	"best_train_main_random_metric": 2257.614013671875
}