{
	"best_train_main_metric": 4453.0712890625,
	"best_valid_main_acc": 0.7083333134651184,
	"best_valid_main_smin_acc": 0.40433672070503235,
	"best_valid_main_pdelta": 0.05146615952253342,
	"best_train_main_random_metric": 6000.63427734375
}