{
	"best_train_main_metric": 17597.568359375,
	"best_valid_main_acc": 0.48571428656578064,
	"best_valid_main_smin_acc": 0.4491978585720062,
	"best_valid_main_pdelta": 0.05300852656364441,
	"best_train_main_random_metric": 1.660353422164917
}