{
	"best_train_main_metric": 1703.6700439453125,
	"best_valid_main_acc": 0.553113579750061,
	"best_valid_main_smin_acc": 0.4252631664276123,
	"best_valid_main_pdelta": 0.22291500866413116,
	"best_train_main_random_metric": 1708.3231201171875
}