{
	"best_train_main_metric": 1107.7982177734375,
	"best_valid_main_acc": 0.7588571310043335,
	"best_valid_main_smin_acc": 0.7853881120681763,
	"best_valid_main_pdelta": 0.009183621034026146,
	"best_train_main_random_metric": 1107.34619140625
}