{
	"best_train_main_metric": 427.6135559082031,
	"best_valid_main_acc": 0.6082949042320251,
	"best_valid_main_smin_acc": 0.5,
	"best_valid_main_pdelta": 0.1872849315404892,
	"best_train_main_random_metric": 602.011474609375
}