{
	"best_train_main_metric": 2.8087918758392334,
	"best_valid_main_acc": 0.815905749797821,
	"best_valid_main_smin_acc": 0.5657894611358643,
	"best_valid_main_pdelta": 0.11885427683591843,
	"best_train_main_random_metric": 14424.07421875
}