{
	"best_train_main_metric": 24160.7578125,
	"best_valid_main_acc": 0.482246071100235,
	"best_valid_main_smin_acc": 0.5806451439857483,
	"best_valid_main_pdelta": 0.45104527473449707,
	"best_train_main_random_metric": 8.154953956604004
}