{
	"best_train_main_metric": 1.4201279878616333,
	"best_valid_main_acc": 0.8173785209655762,
	"best_valid_main_smin_acc": 0.5902777910232544,
	"best_valid_main_pdelta": 0.0496145561337471,
	"best_train_main_random_metric": 15476.4951171875
}