{
	"best_train_main_metric": 0.029580792412161827,
	"best_valid_main_acc": 0.8095238208770752,
	"best_valid_main_smin_acc": 0.6410256624221802,
	"best_valid_main_pdelta": 0.025786876678466797,
	"best_train_main_random_metric": 10980.25
}