{
	"best_train_main_metric": 576.6049194335938,
	"best_valid_main_acc": 0.46543779969215393,
	"best_valid_main_smin_acc": 0.3541666567325592,
	"best_valid_main_pdelta": 0.1395055502653122,
	"best_train_main_random_metric": 481.7020568847656
}