{
	"best_train_main_metric": 30773.2265625,
	"best_valid_main_acc": 0.5227418541908264,
	"best_valid_main_smin_acc": 0.44395604729652405,
	"best_valid_main_pdelta": 0.453971266746521,
	"best_train_main_random_metric": 11.73607063293457
}