{
	"best_train_main_metric": 886.9595336914062,
	"best_valid_main_acc": 0.8159587979316711,
	"best_valid_main_smin_acc": 0.7272727489471436,
	"best_valid_main_pdelta": 0.03171541541814804,
	"best_train_main_random_metric": 2809.48876953125
}