{
	"best_train_main_metric": 980.4150390625,
	"best_valid_main_acc": 0.7747747898101807,
	"best_valid_main_smin_acc": 0.6969696879386902,
	"best_valid_main_pdelta": 0.025518322363495827,
	"best_train_main_random_metric": 978.0428466796875
}