{
	"best_train_main_metric": 511.5064392089844,
	"best_valid_main_acc": 0.599078357219696,
	"best_valid_main_smin_acc": 0.6708860993385315,
	"best_valid_main_pdelta": 0.0013777848798781633,
	"best_train_main_random_metric": 551.6903076171875
}