{
	"best_train_main_metric": 0.015213402919471264,
	"best_valid_main_acc": 0.9271402359008789,
	"best_valid_main_smin_acc": 0.5,
	"best_valid_main_pdelta": 0.12292252480983734,
	"best_train_main_random_metric": 12256.46875
}