{
	"best_train_main_metric": 10807.3037109375,
	"best_valid_main_acc": 0.5232558250427246,
	"best_valid_main_smin_acc": 0.4333333373069763,
	"best_valid_main_pdelta": 0.06183739751577377,
	"best_train_main_random_metric": 3.144188165664673
}