{
	"best_train_main_metric": 356.0216369628906,
	"best_valid_main_acc": 0.8341013789176941,
	"best_valid_main_smin_acc": 0.20588235557079315,
	"best_valid_main_pdelta": 0.3383124768733978,
	"best_train_main_random_metric": 568.3853759765625
}