{
	"best_train_main_metric": 526.3399047851562,
	"best_valid_main_acc": 0.5760368704795837,
	"best_valid_main_smin_acc": 0.970588207244873,
	"best_valid_main_pdelta": 0.0013553397729992867,
	"best_train_main_random_metric": 550.1264038085938
}