{
	"best_train_main_metric": 788.8853759765625,
	"best_valid_main_acc": 0.8139534592628479,
	"best_valid_main_smin_acc": 0.5535714030265808,
	"best_valid_main_pdelta": 0.035877760499715805,
	"best_train_main_random_metric": 788.8189697265625
}