{
	"best_train_main_metric": 788.4650268554688,
	"best_valid_main_acc": 0.8255813717842102,
	"best_valid_main_smin_acc": 0.5357142686843872,
	"best_valid_main_pdelta": 0.03648104518651962,
	"best_train_main_random_metric": 789.242431640625
}