{
	"best_train_main_metric": 1.4403655529022217,
	"best_valid_main_acc": 0.8203240036964417,
	"best_valid_main_smin_acc": 0.5648854970932007,
	"best_valid_main_pdelta": 0.0886727049946785,
	"best_train_main_random_metric": 14090.3134765625
}