{
	"best_train_main_metric": 3878.802001953125,
	"best_valid_main_acc": 0.6520146727561951,
	"best_valid_main_smin_acc": 0.6366223692893982,
	"best_valid_main_pdelta": 0.25617504119873047,
	"best_train_main_random_metric": 10192.9130859375
}