{
	"best_train_main_metric": 3560.703369140625,
	"best_valid_main_acc": 0.6652930378913879,
	"best_valid_main_smin_acc": 0.6859582662582397,
	"best_valid_main_pdelta": 0.24309128522872925,
	"best_train_main_random_metric": 10325.958984375
}