{
	"best_train_main_metric": 475.6647644042969,
	"best_valid_main_acc": 0.6082949042320251,
	"best_valid_main_smin_acc": 0.6666666865348816,
	"best_valid_main_pdelta": 0.09482930600643158,
	"best_train_main_random_metric": 566.32861328125
}