{
	"best_train_main_metric": 1.9728851318359375,
	"best_valid_main_acc": 0.7967032790184021,
	"best_valid_main_smin_acc": 0.5486725568771362,
	"best_valid_main_pdelta": 0.04070588946342468,
	"best_train_main_random_metric": 11143.7099609375
}