{
	"best_train_main_metric": 1.5063209533691406,
	"best_valid_main_acc": 0.8056628108024597,
	"best_valid_main_smin_acc": 0.6995708346366882,
	"best_valid_main_pdelta": 0.035648420453071594,
	"best_train_main_random_metric": 15714.732421875
}