{
	"best_train_main_metric": 29261.515625,
	"best_valid_main_acc": 0.5137362480163574,
	"best_valid_main_smin_acc": 0.5379310250282288,
	"best_valid_main_pdelta": 0.43863558769226074,
	"best_train_main_random_metric": 63.53052520751953
}