{
	"best_train_main_metric": 1.439332365989685,
	"best_valid_main_acc": 0.8129602074623108,
	"best_valid_main_smin_acc": 0.5833333134651184,
	"best_valid_main_pdelta": 0.11864884197711945,
	"best_train_main_random_metric": 15289.912109375
}