{
	"best_train_main_metric": 1.4034762382507324,
	"best_valid_main_acc": 0.943533718585968,
	"best_valid_main_smin_acc": 0.25,
	"best_valid_main_pdelta": 0.2256350964307785,
	"best_train_main_random_metric": 12572.31640625
}