{
	"best_train_main_metric": 26.872106552124023,
	"best_valid_main_acc": 0.694597065448761,
	"best_valid_main_smin_acc": 0.6770073175430298,
	"best_valid_main_pdelta": 0.4427681565284729,
	"best_train_main_random_metric": 40055.109375
}