{
	"best_train_main_metric": 4790.6337890625,
	"best_valid_main_acc": 0.653388261795044,
	"best_valid_main_smin_acc": 0.49890589714050293,
	"best_valid_main_pdelta": 0.11067651957273483,
	"best_train_main_random_metric": 5305.869140625
}