{
	"best_train_main_metric": 4402.20654296875,
	"best_valid_main_acc": 0.6950549483299255,
	"best_valid_main_smin_acc": 0.4248447120189667,
	"best_valid_main_pdelta": 0.1882505565881729,
	"best_train_main_random_metric": 8626.1025390625
}