{
	"best_train_main_metric": 3.375516891479492,
	"best_valid_main_acc": 0.8049450516700745,
	"best_valid_main_smin_acc": 0.7993311285972595,
	"best_valid_main_pdelta": 0.020004509016871452,
	"best_train_main_random_metric": 15369.88671875
}