{
	"best_train_main_metric": 8311.2998046875,
	"best_valid_main_acc": 0.5600907206535339,
	"best_valid_main_smin_acc": 0.6000000238418579,
	"best_valid_main_pdelta": 0.022377418354153633,
	"best_train_main_random_metric": 1.4996012449264526
}