{
	"best_train_main_metric": 523.689453125,
	"best_valid_main_acc": 0.5760368704795837,
	"best_valid_main_smin_acc": 0.6111111044883728,
	"best_valid_main_pdelta": 0.009086827747523785,
	"best_train_main_random_metric": 554.689208984375
}