{
	"best_train_main_metric": 2847.29052734375,
	"best_valid_main_acc": 0.5338827967643738,
	"best_valid_main_smin_acc": 0.5037664771080017,
	"best_valid_main_pdelta": 0.1402420699596405,
	"best_train_main_random_metric": 2874.3779296875
}