{
	"best_train_main_metric": 12009.974609375,
	"best_valid_main_acc": 0.4761904776096344,
	"best_valid_main_smin_acc": 0.46296295523643494,
	"best_valid_main_pdelta": 0.03709542751312256,
	"best_train_main_random_metric": 1.9797337055206299
}