{
	"best_train_main_metric": 1.4715728759765625,
	"best_valid_main_acc": 0.8899999856948853,
	"best_valid_main_smin_acc": 0.1666666716337204,
	"best_valid_main_pdelta": 0.4693659543991089,
	"best_train_main_random_metric": 25583.474609375
}