{
	"best_train_main_metric": 4614.2783203125,
	"best_valid_main_acc": 0.7032967209815979,
	"best_valid_main_smin_acc": 0.24153167009353638,
	"best_valid_main_pdelta": 0.043886393308639526,
	"best_train_main_random_metric": 5907.64501953125
}