{
	"best_train_main_metric": 3002.59130859375,
	"best_valid_main_acc": 0.48885220289230347,
	"best_valid_main_smin_acc": 0.4406779706478119,
	"best_valid_main_pdelta": 0.0010194462956860662,
	"best_train_main_random_metric": 3012.688720703125
}