{
	"best_train_main_metric": 0.01538984663784504,
	"best_valid_main_acc": 0.9125683307647705,
	"best_valid_main_smin_acc": 0.5,
	"best_valid_main_pdelta": 0.1307498663663864,
	"best_train_main_random_metric": 12033.3447265625
}