{
	"best_train_main_metric": 0.016104556620121002,
	"best_valid_main_acc": 0.9089252948760986,
	"best_valid_main_smin_acc": 0.5,
	"best_valid_main_pdelta": 0.13561438024044037,
	"best_train_main_random_metric": 12077.17578125
}