{
	"best_train_main_metric": 16106.2529296875,
	"best_valid_main_acc": 0.4993565082550049,
	"best_valid_main_smin_acc": 0.40692639350891113,
	"best_valid_main_pdelta": 0.05127629637718201,
	"best_train_main_random_metric": 2.8746955394744873
}