{
	"best_train_main_metric": 4890.794921875,
	"best_valid_main_acc": 0.6776556968688965,
	"best_valid_main_smin_acc": 0.2272000014781952,
	"best_valid_main_pdelta": 0.003706987015902996,
	"best_train_main_random_metric": 5606.431640625
}