{
	"best_train_main_metric": 10551.7763671875,
	"best_valid_main_acc": 0.5173041820526123,
	"best_valid_main_smin_acc": 0.5,
	"best_valid_main_pdelta": 0.07307162135839462,
	"best_train_main_random_metric": 0.07359781116247177
}