{
	"best_train_main_metric": 736.54736328125,
	"best_valid_main_acc": 0.7574750781059265,
	"best_valid_main_smin_acc": 0.550000011920929,
	"best_valid_main_pdelta": 0.04320089891552925,
	"best_train_main_random_metric": 738.027099609375
}