{
	"best_train_main_metric": 481.0519104003906,
	"best_valid_main_acc": 0.8421927094459534,
	"best_valid_main_smin_acc": 0.550000011920929,
	"best_valid_main_pdelta": 0.06417667865753174,
	"best_train_main_random_metric": 2704.771240234375
}