{
	"best_train_main_metric": 1.4694476127624512,
	"best_valid_main_acc": 0.8637873530387878,
	"best_valid_main_smin_acc": 0.36666667461395264,
	"best_valid_main_pdelta": 0.1453094780445099,
	"best_train_main_random_metric": 11969.8056640625
}