{
	"best_train_main_metric": 21273.140625,
	"best_valid_main_acc": 0.4962840676307678,
	"best_valid_main_smin_acc": 0.5254237055778503,
	"best_valid_main_pdelta": 0.44854652881622314,
	"best_train_main_random_metric": 17.323402404785156
}