{
	"best_train_main_metric": 1.482622504234314,
	"best_valid_main_acc": 0.8770763874053955,
	"best_valid_main_smin_acc": 0.3499999940395355,
	"best_valid_main_pdelta": 0.19149531424045563,
	"best_train_main_random_metric": 12073.490234375
}