{
	"best_train_main_metric": 3.780559778213501,
	"best_valid_main_acc": 0.7977142930030823,
	"best_valid_main_smin_acc": 0.7945205569267273,
	"best_valid_main_pdelta": 0.016712620854377747,
	"best_train_main_random_metric": 17135.029296875
}