{
	"best_train_main_metric": 3.355304002761841,
	"best_valid_main_acc": 0.8148571252822876,
	"best_valid_main_smin_acc": 0.8196346759796143,
	"best_valid_main_pdelta": 0.016690116375684738,
	"best_train_main_random_metric": 19690.015625
}