{
	"best_train_main_metric": 407.7998962402344,
	"best_valid_main_acc": 0.7235022783279419,
	"best_valid_main_smin_acc": 0.16981132328510284,
	"best_valid_main_pdelta": 0.29176294803619385,
	"best_train_main_random_metric": 571.8328857421875
}