{
	"best_train_main_metric": 519.933837890625,
	"best_valid_main_acc": 0.5760368704795837,
	"best_valid_main_smin_acc": 0.8372092843055725,
	"best_valid_main_pdelta": 0.00639475230127573,
	"best_train_main_random_metric": 555.9758911132812
}