{
	"best_train_main_metric": 1150.13720703125,
	"best_valid_main_acc": 0.7850707769393921,
	"best_valid_main_smin_acc": 0.7532467246055603,
	"best_valid_main_pdelta": 0.003183785593137145,
	"best_train_main_random_metric": 2354.533935546875
}