{
	"best_train_main_metric": 979.8153686523438,
	"best_valid_main_acc": 0.7747747898101807,
	"best_valid_main_smin_acc": 0.6926407217979431,
	"best_valid_main_pdelta": 0.022093255072832108,
	"best_train_main_random_metric": 978.6665649414062
}