{
	"best_train_main_metric": 7505.37646484375,
	"best_valid_main_acc": 0.4263038635253906,
	"best_valid_main_smin_acc": 0.6666666865348816,
	"best_valid_main_pdelta": 0.03844049200415611,
	"best_train_main_random_metric": 0.20637160539627075
}