{
	"best_train_main_metric": 5418.21533203125,
	"best_valid_main_acc": 0.4922161102294922,
	"best_valid_main_smin_acc": 0.49400922656059265,
	"best_valid_main_pdelta": 0.00014153195661492646,
	"best_train_main_random_metric": 5418.03857421875
}