{
	"best_train_main_metric": 4731.39599609375,
	"best_valid_main_acc": 0.5938644409179688,
	"best_valid_main_smin_acc": 0.5751152038574219,
	"best_valid_main_pdelta": 0.13120220601558685,
	"best_train_main_random_metric": 5193.14306640625
}