{
	"best_train_main_metric": 3873.888671875,
	"best_valid_main_acc": 0.5086482763290405,
	"best_valid_main_smin_acc": 0.4773218035697937,
	"best_valid_main_pdelta": 0.0031219145748764277,
	"best_train_main_random_metric": 3867.357666015625
}