{
	"best_train_main_metric": 346.36669921875,
	"best_valid_main_acc": 0.8597449660301208,
	"best_valid_main_smin_acc": 0.5,
	"best_valid_main_pdelta": 0.02339223586022854,
	"best_train_main_random_metric": 2523.311279296875
}