{
	"best_train_main_metric": 677.181884765625,
	"best_valid_main_acc": 0.8961748480796814,
	"best_valid_main_smin_acc": 0.375,
	"best_valid_main_pdelta": 0.059471528977155685,
	"best_train_main_random_metric": 677.3151245117188
}