{
	"best_train_main_metric": 3968.302490234375,
	"best_valid_main_acc": 0.6822344064712524,
	"best_valid_main_smin_acc": 0.14462080597877502,
	"best_valid_main_pdelta": 0.33046942949295044,
	"best_train_main_random_metric": 9770.9169921875
}