{
	"best_train_main_metric": 4070.939697265625,
	"best_valid_main_acc": 0.6836080551147461,
	"best_valid_main_smin_acc": 0.11992945522069931,
	"best_valid_main_pdelta": 0.3088874816894531,
	"best_train_main_random_metric": 9645.8291015625
}