{
	"best_train_main_metric": 385.9919738769531,
	"best_valid_main_acc": 0.868852436542511,
	"best_valid_main_smin_acc": 0.3333333432674408,
	"best_valid_main_pdelta": 0.025874190032482147,
	"best_train_main_random_metric": 2405.4130859375
}