{
	"best_train_main_metric": 687.5418090820312,
	"best_valid_main_acc": 0.8779599070549011,
	"best_valid_main_smin_acc": 0.0,
	"best_valid_main_pdelta": 0.08707132190465927,
	"best_train_main_random_metric": 691.211181640625
}