{
	"best_train_main_metric": 336.7049255371094,
	"best_valid_main_acc": 0.8202764987945557,
	"best_valid_main_smin_acc": 0.40816327929496765,
	"best_valid_main_pdelta": 0.05273505672812462,
	"best_train_main_random_metric": 567.7771606445312
}