{
	"best_train_main_metric": 680.27099609375,
	"best_valid_main_acc": 0.881602942943573,
	"best_valid_main_smin_acc": 0.25,
	"best_valid_main_pdelta": 0.08962951600551605,
	"best_train_main_random_metric": 680.8409423828125
}