{
	"best_train_main_metric": 244.87086486816406,
	"best_valid_main_acc": 0.9326047301292419,
	"best_valid_main_smin_acc": 0.375,
	"best_valid_main_pdelta": 0.1180107593536377,
	"best_train_main_random_metric": 2802.446533203125
}