{
	"best_train_main_metric": 4879.49609375,
	"best_valid_main_acc": 0.6153846383094788,
	"best_valid_main_smin_acc": 0.5804829001426697,
	"best_valid_main_pdelta": 0.11506234854459763,
	"best_train_main_random_metric": 5363.76513671875
}