{
	"best_train_main_metric": 1366.869140625,
	"best_valid_main_acc": 0.8209090828895569,
	"best_valid_main_smin_acc": 0.4444444477558136,
	"best_valid_main_pdelta": 0.21705922484397888,
	"best_train_main_random_metric": 1388.0699462890625
}