{
	"best_train_main_metric": 48.09486770629883,
	"best_valid_main_acc": 0.6900182962417603,
	"best_valid_main_smin_acc": 0.6642402410507202,
	"best_valid_main_pdelta": 0.5023654103279114,
	"best_train_main_random_metric": 31542.791015625
}