{
	"best_train_main_metric": 386.867919921875,
	"best_valid_main_acc": 0.7695852518081665,
	"best_valid_main_smin_acc": 0.37837839126586914,
	"best_valid_main_pdelta": 0.2842644155025482,
	"best_train_main_random_metric": 615.2376708984375
}