{
	"best_train_main_metric": 1164.207763671875,
	"best_valid_main_acc": 0.6769230961799622,
	"best_valid_main_smin_acc": 0.6497326493263245,
	"best_valid_main_pdelta": 0.019213376566767693,
	"best_train_main_random_metric": 1163.5390625
}