{
	"best_train_main_metric": 69.81957244873047,
	"best_valid_main_acc": 0.6863552927970886,
	"best_valid_main_smin_acc": 0.674610435962677,
	"best_valid_main_pdelta": 0.43976905941963196,
	"best_train_main_random_metric": 35894.57421875
}