{
	"best_train_main_metric": 10841.40625,
	"best_valid_main_acc": 0.48087432980537415,
	"best_valid_main_smin_acc": 0.5,
	"best_valid_main_pdelta": 0.07783810049295425,
	"best_train_main_random_metric": 2.872208595275879
}