{
	"best_train_main_metric": 845.8297119140625,
	"best_valid_main_acc": 0.7304860353469849,
	"best_valid_main_smin_acc": 0.4656488597393036,
	"best_valid_main_pdelta": 0.04157261550426483,
	"best_train_main_random_metric": 848.2966918945312
}