{
	"best_train_main_metric": 851.7147827148438,
	"best_valid_main_acc": 0.7673048377037048,
	"best_valid_main_smin_acc": 0.6870229244232178,
	"best_valid_main_pdelta": 0.006056861020624638,
	"best_train_main_random_metric": 2837.876708984375
}