{
	"best_train_main_metric": 23589.494140625,
	"best_valid_main_acc": 0.5137362480163574,
	"best_valid_main_smin_acc": 0.4951724112033844,
	"best_valid_main_pdelta": 0.4530754089355469,
	"best_train_main_random_metric": 66.97667694091797
}