{
	"best_train_main_metric": 705.794677734375,
	"best_valid_main_acc": 0.8925318717956543,
	"best_valid_main_smin_acc": 0.20000000298023224,
	"best_valid_main_pdelta": 0.08365622907876968,
	"best_train_main_random_metric": 706.87353515625
}