{
	"best_train_main_metric": 704.9586791992188,
	"best_valid_main_acc": 0.8834244012832642,
	"best_valid_main_smin_acc": 0.20000000298023224,
	"best_valid_main_pdelta": 0.07767558842897415,
	"best_train_main_random_metric": 707.7757568359375
}