{
	"best_train_main_metric": 4660.986328125,
	"best_valid_main_acc": 0.6529303789138794,
	"best_valid_main_smin_acc": 0.2148900181055069,
	"best_valid_main_pdelta": 0.19385796785354614,
	"best_train_main_random_metric": 5258.5595703125
}