{
	"best_train_main_metric": 17055.548828125,
	"best_valid_main_acc": 0.4879120886325836,
	"best_valid_main_smin_acc": 0.4615384638309479,
	"best_valid_main_pdelta": 0.05269245430827141,
	"best_train_main_random_metric": 11.094775199890137
}