{
	"best_train_main_metric": 20290.236328125,
	"best_valid_main_acc": 0.5065934062004089,
	"best_valid_main_smin_acc": 0.5014244914054871,
	"best_valid_main_pdelta": 0.051751431077718735,
	"best_train_main_random_metric": 2.8549797534942627
}