{
	"best_train_main_metric": 76.47166442871094,
	"best_valid_main_acc": 0.692307710647583,
	"best_valid_main_smin_acc": 0.665444552898407,
	"best_valid_main_pdelta": 0.46630990505218506,
	"best_train_main_random_metric": 34104.78125
}