{
	"best_train_main_metric": 4.039516448974609,
	"best_valid_main_acc": 0.8166804313659668,
	"best_valid_main_smin_acc": 0.4150943458080292,
	"best_valid_main_pdelta": 0.47748279571533203,
	"best_train_main_random_metric": 22489.357421875
}