{
	"best_train_main_metric": 1.9476914405822754,
	"best_valid_main_acc": 0.7736757397651672,
	"best_valid_main_smin_acc": 0.7182320356369019,
	"best_valid_main_pdelta": 0.038831278681755066,
	"best_train_main_random_metric": 12783.2734375
}