{
	"best_train_main_metric": 5416.50048828125,
	"best_valid_main_acc": 0.5050366520881653,
	"best_valid_main_smin_acc": 0.5,
	"best_valid_main_pdelta": 3.640686685457695e-08,
	"best_train_main_random_metric": 5416.49951171875
}