{
	"best_train_main_metric": 12446.1484375,
	"best_valid_main_acc": 0.522522509098053,
	"best_valid_main_smin_acc": 0.5364806652069092,
	"best_valid_main_pdelta": 0.04533541575074196,
	"best_train_main_random_metric": 8.837419509887695
}