{
	"best_train_main_metric": 12083.5390625,
	"best_valid_main_acc": 0.5006434917449951,
	"best_valid_main_smin_acc": 0.5708154439926147,
	"best_valid_main_pdelta": 0.042347073554992676,
	"best_train_main_random_metric": 10.475127220153809
}