{
	"best_train_main_metric": 733.9127197265625,
	"best_valid_main_acc": 0.815614640712738,
	"best_valid_main_smin_acc": 0.3166666626930237,
	"best_valid_main_pdelta": 0.0765875056385994,
	"best_train_main_random_metric": 743.7301635742188
}