{
	"best_train_main_metric": 492.4003601074219,
	"best_valid_main_acc": 0.5622119903564453,
	"best_valid_main_smin_acc": 0.7599999904632568,
	"best_valid_main_pdelta": 0.03113989718258381,
	"best_train_main_random_metric": 568.7940673828125
}