{
	"best_train_main_metric": 316.6927795410156,
	"best_valid_main_acc": 0.7557603716850281,
	"best_valid_main_smin_acc": 0.09756097197532654,
	"best_valid_main_pdelta": 0.5742020010948181,
	"best_train_main_random_metric": 966.7244262695312
}