{
	"best_train_main_metric": 10778.580078125,
	"best_valid_main_acc": 0.5184590816497803,
	"best_valid_main_smin_acc": 0.40883979201316833,
	"best_valid_main_pdelta": 0.02920009382069111,
	"best_train_main_random_metric": 3.5365800857543945
}