{
	"best_train_main_metric": 10962.029296875,
	"best_valid_main_acc": 0.5056179761886597,
	"best_valid_main_smin_acc": 0.45303866267204285,
	"best_valid_main_pdelta": 0.022544341161847115,
	"best_train_main_random_metric": 3.6056745052337646
}