{
	"best_train_main_metric": 4385.96240234375,
	"best_valid_main_acc": 0.7289377450942993,
	"best_valid_main_smin_acc": 0.4419191777706146,
	"best_valid_main_pdelta": 0.06256300956010818,
	"best_train_main_random_metric": 6211.54833984375
}