{
	"best_train_main_metric": 4010.865478515625,
	"best_valid_main_acc": 0.6744505763053894,
	"best_valid_main_smin_acc": 0.5754527449607849,
	"best_valid_main_pdelta": 0.18246470391750336,
	"best_train_main_random_metric": 7125.0322265625
}