{
	"best_train_main_metric": 4204.689453125,
	"best_valid_main_acc": 0.651098906993866,
	"best_valid_main_smin_acc": 0.5331991910934448,
	"best_valid_main_pdelta": 0.18532170355319977,
	"best_train_main_random_metric": 6832.2060546875
}