{
	"best_train_main_metric": 4488.68212890625,
	"best_valid_main_acc": 0.7055860757827759,
	"best_valid_main_smin_acc": 0.40740740299224854,
	"best_valid_main_pdelta": 0.15345799922943115,
	"best_train_main_random_metric": 6839.0048828125
}