{
	"best_train_main_metric": 3775.934814453125,
	"best_valid_main_acc": 0.6497252583503723,
	"best_valid_main_smin_acc": 0.39259257912635803,
	"best_valid_main_pdelta": 0.25851064920425415,
	"best_train_main_random_metric": 9546.4130859375
}