{
	"best_train_main_metric": 448.19970703125,
	"best_valid_main_acc": 0.6682027578353882,
	"best_valid_main_smin_acc": 0.20000000298023224,
	"best_valid_main_pdelta": 0.22930680215358734,
	"best_train_main_random_metric": 555.6655883789062
}