{
	"best_train_main_metric": 503.8011779785156,
	"best_valid_main_acc": 0.5944700241088867,
	"best_valid_main_smin_acc": 0.7272727489471436,
	"best_valid_main_pdelta": 0.006569025572389364,
	"best_train_main_random_metric": 557.3532104492188
}