{
	"best_train_main_metric": 1661.4324951171875,
	"best_valid_main_acc": 0.7267399430274963,
	"best_valid_main_smin_acc": 0.4982078969478607,
	"best_valid_main_pdelta": 0.22331677377223969,
	"best_train_main_random_metric": 1681.9405517578125
}