{
	"best_train_main_metric": 2373.925537109375,
	"best_valid_main_acc": 0.7677655816078186,
	"best_valid_main_smin_acc": 0.5390070676803589,
	"best_valid_main_pdelta": 0.09293656796216965,
	"best_train_main_random_metric": 3575.005126953125
}