{
	"best_train_main_metric": 17591.193359375,
	"best_valid_main_acc": 0.45274725556373596,
	"best_valid_main_smin_acc": 0.46524062752723694,
	"best_valid_main_pdelta": 0.0721382424235344,
	"best_train_main_random_metric": 3.023444175720215
}