{
	"best_train_main_metric": 18483.39453125,
	"best_valid_main_acc": 0.48461538553237915,
	"best_valid_main_smin_acc": 0.5213903784751892,
	"best_valid_main_pdelta": 0.06548305600881577,
	"best_train_main_random_metric": 3.313251256942749
}