{
	"best_train_main_metric": 12091.064453125,
	"best_valid_main_acc": 0.5139911770820618,
	"best_valid_main_smin_acc": 0.49618321657180786,
	"best_valid_main_pdelta": 0.057024016976356506,
	"best_train_main_random_metric": 3.0570802688598633
}