{
	"best_train_main_metric": 846.3772583007812,
	"best_valid_main_acc": 0.7481590509414673,
	"best_valid_main_smin_acc": 0.4885496199131012,
	"best_valid_main_pdelta": 0.034361738711595535,
	"best_train_main_random_metric": 848.2723388671875
}