{
	"best_train_main_metric": 597.590087890625,
	"best_valid_main_acc": 0.4377880096435547,
	"best_valid_main_smin_acc": 0.6399999856948853,
	"best_valid_main_pdelta": 0.11472178250551224,
	"best_train_main_random_metric": 483.8101501464844
}