{
	"best_train_main_metric": 21.227380752563477,
	"best_valid_main_acc": 0.7354260087013245,
	"best_valid_main_smin_acc": 0.5489795804023743,
	"best_valid_main_pdelta": 0.45449137687683105,
	"best_train_main_random_metric": 30408.6015625
}