{
	"best_train_main_metric": 13816.6787109375,
	"best_valid_main_acc": 0.5198822021484375,
	"best_valid_main_smin_acc": 0.5277777910232544,
	"best_valid_main_pdelta": 0.05996675416827202,
	"best_train_main_random_metric": 2.2788777351379395
}