{
	"best_train_main_metric": 15849.09375,
	"best_valid_main_acc": 0.49189984798431396,
	"best_valid_main_smin_acc": 0.4930555522441864,
	"best_valid_main_pdelta": 0.04857010021805763,
	"best_train_main_random_metric": 1.481707215309143
}