{
	"best_train_main_metric": 5416.50048828125,
	"best_valid_main_acc": 0.5050366520881653,
	"best_valid_main_smin_acc": 0.5,
	"best_valid_main_pdelta": 5.9099736660073177e-08,
	"best_train_main_random_metric": 5416.5009765625
}