{
	"best_train_main_metric": 22261.3046875,
	"best_valid_main_acc": 0.5135531425476074,
	"best_valid_main_smin_acc": 0.532567024230957,
	"best_valid_main_pdelta": 0.4295465648174286,
	"best_train_main_random_metric": 17.901790618896484
}