{
	"best_train_main_metric": 685.8050537109375,
	"best_valid_main_acc": 0.8506374955177307,
	"best_valid_main_smin_acc": 0.1666666716337204,
	"best_valid_main_pdelta": 0.0649387538433075,
	"best_train_main_random_metric": 689.7828979492188
}