{
	"best_train_main_metric": 398.27081298828125,
	"best_valid_main_acc": 0.8451730608940125,
	"best_valid_main_smin_acc": 0.6666666865348816,
	"best_valid_main_pdelta": 0.023356448858976364,
	"best_train_main_random_metric": 2599.42431640625
}